source,target,weight
012f6b98-9fad-4022-bbf9-edb9c7138a0f,016247cb-6d9f-408a-9581-ae3769016076,1
012f6b98-9fad-4022-bbf9-edb9c7138a0f,0442fb6c-8441-4292-a275-5f701a223cfc,1
012f6b98-9fad-4022-bbf9-edb9c7138a0f,06e42e42-dbc8-4ccd-ac29-880d2ba1d05f,3
012f6b98-9fad-4022-bbf9-edb9c7138a0f,09155809-0b6e-4f9f-a75b-026aa4b35588,2
012f6b98-9fad-4022-bbf9-edb9c7138a0f,0ac5a30c-b25b-41cf-97ce-b3c1b3687202,1
012f6b98-9fad-4022-bbf9-edb9c7138a0f,0d036fcf-a456-4798-9b76-3f44eb74a451,8
012f6b98-9fad-4022-bbf9-edb9c7138a0f,0ea8e29d-3bfe-4982-8594-9350b527d553,110
012f6b98-9fad-4022-bbf9-edb9c7138a0f,10870c31-0253-4fa0-a2bc-1a6d3c553028,13
012f6b98-9fad-4022-bbf9-edb9c7138a0f,15959521-3e16-4fdb-be6b-36f0b0504e6d,7
012f6b98-9fad-4022-bbf9-edb9c7138a0f,1c16919b-5c3f-486c-9cc7-bdd00e29e9a4,17
012f6b98-9fad-4022-bbf9-edb9c7138a0f,1e4f3007-3e72-4135-80e0-238966189fd4,13
012f6b98-9fad-4022-bbf9-edb9c7138a0f,202e3325-7f81-4c5a-8aee-386a4bcd87e2,15
012f6b98-9fad-4022-bbf9-edb9c7138a0f,2690bccc-5463-459a-b1df-cb93e222b348,8
012f6b98-9fad-4022-bbf9-edb9c7138a0f,26f7a84e-45c7-4a94-94a2-f00a20c201aa,1
012f6b98-9fad-4022-bbf9-edb9c7138a0f,299782b9-b45f-4cd6-b1db-abee2be08d81,2
012f6b98-9fad-4022-bbf9-edb9c7138a0f,2b533923-83a2-4ac6-b497-934a549b50ab,4
012f6b98-9fad-4022-bbf9-edb9c7138a0f,2e1211a4-9506-4dbe-ab15-1b881bb87074,16
012f6b98-9fad-4022-bbf9-edb9c7138a0f,337a0873-453c-459f-99c7-2726975a71da,1
012f6b98-9fad-4022-bbf9-edb9c7138a0f,36ff4d40-ec26-4ba3-9370-3ec3b73c42ff,2
012f6b98-9fad-4022-bbf9-edb9c7138a0f,397c857a-fda0-414d-8fdc-8288cd3284aa,1
012f6b98-9fad-4022-bbf9-edb9c7138a0f,3983584c-76b6-4a70-9040-dadc84949e88,4
012f6b98-9fad-4022-bbf9-edb9c7138a0f,3c3a7304-0f4d-4b1f-a953-a6515b8b7670,8
012f6b98-9fad-4022-bbf9-edb9c7138a0f,44081df1-828e-4d79-bd27-261be38f66f1,2
012f6b98-9fad-4022-bbf9-edb9c7138a0f,446e3e45-8e03-4f8d-bb52-ea092634378f,4
012f6b98-9fad-4022-bbf9-edb9c7138a0f,49be3576-cea3-46c0-87eb-89beb108248d,11
012f6b98-9fad-4022-bbf9-edb9c7138a0f,4d6bf62d-9d27-49b5-b00f-254d6ff6e4e1,1
012f6b98-9fad-4022-bbf9-edb9c7138a0f,4eacd971-8961-4956-b73b-7de0745de280,2
012f6b98-9fad-4022-bbf9-edb9c7138a0f,58e27c9a-59be-407b-8213-714cf1d3acc4,18
012f6b98-9fad-4022-bbf9-edb9c7138a0f,5a2cb9b8-4a4c-4860-8793-59da092434b6,5
012f6b98-9fad-4022-bbf9-edb9c7138a0f,5d54939f-2da7-4ca6-b159-4ef344336b21,38
012f6b98-9fad-4022-bbf9-edb9c7138a0f,64522cbc-a297-4c67-a204-1e31deb91f68,1
012f6b98-9fad-4022-bbf9-edb9c7138a0f,68a869d7-3216-4208-9b57-e87405a11abb,1
012f6b98-9fad-4022-bbf9-edb9c7138a0f,6bfaf570-5b6f-41e1-baf2-b833f6203513,10
012f6b98-9fad-4022-bbf9-edb9c7138a0f,6d33b9bc-7d3a-4a60-b2d7-c2b70cd11ab1,2
012f6b98-9fad-4022-bbf9-edb9c7138a0f,71cbc21c-4e36-4df7-9f58-e15a1c1f162c,54
012f6b98-9fad-4022-bbf9-edb9c7138a0f,74c13ffe-54e0-4cfd-a5fd-f21de61a0995,7
012f6b98-9fad-4022-bbf9-edb9c7138a0f,75a44c3a-5914-4c8e-9ca4-d987853f5844,112
012f6b98-9fad-4022-bbf9-edb9c7138a0f,762e0f40-f100-4896-85a2-b1d8818fae41,27
012f6b98-9fad-4022-bbf9-edb9c7138a0f,77c541d2-49e3-483f-869d-134df420c5ea,4
012f6b98-9fad-4022-bbf9-edb9c7138a0f,7897cad0-5099-4630-9311-65cc01450063,8
012f6b98-9fad-4022-bbf9-edb9c7138a0f,819764fa-3a17-467b-8327-30899ed083b6,32
012f6b98-9fad-4022-bbf9-edb9c7138a0f,8711c928-b30d-4859-b091-74678ca63e5b,15
012f6b98-9fad-4022-bbf9-edb9c7138a0f,88bf9f29-aa91-4ddd-ad2d-b73dfe6706ef,1
012f6b98-9fad-4022-bbf9-edb9c7138a0f,89d70a20-bd10-46ed-866a-2c79362a0559,15
012f6b98-9fad-4022-bbf9-edb9c7138a0f,8f81c0fd-e9cc-42ad-8e93-7bb0456955d3,2
012f6b98-9fad-4022-bbf9-edb9c7138a0f,935fc903-0272-4f85-84e7-6c22aa9710f3,8
012f6b98-9fad-4022-bbf9-edb9c7138a0f,98aa8bde-85b0-49ed-9795-e2eeb206e3b8,33
012f6b98-9fad-4022-bbf9-edb9c7138a0f,9ab41898-332f-4c08-a834-d58b4669c990,12
012f6b98-9fad-4022-bbf9-edb9c7138a0f,9b13c8c8-eba4-411e-b095-858e352d3178,11
012f6b98-9fad-4022-bbf9-edb9c7138a0f,9bf12da8-39ea-4505-9500-764bc440cfc9,7
012f6b98-9fad-4022-bbf9-edb9c7138a0f,a04d4b85-56f0-448f-b5e8-28b5340af204,1
012f6b98-9fad-4022-bbf9-edb9c7138a0f,a1877608-2b03-4620-b854-d57de44cd52e,13
012f6b98-9fad-4022-bbf9-edb9c7138a0f,a59b540b-1460-4aa0-b9ce-19356f87c77e,1
012f6b98-9fad-4022-bbf9-edb9c7138a0f,a8e4581d-5186-4367-95c5-0a754c60b276,11
012f6b98-9fad-4022-bbf9-edb9c7138a0f,a901d2d2-35f6-4341-bbfb-38e5d9b21d07,2
012f6b98-9fad-4022-bbf9-edb9c7138a0f,ab15ce32-a527-4526-a5b2-0f2cdb92feeb,5
012f6b98-9fad-4022-bbf9-edb9c7138a0f,ab97f146-7308-4a7e-9197-2ef5ee467a95,2
012f6b98-9fad-4022-bbf9-edb9c7138a0f,b221afb0-2758-4ace-846a-7bfc33389ad6,6
012f6b98-9fad-4022-bbf9-edb9c7138a0f,b29c0e00-7ac2-4c28-ab4f-8fceb156337b,14
012f6b98-9fad-4022-bbf9-edb9c7138a0f,b4fdf408-8296-4d14-9e95-b4b96dc20751,1
012f6b98-9fad-4022-bbf9-edb9c7138a0f,b50b3f0b-afc8-46e5-bfda-cb60e2935a5a,1
012f6b98-9fad-4022-bbf9-edb9c7138a0f,ba21eb65-8546-40e5-a425-0d228d0eaeac,21
012f6b98-9fad-4022-bbf9-edb9c7138a0f,bb3a9cf3-6f64-4092-85a1-4318244ee603,3
012f6b98-9fad-4022-bbf9-edb9c7138a0f,bb6801d4-f671-4ade-aa86-29aa89373dd9,10
012f6b98-9fad-4022-bbf9-edb9c7138a0f,bf030048-0434-42f1-bbed-8b0c04014db4,10
012f6b98-9fad-4022-bbf9-edb9c7138a0f,c0d8ed4a-ec11-48e2-a468-6cd93327305b,14
012f6b98-9fad-4022-bbf9-edb9c7138a0f,c3b1dca8-2cb4-4025-9527-36163a098c1f,4
012f6b98-9fad-4022-bbf9-edb9c7138a0f,c8935902-45d6-45d6-ac31-77bc0e143154,18
012f6b98-9fad-4022-bbf9-edb9c7138a0f,cabae19e-836c-48c4-903e-7357789f9260,3
012f6b98-9fad-4022-bbf9-edb9c7138a0f,ccea26dd-dcae-4174-8945-ec5cb568e951,58
012f6b98-9fad-4022-bbf9-edb9c7138a0f,cefbf19c-653b-4af7-84a6-e17fba0e4a70,3
012f6b98-9fad-4022-bbf9-edb9c7138a0f,d07ef52c-cc10-4445-a3a1-dfe50371f110,41
012f6b98-9fad-4022-bbf9-edb9c7138a0f,d1bb566e-a111-43b7-8856-273ebac1f753,2
012f6b98-9fad-4022-bbf9-edb9c7138a0f,d53f00ee-a955-434a-b636-f07d79859c49,17
012f6b98-9fad-4022-bbf9-edb9c7138a0f,dae67415-1ed1-4464-a59e-75170eb1925d,54
012f6b98-9fad-4022-bbf9-edb9c7138a0f,dc9f60e4-e1a4-487b-a002-40b3c77ba896,24
012f6b98-9fad-4022-bbf9-edb9c7138a0f,ee32e8d2-aa15-4603-901e-2cc3c72e9ead,28
012f6b98-9fad-4022-bbf9-edb9c7138a0f,efd89dff-2cde-4afc-ab14-e4f9795d1407,1
012f6b98-9fad-4022-bbf9-edb9c7138a0f,fa4d473c-e553-439e-8f53-ca5f2b203dbd,12
012f6b98-9fad-4022-bbf9-edb9c7138a0f,face7642-1fd8-4ec1-a909-c2579b0bd8d2,5
012f6b98-9fad-4022-bbf9-edb9c7138a0f,fd544ce8-6d2a-4d79-81e0-c240fcf1776e,1
012f6b98-9fad-4022-bbf9-edb9c7138a0f,fdc445bd-f8fe-4cfc-b387-7fd66a181674,2
0137f25d-849f-428a-b69b-822301b2274e,16596afa-9e56-4d0a-a715-f40592825937,2
0137f25d-849f-428a-b69b-822301b2274e,1bdd5fcc-6231-4781-a4b6-413ae942af01,2
0137f25d-849f-428a-b69b-822301b2274e,9b13c8c8-eba4-411e-b095-858e352d3178,2
016247cb-6d9f-408a-9581-ae3769016076,0314d9fa-9128-48ac-acdf-308380c77dde,1
016247cb-6d9f-408a-9581-ae3769016076,0442fb6c-8441-4292-a275-5f701a223cfc,4
016247cb-6d9f-408a-9581-ae3769016076,06e42e42-dbc8-4ccd-ac29-880d2ba1d05f,10
016247cb-6d9f-408a-9581-ae3769016076,09155809-0b6e-4f9f-a75b-026aa4b35588,7
016247cb-6d9f-408a-9581-ae3769016076,0ae6735e-4b1b-4302-a20e-bbe5b72155c3,11
016247cb-6d9f-408a-9581-ae3769016076,0d036fcf-a456-4798-9b76-3f44eb74a451,5
016247cb-6d9f-408a-9581-ae3769016076,0d70272a-5caf-4f32-aecb-76277e55999f,4
016247cb-6d9f-408a-9581-ae3769016076,16596afa-9e56-4d0a-a715-f40592825937,15
016247cb-6d9f-408a-9581-ae3769016076,16be6093-7884-4d00-ae31-70dc7062f57a,12
016247cb-6d9f-408a-9581-ae3769016076,196d0048-0369-4786-ba81-bda9da8c3636,1
016247cb-6d9f-408a-9581-ae3769016076,197b435e-29b1-4b69-8c6a-b38bc44ffce3,4
016247cb-6d9f-408a-9581-ae3769016076,1b59d69d-89a1-42c3-b5bf-52f38c39d88d,30
016247cb-6d9f-408a-9581-ae3769016076,1bdd5fcc-6231-4781-a4b6-413ae942af01,4
016247cb-6d9f-408a-9581-ae3769016076,1c16919b-5c3f-486c-9cc7-bdd00e29e9a4,13
016247cb-6d9f-408a-9581-ae3769016076,1c889902-6ede-427c-8682-000f683fffaa,41
016247cb-6d9f-408a-9581-ae3769016076,1e4f3007-3e72-4135-80e0-238966189fd4,1
016247cb-6d9f-408a-9581-ae3769016076,238396aa-d91b-46ee-a7e9-301e9ac7bd7e,2
016247cb-6d9f-408a-9581-ae3769016076,2538ca6a-8254-4c7e-af71-a20db82afd30,4
016247cb-6d9f-408a-9581-ae3769016076,2690bccc-5463-459a-b1df-cb93e222b348,13
016247cb-6d9f-408a-9581-ae3769016076,299782b9-b45f-4cd6-b1db-abee2be08d81,8
016247cb-6d9f-408a-9581-ae3769016076,2b533923-83a2-4ac6-b497-934a549b50ab,1
016247cb-6d9f-408a-9581-ae3769016076,36ff4d40-ec26-4ba3-9370-3ec3b73c42ff,27
016247cb-6d9f-408a-9581-ae3769016076,388e72cf-63dd-4839-9ce7-5491b6bdcfd8,13
016247cb-6d9f-408a-9581-ae3769016076,3c3a7304-0f4d-4b1f-a953-a6515b8b7670,2
016247cb-6d9f-408a-9581-ae3769016076,3c96ed5d-f7bf-4cae-9ec7-a5a29f5299da,2
016247cb-6d9f-408a-9581-ae3769016076,3e48d4c9-0d66-4b50-9f9c-969b5e314a42,22
016247cb-6d9f-408a-9581-ae3769016076,44081df1-828e-4d79-bd27-261be38f66f1,7
016247cb-6d9f-408a-9581-ae3769016076,49be3576-cea3-46c0-87eb-89beb108248d,2
016247cb-6d9f-408a-9581-ae3769016076,4c3e51e6-9f1e-49cc-a919-f74a8c88343e,46
016247cb-6d9f-408a-9581-ae3769016076,4d13ea1d-c9b6-4313-8ba0-fd040d8a319e,1
016247cb-6d9f-408a-9581-ae3769016076,4d6bf62d-9d27-49b5-b00f-254d6ff6e4e1,2
016247cb-6d9f-408a-9581-ae3769016076,4eacd971-8961-4956-b73b-7de0745de280,4
016247cb-6d9f-408a-9581-ae3769016076,551f9a19-738c-4298-afe1-5ca7959ab74b,45
016247cb-6d9f-408a-9581-ae3769016076,56a86879-60e4-4cdb-b5f1-b66d6d090798,1
016247cb-6d9f-408a-9581-ae3769016076,5ab23e3a-aed4-4713-9214-53336765be9d,6
016247cb-6d9f-408a-9581-ae3769016076,64522cbc-a297-4c67-a204-1e31deb91f68,31
016247cb-6d9f-408a-9581-ae3769016076,64f39510-b420-4b01-8b5e-2b2f2b0aad91,1
016247cb-6d9f-408a-9581-ae3769016076,68a869d7-3216-4208-9b57-e87405a11abb,1
016247cb-6d9f-408a-9581-ae3769016076,6ce9c9e8-daec-4ef0-b975-f372e100d3e6,1
016247cb-6d9f-408a-9581-ae3769016076,6d33b9bc-7d3a-4a60-b2d7-c2b70cd11ab1,4
016247cb-6d9f-408a-9581-ae3769016076,6fc5878e-d76a-4e9d-a4e3-e5ef581bb2ff,4
016247cb-6d9f-408a-9581-ae3769016076,71cbc21c-4e36-4df7-9f58-e15a1c1f162c,1
016247cb-6d9f-408a-9581-ae3769016076,75a44c3a-5914-4c8e-9ca4-d987853f5844,7
016247cb-6d9f-408a-9581-ae3769016076,7dc8c80e-6b9a-47e5-b61f-d57bcb36158f,4
016247cb-6d9f-408a-9581-ae3769016076,819764fa-3a17-467b-8327-30899ed083b6,12
016247cb-6d9f-408a-9581-ae3769016076,8509e44d-0f9b-413a-a2cd-f64d656c3955,1
016247cb-6d9f-408a-9581-ae3769016076,859e1824-cc60-4304-9293-dca932ebbed2,1
016247cb-6d9f-408a-9581-ae3769016076,8711c928-b30d-4859-b091-74678ca63e5b,12
016247cb-6d9f-408a-9581-ae3769016076,88bf9f29-aa91-4ddd-ad2d-b73dfe6706ef,3
016247cb-6d9f-408a-9581-ae3769016076,89d70a20-bd10-46ed-866a-2c79362a0559,5
016247cb-6d9f-408a-9581-ae3769016076,8ba16b4b-5dc1-441e-9229-8bb63c903ce1,4
016247cb-6d9f-408a-9581-ae3769016076,935fc903-0272-4f85-84e7-6c22aa9710f3,8
016247cb-6d9f-408a-9581-ae3769016076,9431dc1b-9891-4d15-aaf1-b98e347c3b46,1
016247cb-6d9f-408a-9581-ae3769016076,97ffe642-648f-4dab-a0e8-0720e96e3e35,2
016247cb-6d9f-408a-9581-ae3769016076,98aa8bde-85b0-49ed-9795-e2eeb206e3b8,6
016247cb-6d9f-408a-9581-ae3769016076,9bf12da8-39ea-4505-9500-764bc440cfc9,14
016247cb-6d9f-408a-9581-ae3769016076,9f0c39d6-4a57-4849-9215-aa1147c7e0f6,18
016247cb-6d9f-408a-9581-ae3769016076,9f855643-68a2-409e-b4fe-81b92547212a,3
016247cb-6d9f-408a-9581-ae3769016076,a04d4b85-56f0-448f-b5e8-28b5340af204,1
016247cb-6d9f-408a-9581-ae3769016076,a8e4581d-5186-4367-95c5-0a754c60b276,27
016247cb-6d9f-408a-9581-ae3769016076,a901d2d2-35f6-4341-bbfb-38e5d9b21d07,3
016247cb-6d9f-408a-9581-ae3769016076,aa0272f6-6e3c-41f7-b040-b774b30d2196,10
016247cb-6d9f-408a-9581-ae3769016076,ab15ce32-a527-4526-a5b2-0f2cdb92feeb,10
016247cb-6d9f-408a-9581-ae3769016076,ab97f146-7308-4a7e-9197-2ef5ee467a95,10
016247cb-6d9f-408a-9581-ae3769016076,ad8654f3-811a-4a63-ab7a-01bf76347caa,2
016247cb-6d9f-408a-9581-ae3769016076,b29c0e00-7ac2-4c28-ab4f-8fceb156337b,2
016247cb-6d9f-408a-9581-ae3769016076,b3230578-426f-4b84-bfe2-6a8136c6a3af,1
016247cb-6d9f-408a-9581-ae3769016076,b41b2403-9f06-4d55-adc5-b0777373ca7e,22
016247cb-6d9f-408a-9581-ae3769016076,b7a52679-bac9-4e00-9dfd-06a22a7cf088,6
016247cb-6d9f-408a-9581-ae3769016076,b8663b71-f92b-4d2b-a06b-f78dba168d98,6
016247cb-6d9f-408a-9581-ae3769016076,b8d002bc-ea6c-4f57-b36e-38415b205e09,4
016247cb-6d9f-408a-9581-ae3769016076,bb3a9cf3-6f64-4092-85a1-4318244ee603,4
016247cb-6d9f-408a-9581-ae3769016076,bb6801d4-f671-4ade-aa86-29aa89373dd9,2
016247cb-6d9f-408a-9581-ae3769016076,bf97025a-1c30-4042-bffe-948027f24e6c,2
016247cb-6d9f-408a-9581-ae3769016076,c0d8ed4a-ec11-48e2-a468-6cd93327305b,22
016247cb-6d9f-408a-9581-ae3769016076,c6e26bd3-724f-45d3-93af-ef431e6fcd42,1
016247cb-6d9f-408a-9581-ae3769016076,c6f061f1-9cb7-4e0a-a281-4fc80527c5d7,5
016247cb-6d9f-408a-9581-ae3769016076,c7822b58-103f-4612-87ef-648be97192c6,64
016247cb-6d9f-408a-9581-ae3769016076,cabae19e-836c-48c4-903e-7357789f9260,1
016247cb-6d9f-408a-9581-ae3769016076,cf4c4d24-798d-4bbe-bf06-23ca674f0d28,2
016247cb-6d9f-408a-9581-ae3769016076,cfb17042-9f10-4e44-99f4-358bad067455,1
016247cb-6d9f-408a-9581-ae3769016076,d07ef52c-cc10-4445-a3a1-dfe50371f110,2
016247cb-6d9f-408a-9581-ae3769016076,d0d8dcbd-4818-4925-a684-13767c7dae0d,4
016247cb-6d9f-408a-9581-ae3769016076,d34e1efc-fbba-4ad8-823a-61bc3f25d580,1
016247cb-6d9f-408a-9581-ae3769016076,d847851a-777b-43c6-83b3-392672659edc,14
016247cb-6d9f-408a-9581-ae3769016076,d89044ef-b7df-4a15-be10-d342fe381664,10
016247cb-6d9f-408a-9581-ae3769016076,e10065e1-776d-4bf3-8669-56788c453079,5
016247cb-6d9f-408a-9581-ae3769016076,e5f316f0-e4e7-4cf0-a064-ed9321737487,3
016247cb-6d9f-408a-9581-ae3769016076,ee32e8d2-aa15-4603-901e-2cc3c72e9ead,10
016247cb-6d9f-408a-9581-ae3769016076,f31cabe4-e1f4-46db-88a9-b46ba44dded4,12
016247cb-6d9f-408a-9581-ae3769016076,fa4d473c-e553-439e-8f53-ca5f2b203dbd,2
016247cb-6d9f-408a-9581-ae3769016076,fb291eb2-962a-482f-971a-0b62673f9a86,3
016247cb-6d9f-408a-9581-ae3769016076,fdc445bd-f8fe-4cfc-b387-7fd66a181674,3
02d6be0f-0377-4293-8835-17004dfce694,03a9cbc5-b47d-45b5-81a4-f926c6a326a8,1
02d6be0f-0377-4293-8835-17004dfce694,07de26f3-a939-4ae4-b7a5-43f868a665d1,2
02d6be0f-0377-4293-8835-17004dfce694,0d036fcf-a456-4798-9b76-3f44eb74a451,2
02d6be0f-0377-4293-8835-17004dfce694,1b59d69d-89a1-42c3-b5bf-52f38c39d88d,4
02d6be0f-0377-4293-8835-17004dfce694,202e3325-7f81-4c5a-8aee-386a4bcd87e2,7
02d6be0f-0377-4293-8835-17004dfce694,238396aa-d91b-46ee-a7e9-301e9ac7bd7e,15
02d6be0f-0377-4293-8835-17004dfce694,299782b9-b45f-4cd6-b1db-abee2be08d81,1
02d6be0f-0377-4293-8835-17004dfce694,2e1211a4-9506-4dbe-ab15-1b881bb87074,2
02d6be0f-0377-4293-8835-17004dfce694,36ff4d40-ec26-4ba3-9370-3ec3b73c42ff,1
02d6be0f-0377-4293-8835-17004dfce694,3dbbf804-bad5-44f2-b8c7-091baf63758d,18
02d6be0f-0377-4293-8835-17004dfce694,4aa76e80-51db-4c6f-b97c-e7926b39a66c,2
02d6be0f-0377-4293-8835-17004dfce694,54cbf78c-ae5e-49b7-8fcc-41d0fb7b5855,2
02d6be0f-0377-4293-8835-17004dfce694,7265b8e8-62d4-4ba2-8117-8f758fbf606e,11
02d6be0f-0377-4293-8835-17004dfce694,7f3c60c7-b846-4f3a-a9f4-a18abf37bb3a,1
02d6be0f-0377-4293-8835-17004dfce694,8dfa0156-0834-4c00-87e8-c4e9919f781f,6
02d6be0f-0377-4293-8835-17004dfce694,98cf30be-80d9-498a-966f-10f3ae8ffe22,1
02d6be0f-0377-4293-8835-17004dfce694,990c794a-2170-435a-8c43-97d4fd0e621e,3
02d6be0f-0377-4293-8835-17004dfce694,ab97f146-7308-4a7e-9197-2ef5ee467a95,2
02d6be0f-0377-4293-8835-17004dfce694,bf030048-0434-42f1-bbed-8b0c04014db4,25
02d6be0f-0377-4293-8835-17004dfce694,c01b88c4-5507-49c5-9ec3-f08af6e6eace,1
02d6be0f-0377-4293-8835-17004dfce694,c606904d-daef-44ff-bd30-cfdc1e6b5185,3
02d6be0f-0377-4293-8835-17004dfce694,caaae646-de85-453f-b6e0-9b9b4f710f03,4
02d6be0f-0377-4293-8835-17004dfce694,ce747c36-3ef4-49e3-b55e-1bc99db62413,1
02d6be0f-0377-4293-8835-17004dfce694,cefbf19c-653b-4af7-84a6-e17fba0e4a70,4
02d6be0f-0377-4293-8835-17004dfce694,d847851a-777b-43c6-83b3-392672659edc,5
02d6be0f-0377-4293-8835-17004dfce694,e5c9b4ba-9064-4858-a052-bb3bbecfac4b,2
0314d9fa-9128-48ac-acdf-308380c77dde,03a9cbc5-b47d-45b5-81a4-f926c6a326a8,6
0314d9fa-9128-48ac-acdf-308380c77dde,13212269-878d-4abd-82b3-dcebd68073fd,9
0314d9fa-9128-48ac-acdf-308380c77dde,16596afa-9e56-4d0a-a715-f40592825937,15
0314d9fa-9128-48ac-acdf-308380c77dde,16be6093-7884-4d00-ae31-70dc7062f57a,95
0314d9fa-9128-48ac-acdf-308380c77dde,17f26a48-9f54-42a1-9890-c6da761a9a2f,2
0314d9fa-9128-48ac-acdf-308380c77dde,1899007b-67d2-4699-b896-2fdd92b69fc1,1
0314d9fa-9128-48ac-acdf-308380c77dde,1b59d69d-89a1-42c3-b5bf-52f38c39d88d,17
0314d9fa-9128-48ac-acdf-308380c77dde,1bdd5fcc-6231-4781-a4b6-413ae942af01,2
0314d9fa-9128-48ac-acdf-308380c77dde,1c16919b-5c3f-486c-9cc7-bdd00e29e9a4,5
0314d9fa-9128-48ac-acdf-308380c77dde,238396aa-d91b-46ee-a7e9-301e9ac7bd7e,40
0314d9fa-9128-48ac-acdf-308380c77dde,29124ef6-e1d5-4138-bf01-8433afde7269,21
0314d9fa-9128-48ac-acdf-308380c77dde,299782b9-b45f-4cd6-b1db-abee2be08d81,22
0314d9fa-9128-48ac-acdf-308380c77dde,2b533923-83a2-4ac6-b497-934a549b50ab,7
0314d9fa-9128-48ac-acdf-308380c77dde,36ff4d40-ec26-4ba3-9370-3ec3b73c42ff,58
0314d9fa-9128-48ac-acdf-308380c77dde,39023322-8e6c-4cb4-b42d-c5bf80377dd6,25
0314d9fa-9128-48ac-acdf-308380c77dde,3b8c5482-7bdb-414b-97c7-ca34fb10da6f,16
0314d9fa-9128-48ac-acdf-308380c77dde,3c3a7304-0f4d-4b1f-a953-a6515b8b7670,3
0314d9fa-9128-48ac-acdf-308380c77dde,3dbbf804-bad5-44f2-b8c7-091baf63758d,2
0314d9fa-9128-48ac-acdf-308380c77dde,44d2b41e-0e28-46c4-972b-daf49b4d9824,1
0314d9fa-9128-48ac-acdf-308380c77dde,4d73ea92-7e5c-4964-bc40-d80f38860ae4,5
0314d9fa-9128-48ac-acdf-308380c77dde,4eacd971-8961-4956-b73b-7de0745de280,12
0314d9fa-9128-48ac-acdf-308380c77dde,56a86879-60e4-4cdb-b5f1-b66d6d090798,1
0314d9fa-9128-48ac-acdf-308380c77dde,56cbb44d-9390-480d-b686-56da6c2d6d35,4
0314d9fa-9128-48ac-acdf-308380c77dde,581d8f64-6060-4cf0-b281-a46ad978cf0d,1
0314d9fa-9128-48ac-acdf-308380c77dde,58e27c9a-59be-407b-8213-714cf1d3acc4,5
0314d9fa-9128-48ac-acdf-308380c77dde,5ab23e3a-aed4-4713-9214-53336765be9d,2
0314d9fa-9128-48ac-acdf-308380c77dde,5d54939f-2da7-4ca6-b159-4ef344336b21,8
0314d9fa-9128-48ac-acdf-308380c77dde,5dfe97b2-fffb-4586-a999-1cbcfde80674,12
0314d9fa-9128-48ac-acdf-308380c77dde,64522cbc-a297-4c67-a204-1e31deb91f68,1
0314d9fa-9128-48ac-acdf-308380c77dde,6bfaf570-5b6f-41e1-baf2-b833f6203513,6
0314d9fa-9128-48ac-acdf-308380c77dde,6ce9c9e8-daec-4ef0-b975-f372e100d3e6,2
0314d9fa-9128-48ac-acdf-308380c77dde,6d33b9bc-7d3a-4a60-b2d7-c2b70cd11ab1,1
0314d9fa-9128-48ac-acdf-308380c77dde,7d18b6e3-de0c-4aea-bef8-242bbc38e936,1
0314d9fa-9128-48ac-acdf-308380c77dde,80d891ee-7f80-4d4f-b486-3b0d1a9fd67a,4
0314d9fa-9128-48ac-acdf-308380c77dde,81552958-ef83-4fab-8a92-6e5b1975c9ef,1
0314d9fa-9128-48ac-acdf-308380c77dde,84e7ec53-7bec-491e-bec7-19b6b1d359b1,2
0314d9fa-9128-48ac-acdf-308380c77dde,872e3c31-98a5-40cb-b7dc-9c821f3b1bca,2
0314d9fa-9128-48ac-acdf-308380c77dde,88bf9f29-aa91-4ddd-ad2d-b73dfe6706ef,1
0314d9fa-9128-48ac-acdf-308380c77dde,8dfa0156-0834-4c00-87e8-c4e9919f781f,4
0314d9fa-9128-48ac-acdf-308380c77dde,935fc903-0272-4f85-84e7-6c22aa9710f3,3
0314d9fa-9128-48ac-acdf-308380c77dde,95b979e4-888d-402d-8167-4f817cea413b,25
0314d9fa-9128-48ac-acdf-308380c77dde,974099ff-20a6-4119-84be-96e244befc55,4
0314d9fa-9128-48ac-acdf-308380c77dde,98aa8bde-85b0-49ed-9795-e2eeb206e3b8,7
0314d9fa-9128-48ac-acdf-308380c77dde,9b13c8c8-eba4-411e-b095-858e352d3178,5
0314d9fa-9128-48ac-acdf-308380c77dde,9bf12da8-39ea-4505-9500-764bc440cfc9,9
0314d9fa-9128-48ac-acdf-308380c77dde,a901d2d2-35f6-4341-bbfb-38e5d9b21d07,25
0314d9fa-9128-48ac-acdf-308380c77dde,aa316142-d6ee-4138-bf48-37cd7d11d058,2
0314d9fa-9128-48ac-acdf-308380c77dde,ab15ce32-a527-4526-a5b2-0f2cdb92feeb,2
0314d9fa-9128-48ac-acdf-308380c77dde,ab97f146-7308-4a7e-9197-2ef5ee467a95,4
0314d9fa-9128-48ac-acdf-308380c77dde,b4fdf408-8296-4d14-9e95-b4b96dc20751,1
0314d9fa-9128-48ac-acdf-308380c77dde,b9cfefa1-1e5e-4fd7-a9d5-458e4c3a20db,1
0314d9fa-9128-48ac-acdf-308380c77dde,bb3a9cf3-6f64-4092-85a1-4318244ee603,7
0314d9fa-9128-48ac-acdf-308380c77dde,bb6801d4-f671-4ade-aa86-29aa89373dd9,1
0314d9fa-9128-48ac-acdf-308380c77dde,bf030048-0434-42f1-bbed-8b0c04014db4,20
0314d9fa-9128-48ac-acdf-308380c77dde,c128a46d-ebd9-4ee9-80cc-16bfe505e539,7
0314d9fa-9128-48ac-acdf-308380c77dde,c1c11045-81c6-43a3-96e4-4cc6d5f2fbb4,15
0314d9fa-9128-48ac-acdf-308380c77dde,c60c655f-40ba-47b0-8e93-a2c8d1ff4743,3
0314d9fa-9128-48ac-acdf-308380c77dde,c6b2bdaf-8c1f-4b88-a8cb-167941b98bfb,1
0314d9fa-9128-48ac-acdf-308380c77dde,cefbf19c-653b-4af7-84a6-e17fba0e4a70,103
0314d9fa-9128-48ac-acdf-308380c77dde,cf4c4d24-798d-4bbe-bf06-23ca674f0d28,22
0314d9fa-9128-48ac-acdf-308380c77dde,cfb17042-9f10-4e44-99f4-358bad067455,2
0314d9fa-9128-48ac-acdf-308380c77dde,d07ef52c-cc10-4445-a3a1-dfe50371f110,2
0314d9fa-9128-48ac-acdf-308380c77dde,d1bb566e-a111-43b7-8856-273ebac1f753,21
0314d9fa-9128-48ac-acdf-308380c77dde,d847851a-777b-43c6-83b3-392672659edc,3
0314d9fa-9128-48ac-acdf-308380c77dde,de674538-350f-4a5a-9f8e-fa8f7c4b93ca,1
0314d9fa-9128-48ac-acdf-308380c77dde,e5c9b4ba-9064-4858-a052-bb3bbecfac4b,3
0314d9fa-9128-48ac-acdf-308380c77dde,e6cc253d-14cb-437b-be88-4966f5fcb1f5,8
0314d9fa-9128-48ac-acdf-308380c77dde,e7f0d8e8-4c52-4d0a-8b94-28729046f45b,26
0314d9fa-9128-48ac-acdf-308380c77dde,f29c0ba8-4d4a-4cca-bb1b-229f68b4ae6a,7
0314d9fa-9128-48ac-acdf-308380c77dde,f6e59e50-f22a-450c-8d4f-8a7072e50277,3
0314d9fa-9128-48ac-acdf-308380c77dde,fa4d473c-e553-439e-8f53-ca5f2b203dbd,1
0314d9fa-9128-48ac-acdf-308380c77dde,fcdd8eba-ce4c-40ad-b68e-4fe542abd6b3,1
0314d9fa-9128-48ac-acdf-308380c77dde,fd45195f-c35d-47c9-844e-a5893e10839e,7
0314d9fa-9128-48ac-acdf-308380c77dde,fdc445bd-f8fe-4cfc-b387-7fd66a181674,1
034829b1-019f-4ee2-8961-83e82ac2eaa3,0ae6735e-4b1b-4302-a20e-bbe5b72155c3,4
034829b1-019f-4ee2-8961-83e82ac2eaa3,16596afa-9e56-4d0a-a715-f40592825937,2
034829b1-019f-4ee2-8961-83e82ac2eaa3,1b59d69d-89a1-42c3-b5bf-52f38c39d88d,1
034829b1-019f-4ee2-8961-83e82ac2eaa3,1bdd5fcc-6231-4781-a4b6-413ae942af01,3
034829b1-019f-4ee2-8961-83e82ac2eaa3,1c889902-6ede-427c-8682-000f683fffaa,5
034829b1-019f-4ee2-8961-83e82ac2eaa3,1e4f3007-3e72-4135-80e0-238966189fd4,1
034829b1-019f-4ee2-8961-83e82ac2eaa3,1ee767b9-67f3-47e5-9e28-045da1c37b05,1
034829b1-019f-4ee2-8961-83e82ac2eaa3,299782b9-b45f-4cd6-b1db-abee2be08d81,3
034829b1-019f-4ee2-8961-83e82ac2eaa3,2d120900-fed8-43ae-a234-2bc4af510867,1
034829b1-019f-4ee2-8961-83e82ac2eaa3,337a0873-453c-459f-99c7-2726975a71da,1
034829b1-019f-4ee2-8961-83e82ac2eaa3,39023322-8e6c-4cb4-b42d-c5bf80377dd6,1
034829b1-019f-4ee2-8961-83e82ac2eaa3,397c857a-fda0-414d-8fdc-8288cd3284aa,1
034829b1-019f-4ee2-8961-83e82ac2eaa3,3e48d4c9-0d66-4b50-9f9c-969b5e314a42,2
034829b1-019f-4ee2-8961-83e82ac2eaa3,44f6140e-9776-4c08-bd68-5dde99f2ab62,1
034829b1-019f-4ee2-8961-83e82ac2eaa3,4c3e51e6-9f1e-49cc-a919-f74a8c88343e,2
034829b1-019f-4ee2-8961-83e82ac2eaa3,581d8f64-6060-4cf0-b281-a46ad978cf0d,1
034829b1-019f-4ee2-8961-83e82ac2eaa3,5d54939f-2da7-4ca6-b159-4ef344336b21,1
034829b1-019f-4ee2-8961-83e82ac2eaa3,64f39510-b420-4b01-8b5e-2b2f2b0aad91,2
034829b1-019f-4ee2-8961-83e82ac2eaa3,6d33b9bc-7d3a-4a60-b2d7-c2b70cd11ab1,7
034829b1-019f-4ee2-8961-83e82ac2eaa3,74b44968-d1f2-482a-a365-1fbb4cbda7f9,4
034829b1-019f-4ee2-8961-83e82ac2eaa3,75c8786e-c5c2-4d12-95ff-4b804234f062,2
034829b1-019f-4ee2-8961-83e82ac2eaa3,7954eb2c-1bf5-42af-80dc-85f29b367db0,1
034829b1-019f-4ee2-8961-83e82ac2eaa3,7c43c8c2-1958-496c-8060-b0f3bf652992,1
034829b1-019f-4ee2-8961-83e82ac2eaa3,7cbb2d95-46b2-4fcb-b129-9505f56e7f07,1
034829b1-019f-4ee2-8961-83e82ac2eaa3,819764fa-3a17-467b-8327-30899ed083b6,1
034829b1-019f-4ee2-8961-83e82ac2eaa3,8349fff0-99b3-449a-bd4d-932ae95b29da,1
034829b1-019f-4ee2-8961-83e82ac2eaa3,84e7ec53-7bec-491e-bec7-19b6b1d359b1,2
034829b1-019f-4ee2-8961-83e82ac2eaa3,859e1824-cc60-4304-9293-dca932ebbed2,4
034829b1-019f-4ee2-8961-83e82ac2eaa3,9b13c8c8-eba4-411e-b095-858e352d3178,10
034829b1-019f-4ee2-8961-83e82ac2eaa3,9bf12da8-39ea-4505-9500-764bc440cfc9,3
034829b1-019f-4ee2-8961-83e82ac2eaa3,a396ae20-6309-456b-a5ae-e4068dea8a67,1
034829b1-019f-4ee2-8961-83e82ac2eaa3,a4074721-5d4d-444a-bb98-1ddbc592a78a,3
034829b1-019f-4ee2-8961-83e82ac2eaa3,a68468b6-51ea-440c-9387-b44ba10ad8b6,4
034829b1-019f-4ee2-8961-83e82ac2eaa3,ab15ce32-a527-4526-a5b2-0f2cdb92feeb,3
034829b1-019f-4ee2-8961-83e82ac2eaa3,ad8654f3-811a-4a63-ab7a-01bf76347caa,1
034829b1-019f-4ee2-8961-83e82ac2eaa3,ae91b7a3-544d-40c7-8373-815a0bd18cf0,6
034829b1-019f-4ee2-8961-83e82ac2eaa3,b41b2403-9f06-4d55-adc5-b0777373ca7e,4
034829b1-019f-4ee2-8961-83e82ac2eaa3,b50b3f0b-afc8-46e5-bfda-cb60e2935a5a,1
034829b1-019f-4ee2-8961-83e82ac2eaa3,b9cfefa1-1e5e-4fd7-a9d5-458e4c3a20db,2
034829b1-019f-4ee2-8961-83e82ac2eaa3,bb3a9cf3-6f64-4092-85a1-4318244ee603,3
034829b1-019f-4ee2-8961-83e82ac2eaa3,bd954447-a92c-4899-a9a8-4a58569fd4d2,2
034829b1-019f-4ee2-8961-83e82ac2eaa3,c60c655f-40ba-47b0-8e93-a2c8d1ff4743,1
034829b1-019f-4ee2-8961-83e82ac2eaa3,c6e26bd3-724f-45d3-93af-ef431e6fcd42,2
034829b1-019f-4ee2-8961-83e82ac2eaa3,ccea26dd-dcae-4174-8945-ec5cb568e951,4
034829b1-019f-4ee2-8961-83e82ac2eaa3,d07ef52c-cc10-4445-a3a1-dfe50371f110,4
034829b1-019f-4ee2-8961-83e82ac2eaa3,d34e1efc-fbba-4ad8-823a-61bc3f25d580,1
034829b1-019f-4ee2-8961-83e82ac2eaa3,d38ca3cf-9803-48dc-8592-c67c4430168e,1
034829b1-019f-4ee2-8961-83e82ac2eaa3,d847851a-777b-43c6-83b3-392672659edc,1
034829b1-019f-4ee2-8961-83e82ac2eaa3,da9f33b0-80ca-49eb-a1ec-def3b46538d9,2
034829b1-019f-4ee2-8961-83e82ac2eaa3,e6cc253d-14cb-437b-be88-4966f5fcb1f5,5
034829b1-019f-4ee2-8961-83e82ac2eaa3,ea21d788-7cfe-41ff-b22f-0664397139af,1
034829b1-019f-4ee2-8961-83e82ac2eaa3,eb79af3c-a66d-4374-b9e7-34d7f3e92dc7,1
034829b1-019f-4ee2-8961-83e82ac2eaa3,ec571f94-11b8-47d7-bb47-fd0d2d7c7f07,5
03a9cbc5-b47d-45b5-81a4-f926c6a326a8,06e42e42-dbc8-4ccd-ac29-880d2ba1d05f,6
03a9cbc5-b47d-45b5-81a4-f926c6a326a8,0d09a569-a906-4f4f-a2fb-cb2fedbf1c8c,6
03a9cbc5-b47d-45b5-81a4-f926c6a326a8,17f26a48-9f54-42a1-9890-c6da761a9a2f,1
03a9cbc5-b47d-45b5-81a4-f926c6a326a8,1899007b-67d2-4699-b896-2fdd92b69fc1,7
03a9cbc5-b47d-45b5-81a4-f926c6a326a8,1b59d69d-89a1-42c3-b5bf-52f38c39d88d,1
03a9cbc5-b47d-45b5-81a4-f926c6a326a8,1c16919b-5c3f-486c-9cc7-bdd00e29e9a4,4
03a9cbc5-b47d-45b5-81a4-f926c6a326a8,202e3325-7f81-4c5a-8aee-386a4bcd87e2,1
03a9cbc5-b47d-45b5-81a4-f926c6a326a8,238396aa-d91b-46ee-a7e9-301e9ac7bd7e,1
03a9cbc5-b47d-45b5-81a4-f926c6a326a8,299782b9-b45f-4cd6-b1db-abee2be08d81,2
03a9cbc5-b47d-45b5-81a4-f926c6a326a8,2b533923-83a2-4ac6-b497-934a549b50ab,6
03a9cbc5-b47d-45b5-81a4-f926c6a326a8,2e1211a4-9506-4dbe-ab15-1b881bb87074,1
03a9cbc5-b47d-45b5-81a4-f926c6a326a8,39023322-8e6c-4cb4-b42d-c5bf80377dd6,3
03a9cbc5-b47d-45b5-81a4-f926c6a326a8,3b8c5482-7bdb-414b-97c7-ca34fb10da6f,5
03a9cbc5-b47d-45b5-81a4-f926c6a326a8,3dbbf804-bad5-44f2-b8c7-091baf63758d,1
03a9cbc5-b47d-45b5-81a4-f926c6a326a8,43fd0a28-6a9c-4427-a55c-211fbae70091,1
03a9cbc5-b47d-45b5-81a4-f926c6a326a8,44d2b41e-0e28-46c4-972b-daf49b4d9824,1
03a9cbc5-b47d-45b5-81a4-f926c6a326a8,4d13ea1d-c9b6-4313-8ba0-fd040d8a319e,3
03a9cbc5-b47d-45b5-81a4-f926c6a326a8,58e27c9a-59be-407b-8213-714cf1d3acc4,1
03a9cbc5-b47d-45b5-81a4-f926c6a326a8,6c2ee55a-fa05-4a41-b522-c878c6a61ce8,1
03a9cbc5-b47d-45b5-81a4-f926c6a326a8,71cbc21c-4e36-4df7-9f58-e15a1c1f162c,5
03a9cbc5-b47d-45b5-81a4-f926c6a326a8,7265b8e8-62d4-4ba2-8117-8f758fbf606e,1
03a9cbc5-b47d-45b5-81a4-f926c6a326a8,80d891ee-7f80-4d4f-b486-3b0d1a9fd67a,2
03a9cbc5-b47d-45b5-81a4-f926c6a326a8,819764fa-3a17-467b-8327-30899ed083b6,1
03a9cbc5-b47d-45b5-81a4-f926c6a326a8,84e7ec53-7bec-491e-bec7-19b6b1d359b1,1
03a9cbc5-b47d-45b5-81a4-f926c6a326a8,8c5a8186-8f46-4bca-956d-06d4fa521635,7
03a9cbc5-b47d-45b5-81a4-f926c6a326a8,8dfa0156-0834-4c00-87e8-c4e9919f781f,4
03a9cbc5-b47d-45b5-81a4-f926c6a326a8,935fc903-0272-4f85-84e7-6c22aa9710f3,8
03a9cbc5-b47d-45b5-81a4-f926c6a326a8,9522ae6b-a187-4f51-9df7-1b0feb767d6e,2
03a9cbc5-b47d-45b5-81a4-f926c6a326a8,9b13c8c8-eba4-411e-b095-858e352d3178,2
03a9cbc5-b47d-45b5-81a4-f926c6a326a8,9d2229a5-c46a-485a-9b82-315e270c3e9a,1
03a9cbc5-b47d-45b5-81a4-f926c6a326a8,aa0272f6-6e3c-41f7-b040-b774b30d2196,4
03a9cbc5-b47d-45b5-81a4-f926c6a326a8,ac61813c-2d49-4318-b5d0-32e3559b8db4,6
03a9cbc5-b47d-45b5-81a4-f926c6a326a8,ac969248-8799-4f53-ad71-76815c79da35,5
03a9cbc5-b47d-45b5-81a4-f926c6a326a8,b1e4718d-bf16-4b46-91fd-946b42bed3af,2
03a9cbc5-b47d-45b5-81a4-f926c6a326a8,b8d002bc-ea6c-4f57-b36e-38415b205e09,1
03a9cbc5-b47d-45b5-81a4-f926c6a326a8,ba21eb65-8546-40e5-a425-0d228d0eaeac,8
03a9cbc5-b47d-45b5-81a4-f926c6a326a8,bd954447-a92c-4899-a9a8-4a58569fd4d2,1
03a9cbc5-b47d-45b5-81a4-f926c6a326a8,bf030048-0434-42f1-bbed-8b0c04014db4,1
03a9cbc5-b47d-45b5-81a4-f926c6a326a8,c606904d-daef-44ff-bd30-cfdc1e6b5185,1
03a9cbc5-b47d-45b5-81a4-f926c6a326a8,c6b2bdaf-8c1f-4b88-a8cb-167941b98bfb,4
03a9cbc5-b47d-45b5-81a4-f926c6a326a8,c955972d-2702-4d28-8461-262072218f3f,1
03a9cbc5-b47d-45b5-81a4-f926c6a326a8,caaae646-de85-453f-b6e0-9b9b4f710f03,3
03a9cbc5-b47d-45b5-81a4-f926c6a326a8,d1bb566e-a111-43b7-8856-273ebac1f753,1
03a9cbc5-b47d-45b5-81a4-f926c6a326a8,ddaff486-ef62-4200-aeb9-eeb4bedcc620,6
03a9cbc5-b47d-45b5-81a4-f926c6a326a8,de674538-350f-4a5a-9f8e-fa8f7c4b93ca,2
03a9cbc5-b47d-45b5-81a4-f926c6a326a8,e5c9b4ba-9064-4858-a052-bb3bbecfac4b,3
03a9cbc5-b47d-45b5-81a4-f926c6a326a8,e7f0d8e8-4c52-4d0a-8b94-28729046f45b,1
03a9cbc5-b47d-45b5-81a4-f926c6a326a8,ee32e8d2-aa15-4603-901e-2cc3c72e9ead,7
03a9cbc5-b47d-45b5-81a4-f926c6a326a8,eef0e09f-c709-4de5-8b44-086876d5f631,1
03a9cbc5-b47d-45b5-81a4-f926c6a326a8,f0ff5ae5-e0e8-4a26-af3a-93c8b5947dc4,1
03d66e4a-8698-44fb-9c29-625630da268c,09155809-0b6e-4f9f-a75b-026aa4b35588,1
03d66e4a-8698-44fb-9c29-625630da268c,0ae6735e-4b1b-4302-a20e-bbe5b72155c3,2
03d66e4a-8698-44fb-9c29-625630da268c,13e26587-88d8-440b-bb93-527a8e845342,2
03d66e4a-8698-44fb-9c29-625630da268c,16596afa-9e56-4d0a-a715-f40592825937,2
03d66e4a-8698-44fb-9c29-625630da268c,1bdd5fcc-6231-4781-a4b6-413ae942af01,5
03d66e4a-8698-44fb-9c29-625630da268c,1e4f3007-3e72-4135-80e0-238966189fd4,10
03d66e4a-8698-44fb-9c29-625630da268c,1e8aa099-9c94-432d-bff7-ac9fe20ff3ff,10
03d66e4a-8698-44fb-9c29-625630da268c,1ee767b9-67f3-47e5-9e28-045da1c37b05,12
03d66e4a-8698-44fb-9c29-625630da268c,2690bccc-5463-459a-b1df-cb93e222b348,2
03d66e4a-8698-44fb-9c29-625630da268c,2aeb5ca9-f64f-4ec6-a0ce-83223bff4772,7
03d66e4a-8698-44fb-9c29-625630da268c,2b533923-83a2-4ac6-b497-934a549b50ab,7
03d66e4a-8698-44fb-9c29-625630da268c,388e72cf-63dd-4839-9ce7-5491b6bdcfd8,1
03d66e4a-8698-44fb-9c29-625630da268c,3e48d4c9-0d66-4b50-9f9c-969b5e314a42,3
03d66e4a-8698-44fb-9c29-625630da268c,44081df1-828e-4d79-bd27-261be38f66f1,5
03d66e4a-8698-44fb-9c29-625630da268c,5d54939f-2da7-4ca6-b159-4ef344336b21,7
03d66e4a-8698-44fb-9c29-625630da268c,666f31ca-041f-466d-9e78-804317921d69,1
03d66e4a-8698-44fb-9c29-625630da268c,66b2be3d-10f8-46a4-90c6-b86005df0a50,1
03d66e4a-8698-44fb-9c29-625630da268c,7564c685-2691-4796-9159-ebd5df4fdc8d,5
03d66e4a-8698-44fb-9c29-625630da268c,75a44c3a-5914-4c8e-9ca4-d987853f5844,19
03d66e4a-8698-44fb-9c29-625630da268c,7cbb2d95-46b2-4fcb-b129-9505f56e7f07,11
03d66e4a-8698-44fb-9c29-625630da268c,859e1824-cc60-4304-9293-dca932ebbed2,1
03d66e4a-8698-44fb-9c29-625630da268c,88bf9f29-aa91-4ddd-ad2d-b73dfe6706ef,6
03d66e4a-8698-44fb-9c29-625630da268c,89d70a20-bd10-46ed-866a-2c79362a0559,1
03d66e4a-8698-44fb-9c29-625630da268c,94f6aaa0-69ed-4721-a62c-c2b592bec175,2
03d66e4a-8698-44fb-9c29-625630da268c,98aa8bde-85b0-49ed-9795-e2eeb206e3b8,14
03d66e4a-8698-44fb-9c29-625630da268c,a3b17348-54cf-4bca-82d4-e62bd46c2fbc,5
03d66e4a-8698-44fb-9c29-625630da268c,a437e923-725f-415e-a01d-5588a7af933e,14
03d66e4a-8698-44fb-9c29-625630da268c,a68468b6-51ea-440c-9387-b44ba10ad8b6,1
03d66e4a-8698-44fb-9c29-625630da268c,b41b2403-9f06-4d55-adc5-b0777373ca7e,6
03d66e4a-8698-44fb-9c29-625630da268c,b50b3f0b-afc8-46e5-bfda-cb60e2935a5a,5
03d66e4a-8698-44fb-9c29-625630da268c,b625d2bf-da74-40a2-b013-2069a09dcb6c,6
03d66e4a-8698-44fb-9c29-625630da268c,bb6801d4-f671-4ade-aa86-29aa89373dd9,3
03d66e4a-8698-44fb-9c29-625630da268c,cabae19e-836c-48c4-903e-7357789f9260,1
03d66e4a-8698-44fb-9c29-625630da268c,ccea26dd-dcae-4174-8945-ec5cb568e951,3
03d66e4a-8698-44fb-9c29-625630da268c,d0d8dcbd-4818-4925-a684-13767c7dae0d,1
03d66e4a-8698-44fb-9c29-625630da268c,d34e1efc-fbba-4ad8-823a-61bc3f25d580,11
03d66e4a-8698-44fb-9c29-625630da268c,d38ca3cf-9803-48dc-8592-c67c4430168e,11
03d66e4a-8698-44fb-9c29-625630da268c,d59d1492-57b6-482b-88b6-b2b77c45c33d,1
03d66e4a-8698-44fb-9c29-625630da268c,d847851a-777b-43c6-83b3-392672659edc,1
03d66e4a-8698-44fb-9c29-625630da268c,d89044ef-b7df-4a15-be10-d342fe381664,1
03d66e4a-8698-44fb-9c29-625630da268c,d9e78b0a-0a3b-44ef-acd9-15d6e9e19d60,10
03d66e4a-8698-44fb-9c29-625630da268c,f31cabe4-e1f4-46db-88a9-b46ba44dded4,7
03d66e4a-8698-44fb-9c29-625630da268c,fa4d473c-e553-439e-8f53-ca5f2b203dbd,5
0442fb6c-8441-4292-a275-5f701a223cfc,07de26f3-a939-4ae4-b7a5-43f868a665d1,2
0442fb6c-8441-4292-a275-5f701a223cfc,09155809-0b6e-4f9f-a75b-026aa4b35588,9
0442fb6c-8441-4292-a275-5f701a223cfc,0ac5a30c-b25b-41cf-97ce-b3c1b3687202,1
0442fb6c-8441-4292-a275-5f701a223cfc,0d036fcf-a456-4798-9b76-3f44eb74a451,18
0442fb6c-8441-4292-a275-5f701a223cfc,14a5b9c6-b7e3-4a59-9083-ab81f1d50f7e,4
0442fb6c-8441-4292-a275-5f701a223cfc,16596afa-9e56-4d0a-a715-f40592825937,8
0442fb6c-8441-4292-a275-5f701a223cfc,16be6093-7884-4d00-ae31-70dc7062f57a,10
0442fb6c-8441-4292-a275-5f701a223cfc,197b435e-29b1-4b69-8c6a-b38bc44ffce3,10
0442fb6c-8441-4292-a275-5f701a223cfc,1b59d69d-89a1-42c3-b5bf-52f38c39d88d,18
0442fb6c-8441-4292-a275-5f701a223cfc,1bdd5fcc-6231-4781-a4b6-413ae942af01,13
0442fb6c-8441-4292-a275-5f701a223cfc,1c16919b-5c3f-486c-9cc7-bdd00e29e9a4,6
0442fb6c-8441-4292-a275-5f701a223cfc,1c889902-6ede-427c-8682-000f683fffaa,4
0442fb6c-8441-4292-a275-5f701a223cfc,1e4f3007-3e72-4135-80e0-238966189fd4,24
0442fb6c-8441-4292-a275-5f701a223cfc,2538ca6a-8254-4c7e-af71-a20db82afd30,2
0442fb6c-8441-4292-a275-5f701a223cfc,2690bccc-5463-459a-b1df-cb93e222b348,16
0442fb6c-8441-4292-a275-5f701a223cfc,299782b9-b45f-4cd6-b1db-abee2be08d81,12
0442fb6c-8441-4292-a275-5f701a223cfc,356e5fc9-831f-4d9c-be2f-fd35a99e865b,2
0442fb6c-8441-4292-a275-5f701a223cfc,39023322-8e6c-4cb4-b42d-c5bf80377dd6,3
0442fb6c-8441-4292-a275-5f701a223cfc,3983584c-76b6-4a70-9040-dadc84949e88,7
0442fb6c-8441-4292-a275-5f701a223cfc,3c96ed5d-f7bf-4cae-9ec7-a5a29f5299da,1
0442fb6c-8441-4292-a275-5f701a223cfc,44f6140e-9776-4c08-bd68-5dde99f2ab62,3
0442fb6c-8441-4292-a275-5f701a223cfc,49be3576-cea3-46c0-87eb-89beb108248d,14
0442fb6c-8441-4292-a275-5f701a223cfc,49f5b5f1-da8f-40a0-b78e-0616e2f30f78,5
0442fb6c-8441-4292-a275-5f701a223cfc,4a92f48a-0387-47c7-800e-cf59692e6411,1
0442fb6c-8441-4292-a275-5f701a223cfc,4c3e51e6-9f1e-49cc-a919-f74a8c88343e,4
0442fb6c-8441-4292-a275-5f701a223cfc,551f9a19-738c-4298-afe1-5ca7959ab74b,9
0442fb6c-8441-4292-a275-5f701a223cfc,58e27c9a-59be-407b-8213-714cf1d3acc4,1
0442fb6c-8441-4292-a275-5f701a223cfc,5ab23e3a-aed4-4713-9214-53336765be9d,14
0442fb6c-8441-4292-a275-5f701a223cfc,64522cbc-a297-4c67-a204-1e31deb91f68,6
0442fb6c-8441-4292-a275-5f701a223cfc,6c2ee55a-fa05-4a41-b522-c878c6a61ce8,6
0442fb6c-8441-4292-a275-5f701a223cfc,6d33b9bc-7d3a-4a60-b2d7-c2b70cd11ab1,10
0442fb6c-8441-4292-a275-5f701a223cfc,6fc5878e-d76a-4e9d-a4e3-e5ef581bb2ff,5
0442fb6c-8441-4292-a275-5f701a223cfc,71cbc21c-4e36-4df7-9f58-e15a1c1f162c,30
0442fb6c-8441-4292-a275-5f701a223cfc,7265b8e8-62d4-4ba2-8117-8f758fbf606e,1
0442fb6c-8441-4292-a275-5f701a223cfc,75a44c3a-5914-4c8e-9ca4-d987853f5844,9
0442fb6c-8441-4292-a275-5f701a223cfc,7dc8c80e-6b9a-47e5-b61f-d57bcb36158f,1
0442fb6c-8441-4292-a275-5f701a223cfc,819764fa-3a17-467b-8327-30899ed083b6,3
0442fb6c-8441-4292-a275-5f701a223cfc,8711c928-b30d-4859-b091-74678ca63e5b,13
0442fb6c-8441-4292-a275-5f701a223cfc,8ba16b4b-5dc1-441e-9229-8bb63c903ce1,2
0442fb6c-8441-4292-a275-5f701a223cfc,8c5a8186-8f46-4bca-956d-06d4fa521635,2
0442fb6c-8441-4292-a275-5f701a223cfc,98aa8bde-85b0-49ed-9795-e2eeb206e3b8,1
0442fb6c-8441-4292-a275-5f701a223cfc,9b13c8c8-eba4-411e-b095-858e352d3178,8
0442fb6c-8441-4292-a275-5f701a223cfc,9bf12da8-39ea-4505-9500-764bc440cfc9,9
0442fb6c-8441-4292-a275-5f701a223cfc,9c4710f5-fb0b-42cc-9d53-4cf5dfe6e27c,2
0442fb6c-8441-4292-a275-5f701a223cfc,9d2229a5-c46a-485a-9b82-315e270c3e9a,5
0442fb6c-8441-4292-a275-5f701a223cfc,9ea41959-b952-4e42-92fb-bc616ac17241,8
0442fb6c-8441-4292-a275-5f701a223cfc,9f3aadb0-0f76-49b8-9e54-126c97fc0ae8,5
0442fb6c-8441-4292-a275-5f701a223cfc,a8e4581d-5186-4367-95c5-0a754c60b276,12
0442fb6c-8441-4292-a275-5f701a223cfc,aa0272f6-6e3c-41f7-b040-b774b30d2196,12
0442fb6c-8441-4292-a275-5f701a223cfc,ab15ce32-a527-4526-a5b2-0f2cdb92feeb,8
0442fb6c-8441-4292-a275-5f701a223cfc,ae91b7a3-544d-40c7-8373-815a0bd18cf0,6
0442fb6c-8441-4292-a275-5f701a223cfc,b29c0e00-7ac2-4c28-ab4f-8fceb156337b,3
0442fb6c-8441-4292-a275-5f701a223cfc,b4fdf408-8296-4d14-9e95-b4b96dc20751,2
0442fb6c-8441-4292-a275-5f701a223cfc,ba21eb65-8546-40e5-a425-0d228d0eaeac,20
0442fb6c-8441-4292-a275-5f701a223cfc,bb3a9cf3-6f64-4092-85a1-4318244ee603,6
0442fb6c-8441-4292-a275-5f701a223cfc,bd954447-a92c-4899-a9a8-4a58569fd4d2,1
0442fb6c-8441-4292-a275-5f701a223cfc,bf030048-0434-42f1-bbed-8b0c04014db4,3
0442fb6c-8441-4292-a275-5f701a223cfc,bf97025a-1c30-4042-bffe-948027f24e6c,12
0442fb6c-8441-4292-a275-5f701a223cfc,c0d8ed4a-ec11-48e2-a468-6cd93327305b,38
0442fb6c-8441-4292-a275-5f701a223cfc,c128a46d-ebd9-4ee9-80cc-16bfe505e539,1
0442fb6c-8441-4292-a275-5f701a223cfc,c1c11045-81c6-43a3-96e4-4cc6d5f2fbb4,2
0442fb6c-8441-4292-a275-5f701a223cfc,cf4c4d24-798d-4bbe-bf06-23ca674f0d28,18
0442fb6c-8441-4292-a275-5f701a223cfc,d1bb566e-a111-43b7-8856-273ebac1f753,5
0442fb6c-8441-4292-a275-5f701a223cfc,dae67415-1ed1-4464-a59e-75170eb1925d,1
0442fb6c-8441-4292-a275-5f701a223cfc,e10065e1-776d-4bf3-8669-56788c453079,4
0442fb6c-8441-4292-a275-5f701a223cfc,e5c9b4ba-9064-4858-a052-bb3bbecfac4b,2
0442fb6c-8441-4292-a275-5f701a223cfc,edb8800b-6f1b-4e13-be0a-5b88fbd13c82,7
0442fb6c-8441-4292-a275-5f701a223cfc,ee32e8d2-aa15-4603-901e-2cc3c72e9ead,1
0442fb6c-8441-4292-a275-5f701a223cfc,fa4d473c-e553-439e-8f53-ca5f2b203dbd,1
06e42e42-dbc8-4ccd-ac29-880d2ba1d05f,10870c31-0253-4fa0-a2bc-1a6d3c553028,2
06e42e42-dbc8-4ccd-ac29-880d2ba1d05f,16596afa-9e56-4d0a-a715-f40592825937,1
06e42e42-dbc8-4ccd-ac29-880d2ba1d05f,16be6093-7884-4d00-ae31-70dc7062f57a,2
06e42e42-dbc8-4ccd-ac29-880d2ba1d05f,1e4f3007-3e72-4135-80e0-238966189fd4,29
06e42e42-dbc8-4ccd-ac29-880d2ba1d05f,2690bccc-5463-459a-b1df-cb93e222b348,9
06e42e42-dbc8-4ccd-ac29-880d2ba1d05f,26f7a84e-45c7-4a94-94a2-f00a20c201aa,1
06e42e42-dbc8-4ccd-ac29-880d2ba1d05f,337a0873-453c-459f-99c7-2726975a71da,4
06e42e42-dbc8-4ccd-ac29-880d2ba1d05f,397c857a-fda0-414d-8fdc-8288cd3284aa,2
06e42e42-dbc8-4ccd-ac29-880d2ba1d05f,3983584c-76b6-4a70-9040-dadc84949e88,5
06e42e42-dbc8-4ccd-ac29-880d2ba1d05f,3b8c5482-7bdb-414b-97c7-ca34fb10da6f,1
06e42e42-dbc8-4ccd-ac29-880d2ba1d05f,446e3e45-8e03-4f8d-bb52-ea092634378f,2
06e42e42-dbc8-4ccd-ac29-880d2ba1d05f,49be3576-cea3-46c0-87eb-89beb108248d,9
06e42e42-dbc8-4ccd-ac29-880d2ba1d05f,5d54939f-2da7-4ca6-b159-4ef344336b21,2
06e42e42-dbc8-4ccd-ac29-880d2ba1d05f,68a869d7-3216-4208-9b57-e87405a11abb,1
06e42e42-dbc8-4ccd-ac29-880d2ba1d05f,6e4027b2-cb08-44ca-b030-07d9074512d1,1
06e42e42-dbc8-4ccd-ac29-880d2ba1d05f,71cbc21c-4e36-4df7-9f58-e15a1c1f162c,5
06e42e42-dbc8-4ccd-ac29-880d2ba1d05f,74c13ffe-54e0-4cfd-a5fd-f21de61a0995,30
06e42e42-dbc8-4ccd-ac29-880d2ba1d05f,7897cad0-5099-4630-9311-65cc01450063,8
06e42e42-dbc8-4ccd-ac29-880d2ba1d05f,819764fa-3a17-467b-8327-30899ed083b6,11
06e42e42-dbc8-4ccd-ac29-880d2ba1d05f,89d70a20-bd10-46ed-866a-2c79362a0559,11
06e42e42-dbc8-4ccd-ac29-880d2ba1d05f,8f6a5115-367e-4dc2-88c5-1eae50593652,1
06e42e42-dbc8-4ccd-ac29-880d2ba1d05f,8f81c0fd-e9cc-42ad-8e93-7bb0456955d3,2
06e42e42-dbc8-4ccd-ac29-880d2ba1d05f,935fc903-0272-4f85-84e7-6c22aa9710f3,7
06e42e42-dbc8-4ccd-ac29-880d2ba1d05f,98aa8bde-85b0-49ed-9795-e2eeb206e3b8,9
06e42e42-dbc8-4ccd-ac29-880d2ba1d05f,9ab41898-332f-4c08-a834-d58b4669c990,2
06e42e42-dbc8-4ccd-ac29-880d2ba1d05f,9b13c8c8-eba4-411e-b095-858e352d3178,4
06e42e42-dbc8-4ccd-ac29-880d2ba1d05f,9bf12da8-39ea-4505-9500-764bc440cfc9,1
06e42e42-dbc8-4ccd-ac29-880d2ba1d05f,a1877608-2b03-4620-b854-d57de44cd52e,18
06e42e42-dbc8-4ccd-ac29-880d2ba1d05f,a4074721-5d4d-444a-bb98-1ddbc592a78a,2
06e42e42-dbc8-4ccd-ac29-880d2ba1d05f,a59b540b-1460-4aa0-b9ce-19356f87c77e,1
06e42e42-dbc8-4ccd-ac29-880d2ba1d05f,a8e4581d-5186-4367-95c5-0a754c60b276,2
06e42e42-dbc8-4ccd-ac29-880d2ba1d05f,ab15ce32-a527-4526-a5b2-0f2cdb92feeb,1
06e42e42-dbc8-4ccd-ac29-880d2ba1d05f,ab97f146-7308-4a7e-9197-2ef5ee467a95,10
06e42e42-dbc8-4ccd-ac29-880d2ba1d05f,ac61813c-2d49-4318-b5d0-32e3559b8db4,7
06e42e42-dbc8-4ccd-ac29-880d2ba1d05f,ad44b24f-bb14-4f4a-a476-3cbbb3e9cdb0,2
06e42e42-dbc8-4ccd-ac29-880d2ba1d05f,b29c0e00-7ac2-4c28-ab4f-8fceb156337b,2
06e42e42-dbc8-4ccd-ac29-880d2ba1d05f,ba21eb65-8546-40e5-a425-0d228d0eaeac,6
06e42e42-dbc8-4ccd-ac29-880d2ba1d05f,c6b2bdaf-8c1f-4b88-a8cb-167941b98bfb,1
06e42e42-dbc8-4ccd-ac29-880d2ba1d05f,caaae646-de85-453f-b6e0-9b9b4f710f03,1
06e42e42-dbc8-4ccd-ac29-880d2ba1d05f,cabae19e-836c-48c4-903e-7357789f9260,7
06e42e42-dbc8-4ccd-ac29-880d2ba1d05f,d1bb566e-a111-43b7-8856-273ebac1f753,2
06e42e42-dbc8-4ccd-ac29-880d2ba1d05f,d53f00ee-a955-434a-b636-f07d79859c49,4
06e42e42-dbc8-4ccd-ac29-880d2ba1d05f,da9f33b0-80ca-49eb-a1ec-def3b46538d9,1
06e42e42-dbc8-4ccd-ac29-880d2ba1d05f,dc9f60e4-e1a4-487b-a002-40b3c77ba896,5
06e42e42-dbc8-4ccd-ac29-880d2ba1d05f,ee32e8d2-aa15-4603-901e-2cc3c72e9ead,21
06e42e42-dbc8-4ccd-ac29-880d2ba1d05f,fa4d473c-e553-439e-8f53-ca5f2b203dbd,24
06e42e42-dbc8-4ccd-ac29-880d2ba1d05f,face7642-1fd8-4ec1-a909-c2579b0bd8d2,2
06e42e42-dbc8-4ccd-ac29-880d2ba1d05f,fdc445bd-f8fe-4cfc-b387-7fd66a181674,3
07de26f3-a939-4ae4-b7a5-43f868a665d1,0c78eba7-66a3-4ec9-b084-ed30e0ec5d6f,1
07de26f3-a939-4ae4-b7a5-43f868a665d1,0d036fcf-a456-4798-9b76-3f44eb74a451,2
07de26f3-a939-4ae4-b7a5-43f868a665d1,16596afa-9e56-4d0a-a715-f40592825937,1
07de26f3-a939-4ae4-b7a5-43f868a665d1,16be6093-7884-4d00-ae31-70dc7062f57a,1
07de26f3-a939-4ae4-b7a5-43f868a665d1,1b59d69d-89a1-42c3-b5bf-52f38c39d88d,10
07de26f3-a939-4ae4-b7a5-43f868a665d1,1c889902-6ede-427c-8682-000f683fffaa,2
07de26f3-a939-4ae4-b7a5-43f868a665d1,20427a83-6da2-4f6d-aee0-7516ba4feab1,1
07de26f3-a939-4ae4-b7a5-43f868a665d1,2538ca6a-8254-4c7e-af71-a20db82afd30,8
07de26f3-a939-4ae4-b7a5-43f868a665d1,299782b9-b45f-4cd6-b1db-abee2be08d81,6
07de26f3-a939-4ae4-b7a5-43f868a665d1,2d120900-fed8-43ae-a234-2bc4af510867,4
07de26f3-a939-4ae4-b7a5-43f868a665d1,356e5fc9-831f-4d9c-be2f-fd35a99e865b,1
07de26f3-a939-4ae4-b7a5-43f868a665d1,36ff4d40-ec26-4ba3-9370-3ec3b73c42ff,1
07de26f3-a939-4ae4-b7a5-43f868a665d1,39023322-8e6c-4cb4-b42d-c5bf80377dd6,17
07de26f3-a939-4ae4-b7a5-43f868a665d1,3dbbf804-bad5-44f2-b8c7-091baf63758d,2
07de26f3-a939-4ae4-b7a5-43f868a665d1,412ecb41-f20c-477d-b8e7-d7b548a10a44,2
07de26f3-a939-4ae4-b7a5-43f868a665d1,43fd0a28-6a9c-4427-a55c-211fbae70091,3
07de26f3-a939-4ae4-b7a5-43f868a665d1,4aa76e80-51db-4c6f-b97c-e7926b39a66c,3
07de26f3-a939-4ae4-b7a5-43f868a665d1,4d13ea1d-c9b6-4313-8ba0-fd040d8a319e,5
07de26f3-a939-4ae4-b7a5-43f868a665d1,4d73ea92-7e5c-4964-bc40-d80f38860ae4,1
07de26f3-a939-4ae4-b7a5-43f868a665d1,551f9a19-738c-4298-afe1-5ca7959ab74b,19
07de26f3-a939-4ae4-b7a5-43f868a665d1,581d8f64-6060-4cf0-b281-a46ad978cf0d,1
07de26f3-a939-4ae4-b7a5-43f868a665d1,64522cbc-a297-4c67-a204-1e31deb91f68,5
07de26f3-a939-4ae4-b7a5-43f868a665d1,71cbc21c-4e36-4df7-9f58-e15a1c1f162c,12
07de26f3-a939-4ae4-b7a5-43f868a665d1,7d18b6e3-de0c-4aea-bef8-242bbc38e936,1
07de26f3-a939-4ae4-b7a5-43f868a665d1,7f3c60c7-b846-4f3a-a9f4-a18abf37bb3a,3
07de26f3-a939-4ae4-b7a5-43f868a665d1,83a1ccbf-fe6a-4f7a-a0d0-4cf90337ab90,1
07de26f3-a939-4ae4-b7a5-43f868a665d1,8711c928-b30d-4859-b091-74678ca63e5b,3
07de26f3-a939-4ae4-b7a5-43f868a665d1,8ba16b4b-5dc1-441e-9229-8bb63c903ce1,2
07de26f3-a939-4ae4-b7a5-43f868a665d1,8c5a8186-8f46-4bca-956d-06d4fa521635,2
07de26f3-a939-4ae4-b7a5-43f868a665d1,9431dc1b-9891-4d15-aaf1-b98e347c3b46,1
07de26f3-a939-4ae4-b7a5-43f868a665d1,9c4710f5-fb0b-42cc-9d53-4cf5dfe6e27c,4
07de26f3-a939-4ae4-b7a5-43f868a665d1,9d2229a5-c46a-485a-9b82-315e270c3e9a,5
07de26f3-a939-4ae4-b7a5-43f868a665d1,a8e4581d-5186-4367-95c5-0a754c60b276,1
07de26f3-a939-4ae4-b7a5-43f868a665d1,a900b4e7-92d9-4903-ab21-3189f17fe2e0,3
07de26f3-a939-4ae4-b7a5-43f868a665d1,aa0272f6-6e3c-41f7-b040-b774b30d2196,17
07de26f3-a939-4ae4-b7a5-43f868a665d1,b3230578-426f-4b84-bfe2-6a8136c6a3af,3
07de26f3-a939-4ae4-b7a5-43f868a665d1,b8d002bc-ea6c-4f57-b36e-38415b205e09,5
07de26f3-a939-4ae4-b7a5-43f868a665d1,bf030048-0434-42f1-bbed-8b0c04014db4,3
07de26f3-a939-4ae4-b7a5-43f868a665d1,c01b88c4-5507-49c5-9ec3-f08af6e6eace,4
07de26f3-a939-4ae4-b7a5-43f868a665d1,c0d8ed4a-ec11-48e2-a468-6cd93327305b,7
07de26f3-a939-4ae4-b7a5-43f868a665d1,c128a46d-ebd9-4ee9-80cc-16bfe505e539,33
07de26f3-a939-4ae4-b7a5-43f868a665d1,c6f061f1-9cb7-4e0a-a281-4fc80527c5d7,2
07de26f3-a939-4ae4-b7a5-43f868a665d1,cfd07390-25a9-4fdb-bced-8a463530bf51,6
07de26f3-a939-4ae4-b7a5-43f868a665d1,d1bb566e-a111-43b7-8856-273ebac1f753,1
07de26f3-a939-4ae4-b7a5-43f868a665d1,e10065e1-776d-4bf3-8669-56788c453079,1
07de26f3-a939-4ae4-b7a5-43f868a665d1,e6cc253d-14cb-437b-be88-4966f5fcb1f5,5
07de26f3-a939-4ae4-b7a5-43f868a665d1,fac3056b-df3b-4712-9ae3-56472806747b,1
08ad50b1-831e-4f50-bed4-97d9d42b0752,09155809-0b6e-4f9f-a75b-026aa4b35588,1
08ad50b1-831e-4f50-bed4-97d9d42b0752,0ae6735e-4b1b-4302-a20e-bbe5b72155c3,1
08ad50b1-831e-4f50-bed4-97d9d42b0752,1bdd5fcc-6231-4781-a4b6-413ae942af01,1
08ad50b1-831e-4f50-bed4-97d9d42b0752,337a0873-453c-459f-99c7-2726975a71da,1
08ad50b1-831e-4f50-bed4-97d9d42b0752,3e48d4c9-0d66-4b50-9f9c-969b5e314a42,1
08ad50b1-831e-4f50-bed4-97d9d42b0752,44081df1-828e-4d79-bd27-261be38f66f1,1
08ad50b1-831e-4f50-bed4-97d9d42b0752,56a86879-60e4-4cdb-b5f1-b66d6d090798,1
08ad50b1-831e-4f50-bed4-97d9d42b0752,5d54939f-2da7-4ca6-b159-4ef344336b21,1
08ad50b1-831e-4f50-bed4-97d9d42b0752,66b2be3d-10f8-46a4-90c6-b86005df0a50,1
08ad50b1-831e-4f50-bed4-97d9d42b0752,859e1824-cc60-4304-9293-dca932ebbed2,1
08ad50b1-831e-4f50-bed4-97d9d42b0752,8ee20f38-f3f0-4ff9-b5d9-84557b5ddcb1,1
08ad50b1-831e-4f50-bed4-97d9d42b0752,94f6aaa0-69ed-4721-a62c-c2b592bec175,1
08ad50b1-831e-4f50-bed4-97d9d42b0752,98aa8bde-85b0-49ed-9795-e2eeb206e3b8,1
08ad50b1-831e-4f50-bed4-97d9d42b0752,9b13c8c8-eba4-411e-b095-858e352d3178,1
08ad50b1-831e-4f50-bed4-97d9d42b0752,9f0c39d6-4a57-4849-9215-aa1147c7e0f6,1
08ad50b1-831e-4f50-bed4-97d9d42b0752,a68468b6-51ea-440c-9387-b44ba10ad8b6,2
08ad50b1-831e-4f50-bed4-97d9d42b0752,ab15ce32-a527-4526-a5b2-0f2cdb92feeb,1
08ad50b1-831e-4f50-bed4-97d9d42b0752,b41b2403-9f06-4d55-adc5-b0777373ca7e,2
08ad50b1-831e-4f50-bed4-97d9d42b0752,b9cfefa1-1e5e-4fd7-a9d5-458e4c3a20db,1
08ad50b1-831e-4f50-bed4-97d9d42b0752,c7822b58-103f-4612-87ef-648be97192c6,1
08ad50b1-831e-4f50-bed4-97d9d42b0752,d07ef52c-cc10-4445-a3a1-dfe50371f110,1
08ad50b1-831e-4f50-bed4-97d9d42b0752,d59d1492-57b6-482b-88b6-b2b77c45c33d,1
08ad50b1-831e-4f50-bed4-97d9d42b0752,d847851a-777b-43c6-83b3-392672659edc,2
08ad50b1-831e-4f50-bed4-97d9d42b0752,e70c3ee3-cca2-4521-abea-b124dcec0952,1
08ad50b1-831e-4f50-bed4-97d9d42b0752,f31cabe4-e1f4-46db-88a9-b46ba44dded4,2
08ad50b1-831e-4f50-bed4-97d9d42b0752,fb291eb2-962a-482f-971a-0b62673f9a86,1
09155809-0b6e-4f9f-a75b-026aa4b35588,0ac5a30c-b25b-41cf-97ce-b3c1b3687202,6
09155809-0b6e-4f9f-a75b-026aa4b35588,0ae6735e-4b1b-4302-a20e-bbe5b72155c3,53
09155809-0b6e-4f9f-a75b-026aa4b35588,0d036fcf-a456-4798-9b76-3f44eb74a451,64
09155809-0b6e-4f9f-a75b-026aa4b35588,0e34f732-337a-4339-961f-8c18d68e714d,1
09155809-0b6e-4f9f-a75b-026aa4b35588,0ea8e29d-3bfe-4982-8594-9350b527d553,20
09155809-0b6e-4f9f-a75b-026aa4b35588,10870c31-0253-4fa0-a2bc-1a6d3c553028,1
09155809-0b6e-4f9f-a75b-026aa4b35588,13d5095e-c5df-4cbb-a2f4-c0bb142e9397,2
09155809-0b6e-4f9f-a75b-026aa4b35588,1456a009-770b-4820-8919-55287a5780a7,1
09155809-0b6e-4f9f-a75b-026aa4b35588,15959521-3e16-4fdb-be6b-36f0b0504e6d,9
09155809-0b6e-4f9f-a75b-026aa4b35588,16596afa-9e56-4d0a-a715-f40592825937,34
09155809-0b6e-4f9f-a75b-026aa4b35588,16be6093-7884-4d00-ae31-70dc7062f57a,21
09155809-0b6e-4f9f-a75b-026aa4b35588,17f26a48-9f54-42a1-9890-c6da761a9a2f,4
09155809-0b6e-4f9f-a75b-026aa4b35588,1899007b-67d2-4699-b896-2fdd92b69fc1,1
09155809-0b6e-4f9f-a75b-026aa4b35588,196d0048-0369-4786-ba81-bda9da8c3636,4
09155809-0b6e-4f9f-a75b-026aa4b35588,197b435e-29b1-4b69-8c6a-b38bc44ffce3,44
09155809-0b6e-4f9f-a75b-026aa4b35588,1b59d69d-89a1-42c3-b5bf-52f38c39d88d,49
09155809-0b6e-4f9f-a75b-026aa4b35588,1bdd5fcc-6231-4781-a4b6-413ae942af01,24
09155809-0b6e-4f9f-a75b-026aa4b35588,1c16919b-5c3f-486c-9cc7-bdd00e29e9a4,53
09155809-0b6e-4f9f-a75b-026aa4b35588,1c889902-6ede-427c-8682-000f683fffaa,5
09155809-0b6e-4f9f-a75b-026aa4b35588,1e4f3007-3e72-4135-80e0-238966189fd4,3
09155809-0b6e-4f9f-a75b-026aa4b35588,1ee767b9-67f3-47e5-9e28-045da1c37b05,8
09155809-0b6e-4f9f-a75b-026aa4b35588,238396aa-d91b-46ee-a7e9-301e9ac7bd7e,1
09155809-0b6e-4f9f-a75b-026aa4b35588,2690bccc-5463-459a-b1df-cb93e222b348,4
09155809-0b6e-4f9f-a75b-026aa4b35588,299782b9-b45f-4cd6-b1db-abee2be08d81,64
09155809-0b6e-4f9f-a75b-026aa4b35588,2aeb5ca9-f64f-4ec6-a0ce-83223bff4772,4
09155809-0b6e-4f9f-a75b-026aa4b35588,2b533923-83a2-4ac6-b497-934a549b50ab,10
09155809-0b6e-4f9f-a75b-026aa4b35588,2b537cd5-1203-4c08-8118-b295796deb07,8
09155809-0b6e-4f9f-a75b-026aa4b35588,337a0873-453c-459f-99c7-2726975a71da,2
09155809-0b6e-4f9f-a75b-026aa4b35588,356e5fc9-831f-4d9c-be2f-fd35a99e865b,3
09155809-0b6e-4f9f-a75b-026aa4b35588,388e72cf-63dd-4839-9ce7-5491b6bdcfd8,5
09155809-0b6e-4f9f-a75b-026aa4b35588,39023322-8e6c-4cb4-b42d-c5bf80377dd6,13
09155809-0b6e-4f9f-a75b-026aa4b35588,397c857a-fda0-414d-8fdc-8288cd3284aa,2
09155809-0b6e-4f9f-a75b-026aa4b35588,3983584c-76b6-4a70-9040-dadc84949e88,1
09155809-0b6e-4f9f-a75b-026aa4b35588,3b8c5482-7bdb-414b-97c7-ca34fb10da6f,2
09155809-0b6e-4f9f-a75b-026aa4b35588,3c169621-1134-429d-939c-77bb6dfe3185,2
09155809-0b6e-4f9f-a75b-026aa4b35588,3c3a7304-0f4d-4b1f-a953-a6515b8b7670,19
09155809-0b6e-4f9f-a75b-026aa4b35588,3e48d4c9-0d66-4b50-9f9c-969b5e314a42,47
09155809-0b6e-4f9f-a75b-026aa4b35588,44081df1-828e-4d79-bd27-261be38f66f1,57
09155809-0b6e-4f9f-a75b-026aa4b35588,446e3e45-8e03-4f8d-bb52-ea092634378f,5
09155809-0b6e-4f9f-a75b-026aa4b35588,48d02bab-281c-4bd0-8a50-26bf90a38cc0,1
09155809-0b6e-4f9f-a75b-026aa4b35588,49be3576-cea3-46c0-87eb-89beb108248d,28
09155809-0b6e-4f9f-a75b-026aa4b35588,4a92f48a-0387-47c7-800e-cf59692e6411,1
09155809-0b6e-4f9f-a75b-026aa4b35588,4aa76e80-51db-4c6f-b97c-e7926b39a66c,3
09155809-0b6e-4f9f-a75b-026aa4b35588,4bf69aa9-29a7-44db-b7ee-8bfa40e343dd,1
09155809-0b6e-4f9f-a75b-026aa4b35588,4c3e51e6-9f1e-49cc-a919-f74a8c88343e,47
09155809-0b6e-4f9f-a75b-026aa4b35588,4eacd971-8961-4956-b73b-7de0745de280,14
09155809-0b6e-4f9f-a75b-026aa4b35588,522d59a0-10ba-488f-a27a-a1dda7581900,1
09155809-0b6e-4f9f-a75b-026aa4b35588,551f9a19-738c-4298-afe1-5ca7959ab74b,8
09155809-0b6e-4f9f-a75b-026aa4b35588,56a86879-60e4-4cdb-b5f1-b66d6d090798,9
09155809-0b6e-4f9f-a75b-026aa4b35588,58e27c9a-59be-407b-8213-714cf1d3acc4,11
09155809-0b6e-4f9f-a75b-026aa4b35588,5ab23e3a-aed4-4713-9214-53336765be9d,35
09155809-0b6e-4f9f-a75b-026aa4b35588,5d54939f-2da7-4ca6-b159-4ef344336b21,80
09155809-0b6e-4f9f-a75b-026aa4b35588,64457f28-37b6-4948-860a-f28bc62b99ae,3
09155809-0b6e-4f9f-a75b-026aa4b35588,64f39510-b420-4b01-8b5e-2b2f2b0aad91,7
09155809-0b6e-4f9f-a75b-026aa4b35588,666f31ca-041f-466d-9e78-804317921d69,4
09155809-0b6e-4f9f-a75b-026aa4b35588,66b2be3d-10f8-46a4-90c6-b86005df0a50,7
09155809-0b6e-4f9f-a75b-026aa4b35588,68a869d7-3216-4208-9b57-e87405a11abb,3
09155809-0b6e-4f9f-a75b-026aa4b35588,6a54c095-9872-4322-81be-114b74233d40,4
09155809-0b6e-4f9f-a75b-026aa4b35588,6bfaf570-5b6f-41e1-baf2-b833f6203513,7
09155809-0b6e-4f9f-a75b-026aa4b35588,6d33b9bc-7d3a-4a60-b2d7-c2b70cd11ab1,34
09155809-0b6e-4f9f-a75b-026aa4b35588,70af2625-600a-4ff6-bfe5-52b2ca26b437,1
09155809-0b6e-4f9f-a75b-026aa4b35588,71cbc21c-4e36-4df7-9f58-e15a1c1f162c,6
09155809-0b6e-4f9f-a75b-026aa4b35588,74b44968-d1f2-482a-a365-1fbb4cbda7f9,4
09155809-0b6e-4f9f-a75b-026aa4b35588,7564c685-2691-4796-9159-ebd5df4fdc8d,3
09155809-0b6e-4f9f-a75b-026aa4b35588,75a44c3a-5914-4c8e-9ca4-d987853f5844,19
09155809-0b6e-4f9f-a75b-026aa4b35588,762e0f40-f100-4896-85a2-b1d8818fae41,1
09155809-0b6e-4f9f-a75b-026aa4b35588,7954eb2c-1bf5-42af-80dc-85f29b367db0,2
09155809-0b6e-4f9f-a75b-026aa4b35588,7c43c8c2-1958-496c-8060-b0f3bf652992,1
09155809-0b6e-4f9f-a75b-026aa4b35588,7cbb2d95-46b2-4fcb-b129-9505f56e7f07,7
09155809-0b6e-4f9f-a75b-026aa4b35588,7d18b6e3-de0c-4aea-bef8-242bbc38e936,3
09155809-0b6e-4f9f-a75b-026aa4b35588,819764fa-3a17-467b-8327-30899ed083b6,3
09155809-0b6e-4f9f-a75b-026aa4b35588,8349fff0-99b3-449a-bd4d-932ae95b29da,3
09155809-0b6e-4f9f-a75b-026aa4b35588,859e1824-cc60-4304-9293-dca932ebbed2,11
09155809-0b6e-4f9f-a75b-026aa4b35588,8711c928-b30d-4859-b091-74678ca63e5b,3
09155809-0b6e-4f9f-a75b-026aa4b35588,88bf9f29-aa91-4ddd-ad2d-b73dfe6706ef,8
09155809-0b6e-4f9f-a75b-026aa4b35588,88e0734b-8c03-4daa-8ec5-055e36c07030,1
09155809-0b6e-4f9f-a75b-026aa4b35588,89d70a20-bd10-46ed-866a-2c79362a0559,9
09155809-0b6e-4f9f-a75b-026aa4b35588,8b3664bd-77e4-468b-af96-f3f4ec27fcce,2
09155809-0b6e-4f9f-a75b-026aa4b35588,8ba16b4b-5dc1-441e-9229-8bb63c903ce1,3
09155809-0b6e-4f9f-a75b-026aa4b35588,8f6a5115-367e-4dc2-88c5-1eae50593652,1
09155809-0b6e-4f9f-a75b-026aa4b35588,935fc903-0272-4f85-84e7-6c22aa9710f3,5
09155809-0b6e-4f9f-a75b-026aa4b35588,942a29b8-057f-4dba-a8cd-3c35e5a81aaf,2
09155809-0b6e-4f9f-a75b-026aa4b35588,94f6aaa0-69ed-4721-a62c-c2b592bec175,4
09155809-0b6e-4f9f-a75b-026aa4b35588,950c21d2-8a14-406d-b3af-877360bbd0ab,3
09155809-0b6e-4f9f-a75b-026aa4b35588,973da897-66c7-4010-a98d-505e0e97a60c,3
09155809-0b6e-4f9f-a75b-026aa4b35588,980a8ae3-b1c7-4912-ab9e-be3e6fd20d36,1
09155809-0b6e-4f9f-a75b-026aa4b35588,98aa8bde-85b0-49ed-9795-e2eeb206e3b8,38
09155809-0b6e-4f9f-a75b-026aa4b35588,99c6218e-8f0c-45d4-bd24-f300c6cfcb2f,6
09155809-0b6e-4f9f-a75b-026aa4b35588,9ab41898-332f-4c08-a834-d58b4669c990,1
09155809-0b6e-4f9f-a75b-026aa4b35588,9b13c8c8-eba4-411e-b095-858e352d3178,12
09155809-0b6e-4f9f-a75b-026aa4b35588,9bf12da8-39ea-4505-9500-764bc440cfc9,52
09155809-0b6e-4f9f-a75b-026aa4b35588,9e79de98-e914-4dc8-8dc7-6d7cb09b93d7,14
09155809-0b6e-4f9f-a75b-026aa4b35588,9ea41959-b952-4e42-92fb-bc616ac17241,2
09155809-0b6e-4f9f-a75b-026aa4b35588,9f0c39d6-4a57-4849-9215-aa1147c7e0f6,2
09155809-0b6e-4f9f-a75b-026aa4b35588,9f855643-68a2-409e-b4fe-81b92547212a,7
09155809-0b6e-4f9f-a75b-026aa4b35588,a04d4b85-56f0-448f-b5e8-28b5340af204,3
09155809-0b6e-4f9f-a75b-026aa4b35588,a396ae20-6309-456b-a5ae-e4068dea8a67,7
09155809-0b6e-4f9f-a75b-026aa4b35588,a3b17348-54cf-4bca-82d4-e62bd46c2fbc,3
09155809-0b6e-4f9f-a75b-026aa4b35588,a4074721-5d4d-444a-bb98-1ddbc592a78a,1
09155809-0b6e-4f9f-a75b-026aa4b35588,a437e923-725f-415e-a01d-5588a7af933e,4
09155809-0b6e-4f9f-a75b-026aa4b35588,a68468b6-51ea-440c-9387-b44ba10ad8b6,40
09155809-0b6e-4f9f-a75b-026aa4b35588,a8e4581d-5186-4367-95c5-0a754c60b276,20
09155809-0b6e-4f9f-a75b-026aa4b35588,aa0272f6-6e3c-41f7-b040-b774b30d2196,2
09155809-0b6e-4f9f-a75b-026aa4b35588,ab15ce32-a527-4526-a5b2-0f2cdb92feeb,45
09155809-0b6e-4f9f-a75b-026aa4b35588,ad44b24f-bb14-4f4a-a476-3cbbb3e9cdb0,1
09155809-0b6e-4f9f-a75b-026aa4b35588,b221afb0-2758-4ace-846a-7bfc33389ad6,3
09155809-0b6e-4f9f-a75b-026aa4b35588,b29c0e00-7ac2-4c28-ab4f-8fceb156337b,28
09155809-0b6e-4f9f-a75b-026aa4b35588,b41b2403-9f06-4d55-adc5-b0777373ca7e,61
09155809-0b6e-4f9f-a75b-026aa4b35588,b4e1d8cf-e8cf-4b66-9ded-97fc8176fa4a,8
09155809-0b6e-4f9f-a75b-026aa4b35588,b4fdf408-8296-4d14-9e95-b4b96dc20751,4
09155809-0b6e-4f9f-a75b-026aa4b35588,b50b3f0b-afc8-46e5-bfda-cb60e2935a5a,24
09155809-0b6e-4f9f-a75b-026aa4b35588,b8663b71-f92b-4d2b-a06b-f78dba168d98,3
09155809-0b6e-4f9f-a75b-026aa4b35588,b9cfefa1-1e5e-4fd7-a9d5-458e4c3a20db,11
09155809-0b6e-4f9f-a75b-026aa4b35588,ba21eb65-8546-40e5-a425-0d228d0eaeac,12
09155809-0b6e-4f9f-a75b-026aa4b35588,bb3a9cf3-6f64-4092-85a1-4318244ee603,18
09155809-0b6e-4f9f-a75b-026aa4b35588,bb6801d4-f671-4ade-aa86-29aa89373dd9,16
09155809-0b6e-4f9f-a75b-026aa4b35588,bd954447-a92c-4899-a9a8-4a58569fd4d2,6
09155809-0b6e-4f9f-a75b-026aa4b35588,bf8eb79e-5034-4882-a4c5-413baba477d5,3
09155809-0b6e-4f9f-a75b-026aa4b35588,c0d8ed4a-ec11-48e2-a468-6cd93327305b,3
09155809-0b6e-4f9f-a75b-026aa4b35588,c4f7c468-721e-4953-97f2-bff05fe570c4,1
09155809-0b6e-4f9f-a75b-026aa4b35588,c6e26bd3-724f-45d3-93af-ef431e6fcd42,25
09155809-0b6e-4f9f-a75b-026aa4b35588,c7822b58-103f-4612-87ef-648be97192c6,19
09155809-0b6e-4f9f-a75b-026aa4b35588,cabae19e-836c-48c4-903e-7357789f9260,11
09155809-0b6e-4f9f-a75b-026aa4b35588,ccea26dd-dcae-4174-8945-ec5cb568e951,3
09155809-0b6e-4f9f-a75b-026aa4b35588,ce400601-651e-4ac9-a43e-ed8d4817b7fd,2
09155809-0b6e-4f9f-a75b-026aa4b35588,cefbf19c-653b-4af7-84a6-e17fba0e4a70,6
09155809-0b6e-4f9f-a75b-026aa4b35588,cf4c4d24-798d-4bbe-bf06-23ca674f0d28,12
09155809-0b6e-4f9f-a75b-026aa4b35588,cfb17042-9f10-4e44-99f4-358bad067455,4
09155809-0b6e-4f9f-a75b-026aa4b35588,d07ef52c-cc10-4445-a3a1-dfe50371f110,11
09155809-0b6e-4f9f-a75b-026aa4b35588,d0d8dcbd-4818-4925-a684-13767c7dae0d,1
09155809-0b6e-4f9f-a75b-026aa4b35588,d1bb566e-a111-43b7-8856-273ebac1f753,12
09155809-0b6e-4f9f-a75b-026aa4b35588,d34e1efc-fbba-4ad8-823a-61bc3f25d580,13
09155809-0b6e-4f9f-a75b-026aa4b35588,d38ca3cf-9803-48dc-8592-c67c4430168e,15
09155809-0b6e-4f9f-a75b-026aa4b35588,d53f00ee-a955-434a-b636-f07d79859c49,1
09155809-0b6e-4f9f-a75b-026aa4b35588,d59d1492-57b6-482b-88b6-b2b77c45c33d,11
09155809-0b6e-4f9f-a75b-026aa4b35588,d847851a-777b-43c6-83b3-392672659edc,43
09155809-0b6e-4f9f-a75b-026aa4b35588,da9f33b0-80ca-49eb-a1ec-def3b46538d9,7
09155809-0b6e-4f9f-a75b-026aa4b35588,dab4cf29-4843-4261-b09b-973fe98dbf65,1
09155809-0b6e-4f9f-a75b-026aa4b35588,dae67415-1ed1-4464-a59e-75170eb1925d,7
09155809-0b6e-4f9f-a75b-026aa4b35588,e10065e1-776d-4bf3-8669-56788c453079,1
09155809-0b6e-4f9f-a75b-026aa4b35588,e5c4753f-d2d8-4a4a-ae9d-62118892a731,1
09155809-0b6e-4f9f-a75b-026aa4b35588,e5f316f0-e4e7-4cf0-a064-ed9321737487,3
09155809-0b6e-4f9f-a75b-026aa4b35588,e6cc253d-14cb-437b-be88-4966f5fcb1f5,22
09155809-0b6e-4f9f-a75b-026aa4b35588,e70c3ee3-cca2-4521-abea-b124dcec0952,1
09155809-0b6e-4f9f-a75b-026aa4b35588,ec571f94-11b8-47d7-bb47-fd0d2d7c7f07,16
09155809-0b6e-4f9f-a75b-026aa4b35588,ef8d31db-0876-4998-b0d9-056643260d46,1
09155809-0b6e-4f9f-a75b-026aa4b35588,f31cabe4-e1f4-46db-88a9-b46ba44dded4,24
09155809-0b6e-4f9f-a75b-026aa4b35588,fa4d473c-e553-439e-8f53-ca5f2b203dbd,9
09155809-0b6e-4f9f-a75b-026aa4b35588,fdc445bd-f8fe-4cfc-b387-7fd66a181674,38
0a77cc29-6953-4ca2-af45-37d4c83108a2,0c33030f-88e2-44c8-803d-6dd7c58c1378,7
0a77cc29-6953-4ca2-af45-37d4c83108a2,1b59d69d-89a1-42c3-b5bf-52f38c39d88d,2
0a77cc29-6953-4ca2-af45-37d4c83108a2,1c16919b-5c3f-486c-9cc7-bdd00e29e9a4,2
0a77cc29-6953-4ca2-af45-37d4c83108a2,1e4f3007-3e72-4135-80e0-238966189fd4,1
0a77cc29-6953-4ca2-af45-37d4c83108a2,238396aa-d91b-46ee-a7e9-301e9ac7bd7e,5
0a77cc29-6953-4ca2-af45-37d4c83108a2,299782b9-b45f-4cd6-b1db-abee2be08d81,2
0a77cc29-6953-4ca2-af45-37d4c83108a2,2b533923-83a2-4ac6-b497-934a549b50ab,2
0a77cc29-6953-4ca2-af45-37d4c83108a2,2c1bbe45-f5e6-4896-b487-5d2864198a11,6
0a77cc29-6953-4ca2-af45-37d4c83108a2,39023322-8e6c-4cb4-b42d-c5bf80377dd6,2
0a77cc29-6953-4ca2-af45-37d4c83108a2,44d2b41e-0e28-46c4-972b-daf49b4d9824,3
0a77cc29-6953-4ca2-af45-37d4c83108a2,4aa76e80-51db-4c6f-b97c-e7926b39a66c,1
0a77cc29-6953-4ca2-af45-37d4c83108a2,9f3aadb0-0f76-49b8-9e54-126c97fc0ae8,5
0a77cc29-6953-4ca2-af45-37d4c83108a2,ae91b7a3-544d-40c7-8373-815a0bd18cf0,2
0a77cc29-6953-4ca2-af45-37d4c83108a2,bf030048-0434-42f1-bbed-8b0c04014db4,5
0a77cc29-6953-4ca2-af45-37d4c83108a2,c1c11045-81c6-43a3-96e4-4cc6d5f2fbb4,6
0a77cc29-6953-4ca2-af45-37d4c83108a2,cefbf19c-653b-4af7-84a6-e17fba0e4a70,3
0a77cc29-6953-4ca2-af45-37d4c83108a2,edb8800b-6f1b-4e13-be0a-5b88fbd13c82,2
0a77cc29-6953-4ca2-af45-37d4c83108a2,ee32e8d2-aa15-4603-901e-2cc3c72e9ead,12
0a77cc29-6953-4ca2-af45-37d4c83108a2,fac3056b-df3b-4712-9ae3-56472806747b,1
0ac5a30c-b25b-41cf-97ce-b3c1b3687202,1456a009-770b-4820-8919-55287a5780a7,11
0ac5a30c-b25b-41cf-97ce-b3c1b3687202,16596afa-9e56-4d0a-a715-f40592825937,1
0ac5a30c-b25b-41cf-97ce-b3c1b3687202,1b59d69d-89a1-42c3-b5bf-52f38c39d88d,17
0ac5a30c-b25b-41cf-97ce-b3c1b3687202,1bdd5fcc-6231-4781-a4b6-413ae942af01,1
0ac5a30c-b25b-41cf-97ce-b3c1b3687202,238396aa-d91b-46ee-a7e9-301e9ac7bd7e,27
0ac5a30c-b25b-41cf-97ce-b3c1b3687202,23fcb971-c02b-4a00-aa1f-6feed871c5d4,1
0ac5a30c-b25b-41cf-97ce-b3c1b3687202,2690bccc-5463-459a-b1df-cb93e222b348,2
0ac5a30c-b25b-41cf-97ce-b3c1b3687202,299782b9-b45f-4cd6-b1db-abee2be08d81,5
0ac5a30c-b25b-41cf-97ce-b3c1b3687202,2b533923-83a2-4ac6-b497-934a549b50ab,7
0ac5a30c-b25b-41cf-97ce-b3c1b3687202,2b537cd5-1203-4c08-8118-b295796deb07,3
0ac5a30c-b25b-41cf-97ce-b3c1b3687202,3c3a7304-0f4d-4b1f-a953-a6515b8b7670,18
0ac5a30c-b25b-41cf-97ce-b3c1b3687202,49be3576-cea3-46c0-87eb-89beb108248d,1
0ac5a30c-b25b-41cf-97ce-b3c1b3687202,4c3e51e6-9f1e-49cc-a919-f74a8c88343e,25
0ac5a30c-b25b-41cf-97ce-b3c1b3687202,4d13ea1d-c9b6-4313-8ba0-fd040d8a319e,5
0ac5a30c-b25b-41cf-97ce-b3c1b3687202,5d54939f-2da7-4ca6-b159-4ef344336b21,1
0ac5a30c-b25b-41cf-97ce-b3c1b3687202,74b44968-d1f2-482a-a365-1fbb4cbda7f9,3
0ac5a30c-b25b-41cf-97ce-b3c1b3687202,7d18b6e3-de0c-4aea-bef8-242bbc38e936,22
0ac5a30c-b25b-41cf-97ce-b3c1b3687202,808636f6-10d2-4ed6-a5fe-f98ab3fcbbee,3
0ac5a30c-b25b-41cf-97ce-b3c1b3687202,88bf9f29-aa91-4ddd-ad2d-b73dfe6706ef,1
0ac5a30c-b25b-41cf-97ce-b3c1b3687202,89d70a20-bd10-46ed-866a-2c79362a0559,1
0ac5a30c-b25b-41cf-97ce-b3c1b3687202,8f6a5115-367e-4dc2-88c5-1eae50593652,4
0ac5a30c-b25b-41cf-97ce-b3c1b3687202,935fc903-0272-4f85-84e7-6c22aa9710f3,1
0ac5a30c-b25b-41cf-97ce-b3c1b3687202,974099ff-20a6-4119-84be-96e244befc55,1
0ac5a30c-b25b-41cf-97ce-b3c1b3687202,99c6218e-8f0c-45d4-bd24-f300c6cfcb2f,13
0ac5a30c-b25b-41cf-97ce-b3c1b3687202,9ab41898-332f-4c08-a834-d58b4669c990,7
0ac5a30c-b25b-41cf-97ce-b3c1b3687202,9bf12da8-39ea-4505-9500-764bc440cfc9,2
0ac5a30c-b25b-41cf-97ce-b3c1b3687202,a901d2d2-35f6-4341-bbfb-38e5d9b21d07,1
0ac5a30c-b25b-41cf-97ce-b3c1b3687202,a962ffcb-a300-45e1-8850-70c7173c233e,5
0ac5a30c-b25b-41cf-97ce-b3c1b3687202,aa0272f6-6e3c-41f7-b040-b774b30d2196,3
0ac5a30c-b25b-41cf-97ce-b3c1b3687202,ae91b7a3-544d-40c7-8373-815a0bd18cf0,1
0ac5a30c-b25b-41cf-97ce-b3c1b3687202,b29c0e00-7ac2-4c28-ab4f-8fceb156337b,1
0ac5a30c-b25b-41cf-97ce-b3c1b3687202,b4fdf408-8296-4d14-9e95-b4b96dc20751,40
0ac5a30c-b25b-41cf-97ce-b3c1b3687202,b50b3f0b-afc8-46e5-bfda-cb60e2935a5a,1
0ac5a30c-b25b-41cf-97ce-b3c1b3687202,bb6801d4-f671-4ade-aa86-29aa89373dd9,1
0ac5a30c-b25b-41cf-97ce-b3c1b3687202,bd954447-a92c-4899-a9a8-4a58569fd4d2,42
0ac5a30c-b25b-41cf-97ce-b3c1b3687202,bf97025a-1c30-4042-bffe-948027f24e6c,2
0ac5a30c-b25b-41cf-97ce-b3c1b3687202,cefbf19c-653b-4af7-84a6-e17fba0e4a70,9
0ac5a30c-b25b-41cf-97ce-b3c1b3687202,d07ef52c-cc10-4445-a3a1-dfe50371f110,4
0ac5a30c-b25b-41cf-97ce-b3c1b3687202,ee32e8d2-aa15-4603-901e-2cc3c72e9ead,2
0ac5a30c-b25b-41cf-97ce-b3c1b3687202,fa4d473c-e553-439e-8f53-ca5f2b203dbd,32
0ac5a30c-b25b-41cf-97ce-b3c1b3687202,fdc445bd-f8fe-4cfc-b387-7fd66a181674,35
0ae6735e-4b1b-4302-a20e-bbe5b72155c3,0d036fcf-a456-4798-9b76-3f44eb74a451,19
0ae6735e-4b1b-4302-a20e-bbe5b72155c3,0d70272a-5caf-4f32-aecb-76277e55999f,3
0ae6735e-4b1b-4302-a20e-bbe5b72155c3,0e34f732-337a-4339-961f-8c18d68e714d,2
0ae6735e-4b1b-4302-a20e-bbe5b72155c3,0ea8e29d-3bfe-4982-8594-9350b527d553,9
0ae6735e-4b1b-4302-a20e-bbe5b72155c3,13d5095e-c5df-4cbb-a2f4-c0bb142e9397,2
0ae6735e-4b1b-4302-a20e-bbe5b72155c3,13e26587-88d8-440b-bb93-527a8e845342,2
0ae6735e-4b1b-4302-a20e-bbe5b72155c3,16596afa-9e56-4d0a-a715-f40592825937,79
0ae6735e-4b1b-4302-a20e-bbe5b72155c3,16be6093-7884-4d00-ae31-70dc7062f57a,28
0ae6735e-4b1b-4302-a20e-bbe5b72155c3,17f26a48-9f54-42a1-9890-c6da761a9a2f,3
0ae6735e-4b1b-4302-a20e-bbe5b72155c3,196d0048-0369-4786-ba81-bda9da8c3636,6
0ae6735e-4b1b-4302-a20e-bbe5b72155c3,197b435e-29b1-4b69-8c6a-b38bc44ffce3,6
0ae6735e-4b1b-4302-a20e-bbe5b72155c3,1b59d69d-89a1-42c3-b5bf-52f38c39d88d,35
0ae6735e-4b1b-4302-a20e-bbe5b72155c3,1bdd5fcc-6231-4781-a4b6-413ae942af01,13
0ae6735e-4b1b-4302-a20e-bbe5b72155c3,1c16919b-5c3f-486c-9cc7-bdd00e29e9a4,26
0ae6735e-4b1b-4302-a20e-bbe5b72155c3,1c889902-6ede-427c-8682-000f683fffaa,16
0ae6735e-4b1b-4302-a20e-bbe5b72155c3,1e4f3007-3e72-4135-80e0-238966189fd4,5
0ae6735e-4b1b-4302-a20e-bbe5b72155c3,1e8aa099-9c94-432d-bff7-ac9fe20ff3ff,7
0ae6735e-4b1b-4302-a20e-bbe5b72155c3,1ee767b9-67f3-47e5-9e28-045da1c37b05,9
0ae6735e-4b1b-4302-a20e-bbe5b72155c3,2690bccc-5463-459a-b1df-cb93e222b348,9
0ae6735e-4b1b-4302-a20e-bbe5b72155c3,29124ef6-e1d5-4138-bf01-8433afde7269,15
0ae6735e-4b1b-4302-a20e-bbe5b72155c3,2aeb5ca9-f64f-4ec6-a0ce-83223bff4772,4
0ae6735e-4b1b-4302-a20e-bbe5b72155c3,2b533923-83a2-4ac6-b497-934a549b50ab,38
0ae6735e-4b1b-4302-a20e-bbe5b72155c3,337a0873-453c-459f-99c7-2726975a71da,1
0ae6735e-4b1b-4302-a20e-bbe5b72155c3,356e5fc9-831f-4d9c-be2f-fd35a99e865b,3
0ae6735e-4b1b-4302-a20e-bbe5b72155c3,388e72cf-63dd-4839-9ce7-5491b6bdcfd8,23
0ae6735e-4b1b-4302-a20e-bbe5b72155c3,397c857a-fda0-414d-8fdc-8288cd3284aa,2
0ae6735e-4b1b-4302-a20e-bbe5b72155c3,3c169621-1134-429d-939c-77bb6dfe3185,2
0ae6735e-4b1b-4302-a20e-bbe5b72155c3,3e48d4c9-0d66-4b50-9f9c-969b5e314a42,149
0ae6735e-4b1b-4302-a20e-bbe5b72155c3,44081df1-828e-4d79-bd27-261be38f66f1,14
0ae6735e-4b1b-4302-a20e-bbe5b72155c3,49be3576-cea3-46c0-87eb-89beb108248d,3
0ae6735e-4b1b-4302-a20e-bbe5b72155c3,49e7fc50-90f5-4476-9275-c31f88864082,2
0ae6735e-4b1b-4302-a20e-bbe5b72155c3,4bf69aa9-29a7-44db-b7ee-8bfa40e343dd,3
0ae6735e-4b1b-4302-a20e-bbe5b72155c3,4c3e51e6-9f1e-49cc-a919-f74a8c88343e,48
0ae6735e-4b1b-4302-a20e-bbe5b72155c3,522d59a0-10ba-488f-a27a-a1dda7581900,2
0ae6735e-4b1b-4302-a20e-bbe5b72155c3,551f9a19-738c-4298-afe1-5ca7959ab74b,20
0ae6735e-4b1b-4302-a20e-bbe5b72155c3,56a86879-60e4-4cdb-b5f1-b66d6d090798,19
0ae6735e-4b1b-4302-a20e-bbe5b72155c3,5d54939f-2da7-4ca6-b159-4ef344336b21,67
0ae6735e-4b1b-4302-a20e-bbe5b72155c3,64457f28-37b6-4948-860a-f28bc62b99ae,2
0ae6735e-4b1b-4302-a20e-bbe5b72155c3,64f39510-b420-4b01-8b5e-2b2f2b0aad91,3
0ae6735e-4b1b-4302-a20e-bbe5b72155c3,666f31ca-041f-466d-9e78-804317921d69,2
0ae6735e-4b1b-4302-a20e-bbe5b72155c3,66b2be3d-10f8-46a4-90c6-b86005df0a50,19
0ae6735e-4b1b-4302-a20e-bbe5b72155c3,6d33b9bc-7d3a-4a60-b2d7-c2b70cd11ab1,8
0ae6735e-4b1b-4302-a20e-bbe5b72155c3,74b44968-d1f2-482a-a365-1fbb4cbda7f9,1
0ae6735e-4b1b-4302-a20e-bbe5b72155c3,7564c685-2691-4796-9159-ebd5df4fdc8d,45
0ae6735e-4b1b-4302-a20e-bbe5b72155c3,75a44c3a-5914-4c8e-9ca4-d987853f5844,21
0ae6735e-4b1b-4302-a20e-bbe5b72155c3,762e0f40-f100-4896-85a2-b1d8818fae41,1
0ae6735e-4b1b-4302-a20e-bbe5b72155c3,7954eb2c-1bf5-42af-80dc-85f29b367db0,1
0ae6735e-4b1b-4302-a20e-bbe5b72155c3,7c43c8c2-1958-496c-8060-b0f3bf652992,1
0ae6735e-4b1b-4302-a20e-bbe5b72155c3,7cbb2d95-46b2-4fcb-b129-9505f56e7f07,43
0ae6735e-4b1b-4302-a20e-bbe5b72155c3,7d18b6e3-de0c-4aea-bef8-242bbc38e936,7
0ae6735e-4b1b-4302-a20e-bbe5b72155c3,8349fff0-99b3-449a-bd4d-932ae95b29da,2
0ae6735e-4b1b-4302-a20e-bbe5b72155c3,84e7ec53-7bec-491e-bec7-19b6b1d359b1,2
0ae6735e-4b1b-4302-a20e-bbe5b72155c3,8509e44d-0f9b-413a-a2cd-f64d656c3955,1
0ae6735e-4b1b-4302-a20e-bbe5b72155c3,859e1824-cc60-4304-9293-dca932ebbed2,58
0ae6735e-4b1b-4302-a20e-bbe5b72155c3,88bf9f29-aa91-4ddd-ad2d-b73dfe6706ef,6
0ae6735e-4b1b-4302-a20e-bbe5b72155c3,89d70a20-bd10-46ed-866a-2c79362a0559,17
0ae6735e-4b1b-4302-a20e-bbe5b72155c3,8b3664bd-77e4-468b-af96-f3f4ec27fcce,2
0ae6735e-4b1b-4302-a20e-bbe5b72155c3,8ba16b4b-5dc1-441e-9229-8bb63c903ce1,4
0ae6735e-4b1b-4302-a20e-bbe5b72155c3,8ee20f38-f3f0-4ff9-b5d9-84557b5ddcb1,4
0ae6735e-4b1b-4302-a20e-bbe5b72155c3,942a29b8-057f-4dba-a8cd-3c35e5a81aaf,2
0ae6735e-4b1b-4302-a20e-bbe5b72155c3,94f6aaa0-69ed-4721-a62c-c2b592bec175,15
0ae6735e-4b1b-4302-a20e-bbe5b72155c3,973da897-66c7-4010-a98d-505e0e97a60c,2
0ae6735e-4b1b-4302-a20e-bbe5b72155c3,97ffe642-648f-4dab-a0e8-0720e96e3e35,3
0ae6735e-4b1b-4302-a20e-bbe5b72155c3,980a8ae3-b1c7-4912-ab9e-be3e6fd20d36,2
0ae6735e-4b1b-4302-a20e-bbe5b72155c3,98aa8bde-85b0-49ed-9795-e2eeb206e3b8,33
0ae6735e-4b1b-4302-a20e-bbe5b72155c3,9b13c8c8-eba4-411e-b095-858e352d3178,14
0ae6735e-4b1b-4302-a20e-bbe5b72155c3,9e79de98-e914-4dc8-8dc7-6d7cb09b93d7,27
0ae6735e-4b1b-4302-a20e-bbe5b72155c3,9f0c39d6-4a57-4849-9215-aa1147c7e0f6,44
0ae6735e-4b1b-4302-a20e-bbe5b72155c3,9f855643-68a2-409e-b4fe-81b92547212a,5
0ae6735e-4b1b-4302-a20e-bbe5b72155c3,a04d4b85-56f0-448f-b5e8-28b5340af204,3
0ae6735e-4b1b-4302-a20e-bbe5b72155c3,a396ae20-6309-456b-a5ae-e4068dea8a67,4
0ae6735e-4b1b-4302-a20e-bbe5b72155c3,a437e923-725f-415e-a01d-5588a7af933e,32
0ae6735e-4b1b-4302-a20e-bbe5b72155c3,a68468b6-51ea-440c-9387-b44ba10ad8b6,79
0ae6735e-4b1b-4302-a20e-bbe5b72155c3,a8e4581d-5186-4367-95c5-0a754c60b276,47
0ae6735e-4b1b-4302-a20e-bbe5b72155c3,ab15ce32-a527-4526-a5b2-0f2cdb92feeb,45
0ae6735e-4b1b-4302-a20e-bbe5b72155c3,b41b2403-9f06-4d55-adc5-b0777373ca7e,124
0ae6735e-4b1b-4302-a20e-bbe5b72155c3,b50b3f0b-afc8-46e5-bfda-cb60e2935a5a,2
0ae6735e-4b1b-4302-a20e-bbe5b72155c3,b7a52679-bac9-4e00-9dfd-06a22a7cf088,4
0ae6735e-4b1b-4302-a20e-bbe5b72155c3,b8663b71-f92b-4d2b-a06b-f78dba168d98,3
0ae6735e-4b1b-4302-a20e-bbe5b72155c3,b8d002bc-ea6c-4f57-b36e-38415b205e09,3
0ae6735e-4b1b-4302-a20e-bbe5b72155c3,b9cfefa1-1e5e-4fd7-a9d5-458e4c3a20db,3
0ae6735e-4b1b-4302-a20e-bbe5b72155c3,bb3a9cf3-6f64-4092-85a1-4318244ee603,5
0ae6735e-4b1b-4302-a20e-bbe5b72155c3,bb6801d4-f671-4ade-aa86-29aa89373dd9,4
0ae6735e-4b1b-4302-a20e-bbe5b72155c3,bf030048-0434-42f1-bbed-8b0c04014db4,11
0ae6735e-4b1b-4302-a20e-bbe5b72155c3,bf8eb79e-5034-4882-a4c5-413baba477d5,2
0ae6735e-4b1b-4302-a20e-bbe5b72155c3,c0d8ed4a-ec11-48e2-a468-6cd93327305b,16
0ae6735e-4b1b-4302-a20e-bbe5b72155c3,c6e26bd3-724f-45d3-93af-ef431e6fcd42,25
0ae6735e-4b1b-4302-a20e-bbe5b72155c3,c7822b58-103f-4612-87ef-648be97192c6,62
0ae6735e-4b1b-4302-a20e-bbe5b72155c3,cabae19e-836c-48c4-903e-7357789f9260,7
0ae6735e-4b1b-4302-a20e-bbe5b72155c3,ccea26dd-dcae-4174-8945-ec5cb568e951,39
0ae6735e-4b1b-4302-a20e-bbe5b72155c3,cd02edbc-106e-46d1-8d70-6594741356ea,1
0ae6735e-4b1b-4302-a20e-bbe5b72155c3,cf4c4d24-798d-4bbe-bf06-23ca674f0d28,1
0ae6735e-4b1b-4302-a20e-bbe5b72155c3,d07ef52c-cc10-4445-a3a1-dfe50371f110,31
0ae6735e-4b1b-4302-a20e-bbe5b72155c3,d0d8dcbd-4818-4925-a684-13767c7dae0d,1
0ae6735e-4b1b-4302-a20e-bbe5b72155c3,d1bb566e-a111-43b7-8856-273ebac1f753,1
0ae6735e-4b1b-4302-a20e-bbe5b72155c3,d34e1efc-fbba-4ad8-823a-61bc3f25d580,60
0ae6735e-4b1b-4302-a20e-bbe5b72155c3,d38ca3cf-9803-48dc-8592-c67c4430168e,10
0ae6735e-4b1b-4302-a20e-bbe5b72155c3,d59d1492-57b6-482b-88b6-b2b77c45c33d,14
0ae6735e-4b1b-4302-a20e-bbe5b72155c3,d847851a-777b-43c6-83b3-392672659edc,69
0ae6735e-4b1b-4302-a20e-bbe5b72155c3,d89044ef-b7df-4a15-be10-d342fe381664,8
0ae6735e-4b1b-4302-a20e-bbe5b72155c3,d9e78b0a-0a3b-44ef-acd9-15d6e9e19d60,1
0ae6735e-4b1b-4302-a20e-bbe5b72155c3,da756f9c-3f10-4ab8-9fa8-75812e248959,27
0ae6735e-4b1b-4302-a20e-bbe5b72155c3,da9f33b0-80ca-49eb-a1ec-def3b46538d9,1
0ae6735e-4b1b-4302-a20e-bbe5b72155c3,dab4cf29-4843-4261-b09b-973fe98dbf65,11
0ae6735e-4b1b-4302-a20e-bbe5b72155c3,e5c4753f-d2d8-4a4a-ae9d-62118892a731,3
0ae6735e-4b1b-4302-a20e-bbe5b72155c3,e6cc253d-14cb-437b-be88-4966f5fcb1f5,16
0ae6735e-4b1b-4302-a20e-bbe5b72155c3,e70c3ee3-cca2-4521-abea-b124dcec0952,13
0ae6735e-4b1b-4302-a20e-bbe5b72155c3,ec571f94-11b8-47d7-bb47-fd0d2d7c7f07,15
0ae6735e-4b1b-4302-a20e-bbe5b72155c3,ee32e8d2-aa15-4603-901e-2cc3c72e9ead,8
0ae6735e-4b1b-4302-a20e-bbe5b72155c3,ef8d31db-0876-4998-b0d9-056643260d46,1
0ae6735e-4b1b-4302-a20e-bbe5b72155c3,f23be4bd-7b2b-45dd-be84-4f76f11b624a,1
0ae6735e-4b1b-4302-a20e-bbe5b72155c3,f31cabe4-e1f4-46db-88a9-b46ba44dded4,94
0ae6735e-4b1b-4302-a20e-bbe5b72155c3,fa4d473c-e553-439e-8f53-ca5f2b203dbd,1
0ae6735e-4b1b-4302-a20e-bbe5b72155c3,fb291eb2-962a-482f-971a-0b62673f9a86,7
0ae6735e-4b1b-4302-a20e-bbe5b72155c3,fdc445bd-f8fe-4cfc-b387-7fd66a181674,14
0b55495e-b33f-4707-96b7-d9c62bb68669,0d036fcf-a456-4798-9b76-3f44eb74a451,7
0b55495e-b33f-4707-96b7-d9c62bb68669,10eeecd7-86d3-462c-b305-b66c787d6c9b,2
0b55495e-b33f-4707-96b7-d9c62bb68669,14a5b9c6-b7e3-4a59-9083-ab81f1d50f7e,4
0b55495e-b33f-4707-96b7-d9c62bb68669,17f26a48-9f54-42a1-9890-c6da761a9a2f,23
0b55495e-b33f-4707-96b7-d9c62bb68669,202e3325-7f81-4c5a-8aee-386a4bcd87e2,8
0b55495e-b33f-4707-96b7-d9c62bb68669,2b533923-83a2-4ac6-b497-934a549b50ab,8
0b55495e-b33f-4707-96b7-d9c62bb68669,4a92f48a-0387-47c7-800e-cf59692e6411,20
0b55495e-b33f-4707-96b7-d9c62bb68669,5d3c16f6-cad0-432f-b850-8a62cfb6526c,4
0b55495e-b33f-4707-96b7-d9c62bb68669,9b13c8c8-eba4-411e-b095-858e352d3178,4
0b55495e-b33f-4707-96b7-d9c62bb68669,b7a52679-bac9-4e00-9dfd-06a22a7cf088,21
0b55495e-b33f-4707-96b7-d9c62bb68669,b9cfefa1-1e5e-4fd7-a9d5-458e4c3a20db,5
0b55495e-b33f-4707-96b7-d9c62bb68669,ba21eb65-8546-40e5-a425-0d228d0eaeac,5
0b55495e-b33f-4707-96b7-d9c62bb68669,edefa48b-f14e-4ec3-ab3c-dfe2aa0126ec,1
0be150ac-e44d-483e-bdbf-299647e9f8b2,39264f53-3ba8-4732-a408-afebe5bec233,1
0be150ac-e44d-483e-bdbf-299647e9f8b2,409289ab-9547-46db-be9f-d8e3d7c1df41,1
0be150ac-e44d-483e-bdbf-299647e9f8b2,58fc3889-ed2a-4cb0-bbd8-54ef85e3f9a1,1
0be150ac-e44d-483e-bdbf-299647e9f8b2,618bbc2f-4dc0-41a2-8ae0-7dd1e4a76c90,1
0be150ac-e44d-483e-bdbf-299647e9f8b2,7adae072-f9e6-4c0c-a1ae-fc10e9fad200,2
0be150ac-e44d-483e-bdbf-299647e9f8b2,a6727ba5-e45d-4f28-b2fb-6bb73d255d81,2
0be150ac-e44d-483e-bdbf-299647e9f8b2,e740c2a5-57ae-47ef-bcd2-fbfcca2affc1,3
0be150ac-e44d-483e-bdbf-299647e9f8b2,efbd64bd-4263-433f-a3f2-67386477de49,3
0c33030f-88e2-44c8-803d-6dd7c58c1378,1b59d69d-89a1-42c3-b5bf-52f38c39d88d,2
0c33030f-88e2-44c8-803d-6dd7c58c1378,1bdd5fcc-6231-4781-a4b6-413ae942af01,3
0c33030f-88e2-44c8-803d-6dd7c58c1378,1c16919b-5c3f-486c-9cc7-bdd00e29e9a4,2
0c33030f-88e2-44c8-803d-6dd7c58c1378,1e4f3007-3e72-4135-80e0-238966189fd4,1
0c33030f-88e2-44c8-803d-6dd7c58c1378,202e3325-7f81-4c5a-8aee-386a4bcd87e2,4
0c33030f-88e2-44c8-803d-6dd7c58c1378,238396aa-d91b-46ee-a7e9-301e9ac7bd7e,22
0c33030f-88e2-44c8-803d-6dd7c58c1378,2b533923-83a2-4ac6-b497-934a549b50ab,3
0c33030f-88e2-44c8-803d-6dd7c58c1378,2e1211a4-9506-4dbe-ab15-1b881bb87074,1
0c33030f-88e2-44c8-803d-6dd7c58c1378,3b8c5482-7bdb-414b-97c7-ca34fb10da6f,2
0c33030f-88e2-44c8-803d-6dd7c58c1378,44d2b41e-0e28-46c4-972b-daf49b4d9824,16
0c33030f-88e2-44c8-803d-6dd7c58c1378,4aa76e80-51db-4c6f-b97c-e7926b39a66c,4
0c33030f-88e2-44c8-803d-6dd7c58c1378,56cbb44d-9390-480d-b686-56da6c2d6d35,1
0c33030f-88e2-44c8-803d-6dd7c58c1378,71cbc21c-4e36-4df7-9f58-e15a1c1f162c,2
0c33030f-88e2-44c8-803d-6dd7c58c1378,9b13c8c8-eba4-411e-b095-858e352d3178,1
0c33030f-88e2-44c8-803d-6dd7c58c1378,9d2229a5-c46a-485a-9b82-315e270c3e9a,18
0c33030f-88e2-44c8-803d-6dd7c58c1378,ab97f146-7308-4a7e-9197-2ef5ee467a95,6
0c33030f-88e2-44c8-803d-6dd7c58c1378,ae91b7a3-544d-40c7-8373-815a0bd18cf0,4
0c33030f-88e2-44c8-803d-6dd7c58c1378,bf030048-0434-42f1-bbed-8b0c04014db4,13
0c33030f-88e2-44c8-803d-6dd7c58c1378,caaae646-de85-453f-b6e0-9b9b4f710f03,2
0c33030f-88e2-44c8-803d-6dd7c58c1378,cefbf19c-653b-4af7-84a6-e17fba0e4a70,5
0c33030f-88e2-44c8-803d-6dd7c58c1378,d3023879-e3c7-411b-bb8a-1a0be0ca6035,6
0c33030f-88e2-44c8-803d-6dd7c58c1378,d653bf17-e60f-4512-9258-a68ec026e381,3
0c33030f-88e2-44c8-803d-6dd7c58c1378,ddaff486-ef62-4200-aeb9-eeb4bedcc620,1
0c33030f-88e2-44c8-803d-6dd7c58c1378,e5c9b4ba-9064-4858-a052-bb3bbecfac4b,1
0c33030f-88e2-44c8-803d-6dd7c58c1378,ee32e8d2-aa15-4603-901e-2cc3c72e9ead,20
0c463ce0-e8cb-4066-b37c-e664dd2f4203,3e48d4c9-0d66-4b50-9f9c-969b5e314a42,1
0c78eba7-66a3-4ec9-b084-ed30e0ec5d6f,4d73ea92-7e5c-4964-bc40-d80f38860ae4,1
0c78eba7-66a3-4ec9-b084-ed30e0ec5d6f,80d891ee-7f80-4d4f-b486-3b0d1a9fd67a,2
0cd71c11-bddf-46af-a796-780a4756c2b0,1b59d69d-89a1-42c3-b5bf-52f38c39d88d,2
0cd71c11-bddf-46af-a796-780a4756c2b0,337a0873-453c-459f-99c7-2726975a71da,6
0cd71c11-bddf-46af-a796-780a4756c2b0,388e72cf-63dd-4839-9ce7-5491b6bdcfd8,3
0cd71c11-bddf-46af-a796-780a4756c2b0,3e48d4c9-0d66-4b50-9f9c-969b5e314a42,3
0cd71c11-bddf-46af-a796-780a4756c2b0,56a86879-60e4-4cdb-b5f1-b66d6d090798,1
0cd71c11-bddf-46af-a796-780a4756c2b0,666f31ca-041f-466d-9e78-804317921d69,1
0cd71c11-bddf-46af-a796-780a4756c2b0,762e0f40-f100-4896-85a2-b1d8818fae41,2
0cd71c11-bddf-46af-a796-780a4756c2b0,c0d8ed4a-ec11-48e2-a468-6cd93327305b,2
0cd71c11-bddf-46af-a796-780a4756c2b0,e70c3ee3-cca2-4521-abea-b124dcec0952,1
0cd71c11-bddf-46af-a796-780a4756c2b0,f289b7eb-f6ba-415b-90d9-1124c652637c,2
0d036fcf-a456-4798-9b76-3f44eb74a451,0ea8e29d-3bfe-4982-8594-9350b527d553,10
0d036fcf-a456-4798-9b76-3f44eb74a451,10eeecd7-86d3-462c-b305-b66c787d6c9b,1
0d036fcf-a456-4798-9b76-3f44eb74a451,14a5b9c6-b7e3-4a59-9083-ab81f1d50f7e,5
0d036fcf-a456-4798-9b76-3f44eb74a451,16596afa-9e56-4d0a-a715-f40592825937,60
0d036fcf-a456-4798-9b76-3f44eb74a451,16be6093-7884-4d00-ae31-70dc7062f57a,52
0d036fcf-a456-4798-9b76-3f44eb74a451,17f26a48-9f54-42a1-9890-c6da761a9a2f,16
0d036fcf-a456-4798-9b76-3f44eb74a451,1899007b-67d2-4699-b896-2fdd92b69fc1,2
0d036fcf-a456-4798-9b76-3f44eb74a451,197b435e-29b1-4b69-8c6a-b38bc44ffce3,168
0d036fcf-a456-4798-9b76-3f44eb74a451,1b59d69d-89a1-42c3-b5bf-52f38c39d88d,88
0d036fcf-a456-4798-9b76-3f44eb74a451,1bdd5fcc-6231-4781-a4b6-413ae942af01,84
0d036fcf-a456-4798-9b76-3f44eb74a451,1c16919b-5c3f-486c-9cc7-bdd00e29e9a4,89
0d036fcf-a456-4798-9b76-3f44eb74a451,1c889902-6ede-427c-8682-000f683fffaa,1
0d036fcf-a456-4798-9b76-3f44eb74a451,1e8aa099-9c94-432d-bff7-ac9fe20ff3ff,2
0d036fcf-a456-4798-9b76-3f44eb74a451,238396aa-d91b-46ee-a7e9-301e9ac7bd7e,28
0d036fcf-a456-4798-9b76-3f44eb74a451,2690bccc-5463-459a-b1df-cb93e222b348,7
0d036fcf-a456-4798-9b76-3f44eb74a451,29124ef6-e1d5-4138-bf01-8433afde7269,1
0d036fcf-a456-4798-9b76-3f44eb74a451,299782b9-b45f-4cd6-b1db-abee2be08d81,85
0d036fcf-a456-4798-9b76-3f44eb74a451,2aeb5ca9-f64f-4ec6-a0ce-83223bff4772,9
0d036fcf-a456-4798-9b76-3f44eb74a451,2b533923-83a2-4ac6-b497-934a549b50ab,14
0d036fcf-a456-4798-9b76-3f44eb74a451,2b537cd5-1203-4c08-8118-b295796deb07,3
0d036fcf-a456-4798-9b76-3f44eb74a451,2d120900-fed8-43ae-a234-2bc4af510867,3
0d036fcf-a456-4798-9b76-3f44eb74a451,2e1211a4-9506-4dbe-ab15-1b881bb87074,2
0d036fcf-a456-4798-9b76-3f44eb74a451,337a0873-453c-459f-99c7-2726975a71da,1
0d036fcf-a456-4798-9b76-3f44eb74a451,35d9ddbe-1687-4f95-8821-d5b82c2cf205,7
0d036fcf-a456-4798-9b76-3f44eb74a451,36ff4d40-ec26-4ba3-9370-3ec3b73c42ff,1
0d036fcf-a456-4798-9b76-3f44eb74a451,3b8c5482-7bdb-414b-97c7-ca34fb10da6f,6
0d036fcf-a456-4798-9b76-3f44eb74a451,3c169621-1134-429d-939c-77bb6dfe3185,2
0d036fcf-a456-4798-9b76-3f44eb74a451,3c3a7304-0f4d-4b1f-a953-a6515b8b7670,1
0d036fcf-a456-4798-9b76-3f44eb74a451,3dd45c3b-636a-4f17-b11c-72e3cfc56330,50
0d036fcf-a456-4798-9b76-3f44eb74a451,3e48d4c9-0d66-4b50-9f9c-969b5e314a42,18
0d036fcf-a456-4798-9b76-3f44eb74a451,412ecb41-f20c-477d-b8e7-d7b548a10a44,14
0d036fcf-a456-4798-9b76-3f44eb74a451,44081df1-828e-4d79-bd27-261be38f66f1,6
0d036fcf-a456-4798-9b76-3f44eb74a451,446e3e45-8e03-4f8d-bb52-ea092634378f,2
0d036fcf-a456-4798-9b76-3f44eb74a451,44d2b41e-0e28-46c4-972b-daf49b4d9824,2
0d036fcf-a456-4798-9b76-3f44eb74a451,44f6140e-9776-4c08-bd68-5dde99f2ab62,2
0d036fcf-a456-4798-9b76-3f44eb74a451,49be3576-cea3-46c0-87eb-89beb108248d,54
0d036fcf-a456-4798-9b76-3f44eb74a451,4a92f48a-0387-47c7-800e-cf59692e6411,9
0d036fcf-a456-4798-9b76-3f44eb74a451,4aa76e80-51db-4c6f-b97c-e7926b39a66c,58
0d036fcf-a456-4798-9b76-3f44eb74a451,4c3e51e6-9f1e-49cc-a919-f74a8c88343e,19
0d036fcf-a456-4798-9b76-3f44eb74a451,54cbf78c-ae5e-49b7-8fcc-41d0fb7b5855,26
0d036fcf-a456-4798-9b76-3f44eb74a451,551f9a19-738c-4298-afe1-5ca7959ab74b,4
0d036fcf-a456-4798-9b76-3f44eb74a451,5ab23e3a-aed4-4713-9214-53336765be9d,189
0d036fcf-a456-4798-9b76-3f44eb74a451,5d54939f-2da7-4ca6-b159-4ef344336b21,20
0d036fcf-a456-4798-9b76-3f44eb74a451,61721e3f-a394-42ff-9885-8a58aa1d1612,1
0d036fcf-a456-4798-9b76-3f44eb74a451,64457f28-37b6-4948-860a-f28bc62b99ae,3
0d036fcf-a456-4798-9b76-3f44eb74a451,64522cbc-a297-4c67-a204-1e31deb91f68,2
0d036fcf-a456-4798-9b76-3f44eb74a451,64f39510-b420-4b01-8b5e-2b2f2b0aad91,1
0d036fcf-a456-4798-9b76-3f44eb74a451,6bfaf570-5b6f-41e1-baf2-b833f6203513,5
0d036fcf-a456-4798-9b76-3f44eb74a451,6d33b9bc-7d3a-4a60-b2d7-c2b70cd11ab1,61
0d036fcf-a456-4798-9b76-3f44eb74a451,71cbc21c-4e36-4df7-9f58-e15a1c1f162c,11
0d036fcf-a456-4798-9b76-3f44eb74a451,71df2edb-5973-46ec-82d7-c65ccd00abd4,6
0d036fcf-a456-4798-9b76-3f44eb74a451,7265b8e8-62d4-4ba2-8117-8f758fbf606e,5
0d036fcf-a456-4798-9b76-3f44eb74a451,7564c685-2691-4796-9159-ebd5df4fdc8d,1
0d036fcf-a456-4798-9b76-3f44eb74a451,75a44c3a-5914-4c8e-9ca4-d987853f5844,3
0d036fcf-a456-4798-9b76-3f44eb74a451,762e0f40-f100-4896-85a2-b1d8818fae41,3
0d036fcf-a456-4798-9b76-3f44eb74a451,7c43c8c2-1958-496c-8060-b0f3bf652992,1
0d036fcf-a456-4798-9b76-3f44eb74a451,7cbb2d95-46b2-4fcb-b129-9505f56e7f07,4
0d036fcf-a456-4798-9b76-3f44eb74a451,859e1824-cc60-4304-9293-dca932ebbed2,1
0d036fcf-a456-4798-9b76-3f44eb74a451,8711c928-b30d-4859-b091-74678ca63e5b,13
0d036fcf-a456-4798-9b76-3f44eb74a451,88bf9f29-aa91-4ddd-ad2d-b73dfe6706ef,2
0d036fcf-a456-4798-9b76-3f44eb74a451,89d70a20-bd10-46ed-866a-2c79362a0559,1
0d036fcf-a456-4798-9b76-3f44eb74a451,8b3664bd-77e4-468b-af96-f3f4ec27fcce,4
0d036fcf-a456-4798-9b76-3f44eb74a451,8dcd68d9-3f9b-4c92-b3e6-9f6c48a3bdfe,4
0d036fcf-a456-4798-9b76-3f44eb74a451,935fc903-0272-4f85-84e7-6c22aa9710f3,6
0d036fcf-a456-4798-9b76-3f44eb74a451,94f6aaa0-69ed-4721-a62c-c2b592bec175,2
0d036fcf-a456-4798-9b76-3f44eb74a451,9522ae6b-a187-4f51-9df7-1b0feb767d6e,8
0d036fcf-a456-4798-9b76-3f44eb74a451,980a8ae3-b1c7-4912-ab9e-be3e6fd20d36,2
0d036fcf-a456-4798-9b76-3f44eb74a451,98aa8bde-85b0-49ed-9795-e2eeb206e3b8,11
0d036fcf-a456-4798-9b76-3f44eb74a451,98cf30be-80d9-498a-966f-10f3ae8ffe22,1
0d036fcf-a456-4798-9b76-3f44eb74a451,9ab41898-332f-4c08-a834-d58b4669c990,3
0d036fcf-a456-4798-9b76-3f44eb74a451,9b13c8c8-eba4-411e-b095-858e352d3178,12
0d036fcf-a456-4798-9b76-3f44eb74a451,9bf12da8-39ea-4505-9500-764bc440cfc9,43
0d036fcf-a456-4798-9b76-3f44eb74a451,9d2229a5-c46a-485a-9b82-315e270c3e9a,1
0d036fcf-a456-4798-9b76-3f44eb74a451,9f0c39d6-4a57-4849-9215-aa1147c7e0f6,3
0d036fcf-a456-4798-9b76-3f44eb74a451,a437e923-725f-415e-a01d-5588a7af933e,6
0d036fcf-a456-4798-9b76-3f44eb74a451,a68468b6-51ea-440c-9387-b44ba10ad8b6,27
0d036fcf-a456-4798-9b76-3f44eb74a451,a8e4581d-5186-4367-95c5-0a754c60b276,19
0d036fcf-a456-4798-9b76-3f44eb74a451,aa316142-d6ee-4138-bf48-37cd7d11d058,5
0d036fcf-a456-4798-9b76-3f44eb74a451,aa612b6e-b61d-43a8-8775-c83839a9f6ef,2
0d036fcf-a456-4798-9b76-3f44eb74a451,ab15ce32-a527-4526-a5b2-0f2cdb92feeb,30
0d036fcf-a456-4798-9b76-3f44eb74a451,ab97f146-7308-4a7e-9197-2ef5ee467a95,6
0d036fcf-a456-4798-9b76-3f44eb74a451,ac61813c-2d49-4318-b5d0-32e3559b8db4,3
0d036fcf-a456-4798-9b76-3f44eb74a451,b29c0e00-7ac2-4c28-ab4f-8fceb156337b,26
0d036fcf-a456-4798-9b76-3f44eb74a451,b41b2403-9f06-4d55-adc5-b0777373ca7e,22
0d036fcf-a456-4798-9b76-3f44eb74a451,b4e1d8cf-e8cf-4b66-9ded-97fc8176fa4a,27
0d036fcf-a456-4798-9b76-3f44eb74a451,b7a52679-bac9-4e00-9dfd-06a22a7cf088,9
0d036fcf-a456-4798-9b76-3f44eb74a451,b8663b71-f92b-4d2b-a06b-f78dba168d98,4
0d036fcf-a456-4798-9b76-3f44eb74a451,b9cfefa1-1e5e-4fd7-a9d5-458e4c3a20db,1
0d036fcf-a456-4798-9b76-3f44eb74a451,ba21eb65-8546-40e5-a425-0d228d0eaeac,3
0d036fcf-a456-4798-9b76-3f44eb74a451,bb3a9cf3-6f64-4092-85a1-4318244ee603,37
0d036fcf-a456-4798-9b76-3f44eb74a451,bf030048-0434-42f1-bbed-8b0c04014db4,11
0d036fcf-a456-4798-9b76-3f44eb74a451,bf494e35-c009-4c74-a5c6-3cb2cd26bb51,2
0d036fcf-a456-4798-9b76-3f44eb74a451,bf8eb79e-5034-4882-a4c5-413baba477d5,3
0d036fcf-a456-4798-9b76-3f44eb74a451,bf97025a-1c30-4042-bffe-948027f24e6c,8
0d036fcf-a456-4798-9b76-3f44eb74a451,c0d8ed4a-ec11-48e2-a468-6cd93327305b,3
0d036fcf-a456-4798-9b76-3f44eb74a451,c128a46d-ebd9-4ee9-80cc-16bfe505e539,2
0d036fcf-a456-4798-9b76-3f44eb74a451,c4f7c468-721e-4953-97f2-bff05fe570c4,1
0d036fcf-a456-4798-9b76-3f44eb74a451,c606904d-daef-44ff-bd30-cfdc1e6b5185,3
0d036fcf-a456-4798-9b76-3f44eb74a451,c6b2bdaf-8c1f-4b88-a8cb-167941b98bfb,1
0d036fcf-a456-4798-9b76-3f44eb74a451,c6e26bd3-724f-45d3-93af-ef431e6fcd42,13
0d036fcf-a456-4798-9b76-3f44eb74a451,caaae646-de85-453f-b6e0-9b9b4f710f03,5
0d036fcf-a456-4798-9b76-3f44eb74a451,ccea26dd-dcae-4174-8945-ec5cb568e951,3
0d036fcf-a456-4798-9b76-3f44eb74a451,cefbf19c-653b-4af7-84a6-e17fba0e4a70,3
0d036fcf-a456-4798-9b76-3f44eb74a451,cf4c4d24-798d-4bbe-bf06-23ca674f0d28,36
0d036fcf-a456-4798-9b76-3f44eb74a451,cfb17042-9f10-4e44-99f4-358bad067455,1
0d036fcf-a456-4798-9b76-3f44eb74a451,d1bb566e-a111-43b7-8856-273ebac1f753,10
0d036fcf-a456-4798-9b76-3f44eb74a451,d34e1efc-fbba-4ad8-823a-61bc3f25d580,6
0d036fcf-a456-4798-9b76-3f44eb74a451,d38ca3cf-9803-48dc-8592-c67c4430168e,2
0d036fcf-a456-4798-9b76-3f44eb74a451,d847851a-777b-43c6-83b3-392672659edc,21
0d036fcf-a456-4798-9b76-3f44eb74a451,dae67415-1ed1-4464-a59e-75170eb1925d,3
0d036fcf-a456-4798-9b76-3f44eb74a451,ddaff486-ef62-4200-aeb9-eeb4bedcc620,45
0d036fcf-a456-4798-9b76-3f44eb74a451,de076177-b820-4aff-9629-6829277e1c16,1
0d036fcf-a456-4798-9b76-3f44eb74a451,e5c4753f-d2d8-4a4a-ae9d-62118892a731,3
0d036fcf-a456-4798-9b76-3f44eb74a451,e5c9b4ba-9064-4858-a052-bb3bbecfac4b,7
0d036fcf-a456-4798-9b76-3f44eb74a451,e6cc253d-14cb-437b-be88-4966f5fcb1f5,2
0d036fcf-a456-4798-9b76-3f44eb74a451,e7f0d8e8-4c52-4d0a-8b94-28729046f45b,7
0d036fcf-a456-4798-9b76-3f44eb74a451,ec273841-069f-408b-b434-8524904ae314,20
0d036fcf-a456-4798-9b76-3f44eb74a451,ec571f94-11b8-47d7-bb47-fd0d2d7c7f07,1
0d036fcf-a456-4798-9b76-3f44eb74a451,ee32e8d2-aa15-4603-901e-2cc3c72e9ead,3
0d036fcf-a456-4798-9b76-3f44eb74a451,f31cabe4-e1f4-46db-88a9-b46ba44dded4,4
0d09a569-a906-4f4f-a2fb-cb2fedbf1c8c,14a5b9c6-b7e3-4a59-9083-ab81f1d50f7e,1
0d09a569-a906-4f4f-a2fb-cb2fedbf1c8c,2b533923-83a2-4ac6-b497-934a549b50ab,1
0d09a569-a906-4f4f-a2fb-cb2fedbf1c8c,39023322-8e6c-4cb4-b42d-c5bf80377dd6,1
0d09a569-a906-4f4f-a2fb-cb2fedbf1c8c,4a9d1641-505a-4e22-96d3-36be9d1e6322,1
0d09a569-a906-4f4f-a2fb-cb2fedbf1c8c,80d891ee-7f80-4d4f-b486-3b0d1a9fd67a,1
0d09a569-a906-4f4f-a2fb-cb2fedbf1c8c,990c794a-2170-435a-8c43-97d4fd0e621e,2
0d09a569-a906-4f4f-a2fb-cb2fedbf1c8c,aa0272f6-6e3c-41f7-b040-b774b30d2196,1
0d09a569-a906-4f4f-a2fb-cb2fedbf1c8c,ac61813c-2d49-4318-b5d0-32e3559b8db4,1
0d09a569-a906-4f4f-a2fb-cb2fedbf1c8c,ba21eb65-8546-40e5-a425-0d228d0eaeac,1
0d09a569-a906-4f4f-a2fb-cb2fedbf1c8c,bd954447-a92c-4899-a9a8-4a58569fd4d2,2
0d09a569-a906-4f4f-a2fb-cb2fedbf1c8c,cfd07390-25a9-4fdb-bced-8a463530bf51,1
0d09a569-a906-4f4f-a2fb-cb2fedbf1c8c,d07ef52c-cc10-4445-a3a1-dfe50371f110,1
0d09a569-a906-4f4f-a2fb-cb2fedbf1c8c,d1bb566e-a111-43b7-8856-273ebac1f753,1
0d09a569-a906-4f4f-a2fb-cb2fedbf1c8c,ee32e8d2-aa15-4603-901e-2cc3c72e9ead,1
0d70272a-5caf-4f32-aecb-76277e55999f,16be6093-7884-4d00-ae31-70dc7062f57a,1
0d70272a-5caf-4f32-aecb-76277e55999f,1bdd5fcc-6231-4781-a4b6-413ae942af01,2
0d70272a-5caf-4f32-aecb-76277e55999f,1c889902-6ede-427c-8682-000f683fffaa,8
0d70272a-5caf-4f32-aecb-76277e55999f,1ee767b9-67f3-47e5-9e28-045da1c37b05,1
0d70272a-5caf-4f32-aecb-76277e55999f,2538ca6a-8254-4c7e-af71-a20db82afd30,5
0d70272a-5caf-4f32-aecb-76277e55999f,2b533923-83a2-4ac6-b497-934a549b50ab,1
0d70272a-5caf-4f32-aecb-76277e55999f,388e72cf-63dd-4839-9ce7-5491b6bdcfd8,5
0d70272a-5caf-4f32-aecb-76277e55999f,3e48d4c9-0d66-4b50-9f9c-969b5e314a42,6
0d70272a-5caf-4f32-aecb-76277e55999f,44081df1-828e-4d79-bd27-261be38f66f1,6
0d70272a-5caf-4f32-aecb-76277e55999f,49e7fc50-90f5-4476-9275-c31f88864082,1
0d70272a-5caf-4f32-aecb-76277e55999f,4c3e51e6-9f1e-49cc-a919-f74a8c88343e,1
0d70272a-5caf-4f32-aecb-76277e55999f,551f9a19-738c-4298-afe1-5ca7959ab74b,6
0d70272a-5caf-4f32-aecb-76277e55999f,56a86879-60e4-4cdb-b5f1-b66d6d090798,3
0d70272a-5caf-4f32-aecb-76277e55999f,7564c685-2691-4796-9159-ebd5df4fdc8d,2
0d70272a-5caf-4f32-aecb-76277e55999f,7d18b6e3-de0c-4aea-bef8-242bbc38e936,1
0d70272a-5caf-4f32-aecb-76277e55999f,8509e44d-0f9b-413a-a2cd-f64d656c3955,3
0d70272a-5caf-4f32-aecb-76277e55999f,8767e9de-869e-4e8a-940f-1a63d15eab3c,2
0d70272a-5caf-4f32-aecb-76277e55999f,9b13c8c8-eba4-411e-b095-858e352d3178,1
0d70272a-5caf-4f32-aecb-76277e55999f,b41b2403-9f06-4d55-adc5-b0777373ca7e,4
0d70272a-5caf-4f32-aecb-76277e55999f,b7a52679-bac9-4e00-9dfd-06a22a7cf088,11
0d70272a-5caf-4f32-aecb-76277e55999f,bf030048-0434-42f1-bbed-8b0c04014db4,3
0d70272a-5caf-4f32-aecb-76277e55999f,c0d8ed4a-ec11-48e2-a468-6cd93327305b,2
0d70272a-5caf-4f32-aecb-76277e55999f,c6e26bd3-724f-45d3-93af-ef431e6fcd42,1
0d70272a-5caf-4f32-aecb-76277e55999f,c7822b58-103f-4612-87ef-648be97192c6,18
0d70272a-5caf-4f32-aecb-76277e55999f,ce400601-651e-4ac9-a43e-ed8d4817b7fd,11
0d70272a-5caf-4f32-aecb-76277e55999f,d38ca3cf-9803-48dc-8592-c67c4430168e,1
0d70272a-5caf-4f32-aecb-76277e55999f,d89044ef-b7df-4a15-be10-d342fe381664,2
0d70272a-5caf-4f32-aecb-76277e55999f,da756f9c-3f10-4ab8-9fa8-75812e248959,9
0d70272a-5caf-4f32-aecb-76277e55999f,e70c3ee3-cca2-4521-abea-b124dcec0952,3
0d70272a-5caf-4f32-aecb-76277e55999f,f289b7eb-f6ba-415b-90d9-1124c652637c,8
0d70272a-5caf-4f32-aecb-76277e55999f,f31cabe4-e1f4-46db-88a9-b46ba44dded4,2
0d70272a-5caf-4f32-aecb-76277e55999f,fb291eb2-962a-482f-971a-0b62673f9a86,9
0d70272a-5caf-4f32-aecb-76277e55999f,fdc445bd-f8fe-4cfc-b387-7fd66a181674,1
0e34f732-337a-4339-961f-8c18d68e714d,17f26a48-9f54-42a1-9890-c6da761a9a2f,12
0e34f732-337a-4339-961f-8c18d68e714d,1bdd5fcc-6231-4781-a4b6-413ae942af01,6
0e34f732-337a-4339-961f-8c18d68e714d,1ee767b9-67f3-47e5-9e28-045da1c37b05,9
0e34f732-337a-4339-961f-8c18d68e714d,3e48d4c9-0d66-4b50-9f9c-969b5e314a42,1
0e34f732-337a-4339-961f-8c18d68e714d,44081df1-828e-4d79-bd27-261be38f66f1,1
0e34f732-337a-4339-961f-8c18d68e714d,56a86879-60e4-4cdb-b5f1-b66d6d090798,7
0e34f732-337a-4339-961f-8c18d68e714d,5d54939f-2da7-4ca6-b159-4ef344336b21,4
0e34f732-337a-4339-961f-8c18d68e714d,8349fff0-99b3-449a-bd4d-932ae95b29da,8
0e34f732-337a-4339-961f-8c18d68e714d,859e1824-cc60-4304-9293-dca932ebbed2,3
0e34f732-337a-4339-961f-8c18d68e714d,8ba16b4b-5dc1-441e-9229-8bb63c903ce1,15
0e34f732-337a-4339-961f-8c18d68e714d,98aa8bde-85b0-49ed-9795-e2eeb206e3b8,1
0e34f732-337a-4339-961f-8c18d68e714d,9b13c8c8-eba4-411e-b095-858e352d3178,2
0e34f732-337a-4339-961f-8c18d68e714d,9f0c39d6-4a57-4849-9215-aa1147c7e0f6,1
0e34f732-337a-4339-961f-8c18d68e714d,a68468b6-51ea-440c-9387-b44ba10ad8b6,1
0e34f732-337a-4339-961f-8c18d68e714d,b41b2403-9f06-4d55-adc5-b0777373ca7e,2
0e34f732-337a-4339-961f-8c18d68e714d,b9cfefa1-1e5e-4fd7-a9d5-458e4c3a20db,4
0e34f732-337a-4339-961f-8c18d68e714d,bb6801d4-f671-4ade-aa86-29aa89373dd9,2
0e34f732-337a-4339-961f-8c18d68e714d,c4f7c468-721e-4953-97f2-bff05fe570c4,1
0e34f732-337a-4339-961f-8c18d68e714d,c7822b58-103f-4612-87ef-648be97192c6,10
0e34f732-337a-4339-961f-8c18d68e714d,d07ef52c-cc10-4445-a3a1-dfe50371f110,1
0e34f732-337a-4339-961f-8c18d68e714d,d38ca3cf-9803-48dc-8592-c67c4430168e,6
0e34f732-337a-4339-961f-8c18d68e714d,d59d1492-57b6-482b-88b6-b2b77c45c33d,1
0e34f732-337a-4339-961f-8c18d68e714d,d847851a-777b-43c6-83b3-392672659edc,2
0e34f732-337a-4339-961f-8c18d68e714d,e70c3ee3-cca2-4521-abea-b124dcec0952,8
0e34f732-337a-4339-961f-8c18d68e714d,ec571f94-11b8-47d7-bb47-fd0d2d7c7f07,1
0e34f732-337a-4339-961f-8c18d68e714d,f31cabe4-e1f4-46db-88a9-b46ba44dded4,1
0ea8e29d-3bfe-4982-8594-9350b527d553,10870c31-0253-4fa0-a2bc-1a6d3c553028,1
0ea8e29d-3bfe-4982-8594-9350b527d553,13e26587-88d8-440b-bb93-527a8e845342,6
0ea8e29d-3bfe-4982-8594-9350b527d553,15959521-3e16-4fdb-be6b-36f0b0504e6d,76
0ea8e29d-3bfe-4982-8594-9350b527d553,16596afa-9e56-4d0a-a715-f40592825937,2
0ea8e29d-3bfe-4982-8594-9350b527d553,16be6093-7884-4d00-ae31-70dc7062f57a,4
0ea8e29d-3bfe-4982-8594-9350b527d553,17f26a48-9f54-42a1-9890-c6da761a9a2f,4
0ea8e29d-3bfe-4982-8594-9350b527d553,196d0048-0369-4786-ba81-bda9da8c3636,2
0ea8e29d-3bfe-4982-8594-9350b527d553,1bdd5fcc-6231-4781-a4b6-413ae942af01,13
0ea8e29d-3bfe-4982-8594-9350b527d553,1c16919b-5c3f-486c-9cc7-bdd00e29e9a4,6
0ea8e29d-3bfe-4982-8594-9350b527d553,1e8aa099-9c94-432d-bff7-ac9fe20ff3ff,11
0ea8e29d-3bfe-4982-8594-9350b527d553,1ee767b9-67f3-47e5-9e28-045da1c37b05,1
0ea8e29d-3bfe-4982-8594-9350b527d553,2690bccc-5463-459a-b1df-cb93e222b348,1
0ea8e29d-3bfe-4982-8594-9350b527d553,29124ef6-e1d5-4138-bf01-8433afde7269,3
0ea8e29d-3bfe-4982-8594-9350b527d553,299782b9-b45f-4cd6-b1db-abee2be08d81,28
0ea8e29d-3bfe-4982-8594-9350b527d553,2aeb5ca9-f64f-4ec6-a0ce-83223bff4772,32
0ea8e29d-3bfe-4982-8594-9350b527d553,2e1211a4-9506-4dbe-ab15-1b881bb87074,68
0ea8e29d-3bfe-4982-8594-9350b527d553,337a0873-453c-459f-99c7-2726975a71da,2
0ea8e29d-3bfe-4982-8594-9350b527d553,39023322-8e6c-4cb4-b42d-c5bf80377dd6,30
0ea8e29d-3bfe-4982-8594-9350b527d553,397c857a-fda0-414d-8fdc-8288cd3284aa,1
0ea8e29d-3bfe-4982-8594-9350b527d553,3983584c-76b6-4a70-9040-dadc84949e88,9
0ea8e29d-3bfe-4982-8594-9350b527d553,3e48d4c9-0d66-4b50-9f9c-969b5e314a42,1
0ea8e29d-3bfe-4982-8594-9350b527d553,425ddb12-0b71-44b6-9875-70b075dc99f7,10
0ea8e29d-3bfe-4982-8594-9350b527d553,44081df1-828e-4d79-bd27-261be38f66f1,369
0ea8e29d-3bfe-4982-8594-9350b527d553,49be3576-cea3-46c0-87eb-89beb108248d,33
0ea8e29d-3bfe-4982-8594-9350b527d553,4aa76e80-51db-4c6f-b97c-e7926b39a66c,1
0ea8e29d-3bfe-4982-8594-9350b527d553,4c3e51e6-9f1e-49cc-a919-f74a8c88343e,7
0ea8e29d-3bfe-4982-8594-9350b527d553,551f9a19-738c-4298-afe1-5ca7959ab74b,5
0ea8e29d-3bfe-4982-8594-9350b527d553,56a86879-60e4-4cdb-b5f1-b66d6d090798,1
0ea8e29d-3bfe-4982-8594-9350b527d553,56cbb44d-9390-480d-b686-56da6c2d6d35,7
0ea8e29d-3bfe-4982-8594-9350b527d553,58e27c9a-59be-407b-8213-714cf1d3acc4,12
0ea8e29d-3bfe-4982-8594-9350b527d553,5a2cb9b8-4a4c-4860-8793-59da092434b6,3
0ea8e29d-3bfe-4982-8594-9350b527d553,5ab23e3a-aed4-4713-9214-53336765be9d,8
0ea8e29d-3bfe-4982-8594-9350b527d553,5d54939f-2da7-4ca6-b159-4ef344336b21,125
0ea8e29d-3bfe-4982-8594-9350b527d553,64522cbc-a297-4c67-a204-1e31deb91f68,8
0ea8e29d-3bfe-4982-8594-9350b527d553,666f31ca-041f-466d-9e78-804317921d69,1
0ea8e29d-3bfe-4982-8594-9350b527d553,68a869d7-3216-4208-9b57-e87405a11abb,1
0ea8e29d-3bfe-4982-8594-9350b527d553,6bfaf570-5b6f-41e1-baf2-b833f6203513,26
0ea8e29d-3bfe-4982-8594-9350b527d553,71cbc21c-4e36-4df7-9f58-e15a1c1f162c,88
0ea8e29d-3bfe-4982-8594-9350b527d553,7564c685-2691-4796-9159-ebd5df4fdc8d,5
0ea8e29d-3bfe-4982-8594-9350b527d553,75a44c3a-5914-4c8e-9ca4-d987853f5844,194
0ea8e29d-3bfe-4982-8594-9350b527d553,762e0f40-f100-4896-85a2-b1d8818fae41,13
0ea8e29d-3bfe-4982-8594-9350b527d553,77c541d2-49e3-483f-869d-134df420c5ea,74
0ea8e29d-3bfe-4982-8594-9350b527d553,7c43c8c2-1958-496c-8060-b0f3bf652992,1
0ea8e29d-3bfe-4982-8594-9350b527d553,7ca42fe3-e292-4aff-9275-57889d920853,2
0ea8e29d-3bfe-4982-8594-9350b527d553,7d18b6e3-de0c-4aea-bef8-242bbc38e936,7
0ea8e29d-3bfe-4982-8594-9350b527d553,7dc8c80e-6b9a-47e5-b61f-d57bcb36158f,13
0ea8e29d-3bfe-4982-8594-9350b527d553,819764fa-3a17-467b-8327-30899ed083b6,35
0ea8e29d-3bfe-4982-8594-9350b527d553,859e1824-cc60-4304-9293-dca932ebbed2,6
0ea8e29d-3bfe-4982-8594-9350b527d553,8711c928-b30d-4859-b091-74678ca63e5b,52
0ea8e29d-3bfe-4982-8594-9350b527d553,88e0734b-8c03-4daa-8ec5-055e36c07030,26
0ea8e29d-3bfe-4982-8594-9350b527d553,89d70a20-bd10-46ed-866a-2c79362a0559,41
0ea8e29d-3bfe-4982-8594-9350b527d553,8f6a5115-367e-4dc2-88c5-1eae50593652,1
0ea8e29d-3bfe-4982-8594-9350b527d553,942a29b8-057f-4dba-a8cd-3c35e5a81aaf,3
0ea8e29d-3bfe-4982-8594-9350b527d553,94f6aaa0-69ed-4721-a62c-c2b592bec175,1
0ea8e29d-3bfe-4982-8594-9350b527d553,980a8ae3-b1c7-4912-ab9e-be3e6fd20d36,14
0ea8e29d-3bfe-4982-8594-9350b527d553,98aa8bde-85b0-49ed-9795-e2eeb206e3b8,34
0ea8e29d-3bfe-4982-8594-9350b527d553,99c6218e-8f0c-45d4-bd24-f300c6cfcb2f,5
0ea8e29d-3bfe-4982-8594-9350b527d553,9ab41898-332f-4c08-a834-d58b4669c990,61
0ea8e29d-3bfe-4982-8594-9350b527d553,9b13c8c8-eba4-411e-b095-858e352d3178,29
0ea8e29d-3bfe-4982-8594-9350b527d553,9bf12da8-39ea-4505-9500-764bc440cfc9,1
0ea8e29d-3bfe-4982-8594-9350b527d553,9c8bc5bc-8d13-4c11-be37-57a43a1d734b,2
0ea8e29d-3bfe-4982-8594-9350b527d553,9d2229a5-c46a-485a-9b82-315e270c3e9a,10
0ea8e29d-3bfe-4982-8594-9350b527d553,9ea41959-b952-4e42-92fb-bc616ac17241,5
0ea8e29d-3bfe-4982-8594-9350b527d553,a0b48551-42b7-4c55-9556-6b997d978ff2,1
0ea8e29d-3bfe-4982-8594-9350b527d553,a4074721-5d4d-444a-bb98-1ddbc592a78a,3
0ea8e29d-3bfe-4982-8594-9350b527d553,a68468b6-51ea-440c-9387-b44ba10ad8b6,1
0ea8e29d-3bfe-4982-8594-9350b527d553,a8e4581d-5186-4367-95c5-0a754c60b276,48
0ea8e29d-3bfe-4982-8594-9350b527d553,aa0272f6-6e3c-41f7-b040-b774b30d2196,4
0ea8e29d-3bfe-4982-8594-9350b527d553,ab15ce32-a527-4526-a5b2-0f2cdb92feeb,16
0ea8e29d-3bfe-4982-8594-9350b527d553,ad8654f3-811a-4a63-ab7a-01bf76347caa,4
0ea8e29d-3bfe-4982-8594-9350b527d553,ae91b7a3-544d-40c7-8373-815a0bd18cf0,1
0ea8e29d-3bfe-4982-8594-9350b527d553,b221afb0-2758-4ace-846a-7bfc33389ad6,24
0ea8e29d-3bfe-4982-8594-9350b527d553,b29c0e00-7ac2-4c28-ab4f-8fceb156337b,4
0ea8e29d-3bfe-4982-8594-9350b527d553,b41b2403-9f06-4d55-adc5-b0777373ca7e,33
0ea8e29d-3bfe-4982-8594-9350b527d553,b50b3f0b-afc8-46e5-bfda-cb60e2935a5a,1
0ea8e29d-3bfe-4982-8594-9350b527d553,b6c27e98-0f7f-42a2-9fae-50b5f8ca76cc,1
0ea8e29d-3bfe-4982-8594-9350b527d553,b8d002bc-ea6c-4f57-b36e-38415b205e09,4
0ea8e29d-3bfe-4982-8594-9350b527d553,ba21eb65-8546-40e5-a425-0d228d0eaeac,1
0ea8e29d-3bfe-4982-8594-9350b527d553,bb3a9cf3-6f64-4092-85a1-4318244ee603,4
0ea8e29d-3bfe-4982-8594-9350b527d553,bb6801d4-f671-4ade-aa86-29aa89373dd9,6
0ea8e29d-3bfe-4982-8594-9350b527d553,bf030048-0434-42f1-bbed-8b0c04014db4,1
0ea8e29d-3bfe-4982-8594-9350b527d553,bf494e35-c009-4c74-a5c6-3cb2cd26bb51,6
0ea8e29d-3bfe-4982-8594-9350b527d553,c0648a21-11c6-4b4f-a4be-205d7dcbb746,2
0ea8e29d-3bfe-4982-8594-9350b527d553,c6e26bd3-724f-45d3-93af-ef431e6fcd42,7
0ea8e29d-3bfe-4982-8594-9350b527d553,c7822b58-103f-4612-87ef-648be97192c6,1
0ea8e29d-3bfe-4982-8594-9350b527d553,ccea26dd-dcae-4174-8945-ec5cb568e951,65
0ea8e29d-3bfe-4982-8594-9350b527d553,cf4c4d24-798d-4bbe-bf06-23ca674f0d28,4
0ea8e29d-3bfe-4982-8594-9350b527d553,cfb17042-9f10-4e44-99f4-358bad067455,14
0ea8e29d-3bfe-4982-8594-9350b527d553,d07ef52c-cc10-4445-a3a1-dfe50371f110,193
0ea8e29d-3bfe-4982-8594-9350b527d553,d34e1efc-fbba-4ad8-823a-61bc3f25d580,17
0ea8e29d-3bfe-4982-8594-9350b527d553,d38ca3cf-9803-48dc-8592-c67c4430168e,30
0ea8e29d-3bfe-4982-8594-9350b527d553,d53f00ee-a955-434a-b636-f07d79859c49,59
0ea8e29d-3bfe-4982-8594-9350b527d553,d847851a-777b-43c6-83b3-392672659edc,7
0ea8e29d-3bfe-4982-8594-9350b527d553,da756f9c-3f10-4ab8-9fa8-75812e248959,1
0ea8e29d-3bfe-4982-8594-9350b527d553,dab4cf29-4843-4261-b09b-973fe98dbf65,23
0ea8e29d-3bfe-4982-8594-9350b527d553,dc9f60e4-e1a4-487b-a002-40b3c77ba896,2
0ea8e29d-3bfe-4982-8594-9350b527d553,e6cc253d-14cb-437b-be88-4966f5fcb1f5,4
0ea8e29d-3bfe-4982-8594-9350b527d553,e70c3ee3-cca2-4521-abea-b124dcec0952,12
0ea8e29d-3bfe-4982-8594-9350b527d553,e85125f3-b7cf-426c-9355-412838893f55,14
0ea8e29d-3bfe-4982-8594-9350b527d553,ec571f94-11b8-47d7-bb47-fd0d2d7c7f07,5
0ea8e29d-3bfe-4982-8594-9350b527d553,ee32e8d2-aa15-4603-901e-2cc3c72e9ead,107
0ea8e29d-3bfe-4982-8594-9350b527d553,ef8d31db-0876-4998-b0d9-056643260d46,1
0ea8e29d-3bfe-4982-8594-9350b527d553,f31cabe4-e1f4-46db-88a9-b46ba44dded4,1
0ea8e29d-3bfe-4982-8594-9350b527d553,fa4d473c-e553-439e-8f53-ca5f2b203dbd,5
0ea8e29d-3bfe-4982-8594-9350b527d553,fdc445bd-f8fe-4cfc-b387-7fd66a181674,7
10870c31-0253-4fa0-a2bc-1a6d3c553028,1c16919b-5c3f-486c-9cc7-bdd00e29e9a4,2
10870c31-0253-4fa0-a2bc-1a6d3c553028,1e4f3007-3e72-4135-80e0-238966189fd4,2
10870c31-0253-4fa0-a2bc-1a6d3c553028,1e8aa099-9c94-432d-bff7-ac9fe20ff3ff,5
10870c31-0253-4fa0-a2bc-1a6d3c553028,1ee767b9-67f3-47e5-9e28-045da1c37b05,1
10870c31-0253-4fa0-a2bc-1a6d3c553028,202e3325-7f81-4c5a-8aee-386a4bcd87e2,4
10870c31-0253-4fa0-a2bc-1a6d3c553028,29124ef6-e1d5-4138-bf01-8433afde7269,1
10870c31-0253-4fa0-a2bc-1a6d3c553028,299782b9-b45f-4cd6-b1db-abee2be08d81,4
10870c31-0253-4fa0-a2bc-1a6d3c553028,2aeb5ca9-f64f-4ec6-a0ce-83223bff4772,2
10870c31-0253-4fa0-a2bc-1a6d3c553028,2e1211a4-9506-4dbe-ab15-1b881bb87074,2
10870c31-0253-4fa0-a2bc-1a6d3c553028,337a0873-453c-459f-99c7-2726975a71da,3
10870c31-0253-4fa0-a2bc-1a6d3c553028,356e5fc9-831f-4d9c-be2f-fd35a99e865b,1
10870c31-0253-4fa0-a2bc-1a6d3c553028,3983584c-76b6-4a70-9040-dadc84949e88,1
10870c31-0253-4fa0-a2bc-1a6d3c553028,3b8c5482-7bdb-414b-97c7-ca34fb10da6f,2
10870c31-0253-4fa0-a2bc-1a6d3c553028,412ecb41-f20c-477d-b8e7-d7b548a10a44,2
10870c31-0253-4fa0-a2bc-1a6d3c553028,425ddb12-0b71-44b6-9875-70b075dc99f7,5
10870c31-0253-4fa0-a2bc-1a6d3c553028,44081df1-828e-4d79-bd27-261be38f66f1,2
10870c31-0253-4fa0-a2bc-1a6d3c553028,446e3e45-8e03-4f8d-bb52-ea092634378f,85
10870c31-0253-4fa0-a2bc-1a6d3c553028,44d2b41e-0e28-46c4-972b-daf49b4d9824,7
10870c31-0253-4fa0-a2bc-1a6d3c553028,44f6140e-9776-4c08-bd68-5dde99f2ab62,6
10870c31-0253-4fa0-a2bc-1a6d3c553028,49be3576-cea3-46c0-87eb-89beb108248d,1
10870c31-0253-4fa0-a2bc-1a6d3c553028,522d59a0-10ba-488f-a27a-a1dda7581900,6
10870c31-0253-4fa0-a2bc-1a6d3c553028,56cbb44d-9390-480d-b686-56da6c2d6d35,1
10870c31-0253-4fa0-a2bc-1a6d3c553028,5a2cb9b8-4a4c-4860-8793-59da092434b6,18
10870c31-0253-4fa0-a2bc-1a6d3c553028,5d54939f-2da7-4ca6-b159-4ef344336b21,1
10870c31-0253-4fa0-a2bc-1a6d3c553028,64522cbc-a297-4c67-a204-1e31deb91f68,6
10870c31-0253-4fa0-a2bc-1a6d3c553028,64f39510-b420-4b01-8b5e-2b2f2b0aad91,1
10870c31-0253-4fa0-a2bc-1a6d3c553028,6bfaf570-5b6f-41e1-baf2-b833f6203513,2
10870c31-0253-4fa0-a2bc-1a6d3c553028,71cbc21c-4e36-4df7-9f58-e15a1c1f162c,112
10870c31-0253-4fa0-a2bc-1a6d3c553028,74c13ffe-54e0-4cfd-a5fd-f21de61a0995,6
10870c31-0253-4fa0-a2bc-1a6d3c553028,762e0f40-f100-4896-85a2-b1d8818fae41,44
10870c31-0253-4fa0-a2bc-1a6d3c553028,77d2c6f1-3af4-4256-b52f-23fcb7bb8be2,1
10870c31-0253-4fa0-a2bc-1a6d3c553028,7897cad0-5099-4630-9311-65cc01450063,9
10870c31-0253-4fa0-a2bc-1a6d3c553028,7c43c8c2-1958-496c-8060-b0f3bf652992,1
10870c31-0253-4fa0-a2bc-1a6d3c553028,819764fa-3a17-467b-8327-30899ed083b6,60
10870c31-0253-4fa0-a2bc-1a6d3c553028,88bf9f29-aa91-4ddd-ad2d-b73dfe6706ef,3
10870c31-0253-4fa0-a2bc-1a6d3c553028,88e0734b-8c03-4daa-8ec5-055e36c07030,3
10870c31-0253-4fa0-a2bc-1a6d3c553028,8c5a8186-8f46-4bca-956d-06d4fa521635,1
10870c31-0253-4fa0-a2bc-1a6d3c553028,8dfa0156-0834-4c00-87e8-c4e9919f781f,1
10870c31-0253-4fa0-a2bc-1a6d3c553028,942a29b8-057f-4dba-a8cd-3c35e5a81aaf,1
10870c31-0253-4fa0-a2bc-1a6d3c553028,94f6aaa0-69ed-4721-a62c-c2b592bec175,1
10870c31-0253-4fa0-a2bc-1a6d3c553028,98aa8bde-85b0-49ed-9795-e2eeb206e3b8,15
10870c31-0253-4fa0-a2bc-1a6d3c553028,9b13c8c8-eba4-411e-b095-858e352d3178,42
10870c31-0253-4fa0-a2bc-1a6d3c553028,9d2229a5-c46a-485a-9b82-315e270c3e9a,7
10870c31-0253-4fa0-a2bc-1a6d3c553028,9ea41959-b952-4e42-92fb-bc616ac17241,3
10870c31-0253-4fa0-a2bc-1a6d3c553028,a0b48551-42b7-4c55-9556-6b997d978ff2,17
10870c31-0253-4fa0-a2bc-1a6d3c553028,a1877608-2b03-4620-b854-d57de44cd52e,5
10870c31-0253-4fa0-a2bc-1a6d3c553028,a396ae20-6309-456b-a5ae-e4068dea8a67,1
10870c31-0253-4fa0-a2bc-1a6d3c553028,a3b17348-54cf-4bca-82d4-e62bd46c2fbc,1
10870c31-0253-4fa0-a2bc-1a6d3c553028,a8e4581d-5186-4367-95c5-0a754c60b276,2
10870c31-0253-4fa0-a2bc-1a6d3c553028,aa612b6e-b61d-43a8-8775-c83839a9f6ef,14
10870c31-0253-4fa0-a2bc-1a6d3c553028,ab15ce32-a527-4526-a5b2-0f2cdb92feeb,1
10870c31-0253-4fa0-a2bc-1a6d3c553028,ab97f146-7308-4a7e-9197-2ef5ee467a95,126
10870c31-0253-4fa0-a2bc-1a6d3c553028,b1e4718d-bf16-4b46-91fd-946b42bed3af,9
10870c31-0253-4fa0-a2bc-1a6d3c553028,b29c0e00-7ac2-4c28-ab4f-8fceb156337b,2
10870c31-0253-4fa0-a2bc-1a6d3c553028,b41b2403-9f06-4d55-adc5-b0777373ca7e,7
10870c31-0253-4fa0-a2bc-1a6d3c553028,b4fdf408-8296-4d14-9e95-b4b96dc20751,1
10870c31-0253-4fa0-a2bc-1a6d3c553028,b50b3f0b-afc8-46e5-bfda-cb60e2935a5a,1
10870c31-0253-4fa0-a2bc-1a6d3c553028,b625d2bf-da74-40a2-b013-2069a09dcb6c,4
10870c31-0253-4fa0-a2bc-1a6d3c553028,ba21eb65-8546-40e5-a425-0d228d0eaeac,19
10870c31-0253-4fa0-a2bc-1a6d3c553028,bb6801d4-f671-4ade-aa86-29aa89373dd9,1
10870c31-0253-4fa0-a2bc-1a6d3c553028,bf494e35-c009-4c74-a5c6-3cb2cd26bb51,4
10870c31-0253-4fa0-a2bc-1a6d3c553028,c0d8ed4a-ec11-48e2-a468-6cd93327305b,2
10870c31-0253-4fa0-a2bc-1a6d3c553028,c1c11045-81c6-43a3-96e4-4cc6d5f2fbb4,3
10870c31-0253-4fa0-a2bc-1a6d3c553028,c6b2bdaf-8c1f-4b88-a8cb-167941b98bfb,20
10870c31-0253-4fa0-a2bc-1a6d3c553028,c8935902-45d6-45d6-ac31-77bc0e143154,16
10870c31-0253-4fa0-a2bc-1a6d3c553028,c955972d-2702-4d28-8461-262072218f3f,27
10870c31-0253-4fa0-a2bc-1a6d3c553028,cabae19e-836c-48c4-903e-7357789f9260,1
10870c31-0253-4fa0-a2bc-1a6d3c553028,ccea26dd-dcae-4174-8945-ec5cb568e951,7
10870c31-0253-4fa0-a2bc-1a6d3c553028,cd02edbc-106e-46d1-8d70-6594741356ea,1
10870c31-0253-4fa0-a2bc-1a6d3c553028,cd5a2cfd-7689-4a6e-aed1-df2a773bab9c,5
10870c31-0253-4fa0-a2bc-1a6d3c553028,d07ef52c-cc10-4445-a3a1-dfe50371f110,1
10870c31-0253-4fa0-a2bc-1a6d3c553028,d0d8dcbd-4818-4925-a684-13767c7dae0d,1
10870c31-0253-4fa0-a2bc-1a6d3c553028,d38ca3cf-9803-48dc-8592-c67c4430168e,28
10870c31-0253-4fa0-a2bc-1a6d3c553028,d53f00ee-a955-434a-b636-f07d79859c49,4
10870c31-0253-4fa0-a2bc-1a6d3c553028,d59d1492-57b6-482b-88b6-b2b77c45c33d,1
10870c31-0253-4fa0-a2bc-1a6d3c553028,d653bf17-e60f-4512-9258-a68ec026e381,1
10870c31-0253-4fa0-a2bc-1a6d3c553028,d6c2b5eb-b21a-440a-b628-75492d313ffa,11
10870c31-0253-4fa0-a2bc-1a6d3c553028,d847851a-777b-43c6-83b3-392672659edc,4
10870c31-0253-4fa0-a2bc-1a6d3c553028,dab4cf29-4843-4261-b09b-973fe98dbf65,7
10870c31-0253-4fa0-a2bc-1a6d3c553028,dae67415-1ed1-4464-a59e-75170eb1925d,7
10870c31-0253-4fa0-a2bc-1a6d3c553028,de674538-350f-4a5a-9f8e-fa8f7c4b93ca,4
10870c31-0253-4fa0-a2bc-1a6d3c553028,e5c9b4ba-9064-4858-a052-bb3bbecfac4b,1
10870c31-0253-4fa0-a2bc-1a6d3c553028,e70c3ee3-cca2-4521-abea-b124dcec0952,1
10870c31-0253-4fa0-a2bc-1a6d3c553028,e7f0d8e8-4c52-4d0a-8b94-28729046f45b,5
10870c31-0253-4fa0-a2bc-1a6d3c553028,e85125f3-b7cf-426c-9355-412838893f55,11
10870c31-0253-4fa0-a2bc-1a6d3c553028,ee32e8d2-aa15-4603-901e-2cc3c72e9ead,5
10870c31-0253-4fa0-a2bc-1a6d3c553028,f0ff5ae5-e0e8-4a26-af3a-93c8b5947dc4,5
10870c31-0253-4fa0-a2bc-1a6d3c553028,f31cabe4-e1f4-46db-88a9-b46ba44dded4,1
10870c31-0253-4fa0-a2bc-1a6d3c553028,fa4d473c-e553-439e-8f53-ca5f2b203dbd,3
10eeecd7-86d3-462c-b305-b66c787d6c9b,14a5b9c6-b7e3-4a59-9083-ab81f1d50f7e,43
10eeecd7-86d3-462c-b305-b66c787d6c9b,17f26a48-9f54-42a1-9890-c6da761a9a2f,20
10eeecd7-86d3-462c-b305-b66c787d6c9b,202e3325-7f81-4c5a-8aee-386a4bcd87e2,5
10eeecd7-86d3-462c-b305-b66c787d6c9b,238396aa-d91b-46ee-a7e9-301e9ac7bd7e,1
10eeecd7-86d3-462c-b305-b66c787d6c9b,2b533923-83a2-4ac6-b497-934a549b50ab,3
10eeecd7-86d3-462c-b305-b66c787d6c9b,39023322-8e6c-4cb4-b42d-c5bf80377dd6,1
10eeecd7-86d3-462c-b305-b66c787d6c9b,4a92f48a-0387-47c7-800e-cf59692e6411,15
10eeecd7-86d3-462c-b305-b66c787d6c9b,4d73ea92-7e5c-4964-bc40-d80f38860ae4,1
10eeecd7-86d3-462c-b305-b66c787d6c9b,5d3c16f6-cad0-432f-b850-8a62cfb6526c,17
10eeecd7-86d3-462c-b305-b66c787d6c9b,872e3c31-98a5-40cb-b7dc-9c821f3b1bca,7
10eeecd7-86d3-462c-b305-b66c787d6c9b,990c794a-2170-435a-8c43-97d4fd0e621e,1
10eeecd7-86d3-462c-b305-b66c787d6c9b,9b13c8c8-eba4-411e-b095-858e352d3178,7
10eeecd7-86d3-462c-b305-b66c787d6c9b,ab97f146-7308-4a7e-9197-2ef5ee467a95,1
10eeecd7-86d3-462c-b305-b66c787d6c9b,ba21eb65-8546-40e5-a425-0d228d0eaeac,10
13212269-878d-4abd-82b3-dcebd68073fd,1b59d69d-89a1-42c3-b5bf-52f38c39d88d,2
13212269-878d-4abd-82b3-dcebd68073fd,1c16919b-5c3f-486c-9cc7-bdd00e29e9a4,1
13212269-878d-4abd-82b3-dcebd68073fd,1c889902-6ede-427c-8682-000f683fffaa,1
13212269-878d-4abd-82b3-dcebd68073fd,299782b9-b45f-4cd6-b1db-abee2be08d81,1
13212269-878d-4abd-82b3-dcebd68073fd,2d120900-fed8-43ae-a234-2bc4af510867,1
13212269-878d-4abd-82b3-dcebd68073fd,36ff4d40-ec26-4ba3-9370-3ec3b73c42ff,11
13212269-878d-4abd-82b3-dcebd68073fd,39023322-8e6c-4cb4-b42d-c5bf80377dd6,4
13212269-878d-4abd-82b3-dcebd68073fd,3b8c5482-7bdb-414b-97c7-ca34fb10da6f,8
13212269-878d-4abd-82b3-dcebd68073fd,43fd0a28-6a9c-4427-a55c-211fbae70091,6
13212269-878d-4abd-82b3-dcebd68073fd,64522cbc-a297-4c67-a204-1e31deb91f68,1
13212269-878d-4abd-82b3-dcebd68073fd,71cbc21c-4e36-4df7-9f58-e15a1c1f162c,3
13212269-878d-4abd-82b3-dcebd68073fd,80d891ee-7f80-4d4f-b486-3b0d1a9fd67a,1
13212269-878d-4abd-82b3-dcebd68073fd,8c5a8186-8f46-4bca-956d-06d4fa521635,4
13212269-878d-4abd-82b3-dcebd68073fd,a900b4e7-92d9-4903-ab21-3189f17fe2e0,5
13212269-878d-4abd-82b3-dcebd68073fd,aa0272f6-6e3c-41f7-b040-b774b30d2196,4
13212269-878d-4abd-82b3-dcebd68073fd,ab97f146-7308-4a7e-9197-2ef5ee467a95,7
13212269-878d-4abd-82b3-dcebd68073fd,bf030048-0434-42f1-bbed-8b0c04014db4,1
13212269-878d-4abd-82b3-dcebd68073fd,cefbf19c-653b-4af7-84a6-e17fba0e4a70,1
13212269-878d-4abd-82b3-dcebd68073fd,cf4c4d24-798d-4bbe-bf06-23ca674f0d28,7
13212269-878d-4abd-82b3-dcebd68073fd,d1bb566e-a111-43b7-8856-273ebac1f753,7
13212269-878d-4abd-82b3-dcebd68073fd,e6cc253d-14cb-437b-be88-4966f5fcb1f5,3
13446ead-584b-4835-88bd-26550c4c2ef2,16596afa-9e56-4d0a-a715-f40592825937,3
13446ead-584b-4835-88bd-26550c4c2ef2,197b435e-29b1-4b69-8c6a-b38bc44ffce3,3
13446ead-584b-4835-88bd-26550c4c2ef2,1c889902-6ede-427c-8682-000f683fffaa,13
13446ead-584b-4835-88bd-26550c4c2ef2,299782b9-b45f-4cd6-b1db-abee2be08d81,4
13446ead-584b-4835-88bd-26550c4c2ef2,2d120900-fed8-43ae-a234-2bc4af510867,3
13446ead-584b-4835-88bd-26550c4c2ef2,44081df1-828e-4d79-bd27-261be38f66f1,2
13446ead-584b-4835-88bd-26550c4c2ef2,4aa76e80-51db-4c6f-b97c-e7926b39a66c,1
13446ead-584b-4835-88bd-26550c4c2ef2,551f9a19-738c-4298-afe1-5ca7959ab74b,4
13446ead-584b-4835-88bd-26550c4c2ef2,6d33b9bc-7d3a-4a60-b2d7-c2b70cd11ab1,1
13446ead-584b-4835-88bd-26550c4c2ef2,8711c928-b30d-4859-b091-74678ca63e5b,2
13446ead-584b-4835-88bd-26550c4c2ef2,8c5a8186-8f46-4bca-956d-06d4fa521635,4
13446ead-584b-4835-88bd-26550c4c2ef2,9bf12da8-39ea-4505-9500-764bc440cfc9,2
13446ead-584b-4835-88bd-26550c4c2ef2,bb3a9cf3-6f64-4092-85a1-4318244ee603,1
13446ead-584b-4835-88bd-26550c4c2ef2,e6cc253d-14cb-437b-be88-4966f5fcb1f5,2
13d5095e-c5df-4cbb-a2f4-c0bb142e9397,1b59d69d-89a1-42c3-b5bf-52f38c39d88d,2
13d5095e-c5df-4cbb-a2f4-c0bb142e9397,388e72cf-63dd-4839-9ce7-5491b6bdcfd8,1
13d5095e-c5df-4cbb-a2f4-c0bb142e9397,5d54939f-2da7-4ca6-b159-4ef344336b21,2
13d5095e-c5df-4cbb-a2f4-c0bb142e9397,64f39510-b420-4b01-8b5e-2b2f2b0aad91,1
13d5095e-c5df-4cbb-a2f4-c0bb142e9397,6a54c095-9872-4322-81be-114b74233d40,1
13d5095e-c5df-4cbb-a2f4-c0bb142e9397,6fc5878e-d76a-4e9d-a4e3-e5ef581bb2ff,2
13d5095e-c5df-4cbb-a2f4-c0bb142e9397,7cbb2d95-46b2-4fcb-b129-9505f56e7f07,4
13d5095e-c5df-4cbb-a2f4-c0bb142e9397,88bf9f29-aa91-4ddd-ad2d-b73dfe6706ef,2
13d5095e-c5df-4cbb-a2f4-c0bb142e9397,8ba16b4b-5dc1-441e-9229-8bb63c903ce1,4
13d5095e-c5df-4cbb-a2f4-c0bb142e9397,a04d4b85-56f0-448f-b5e8-28b5340af204,2
13d5095e-c5df-4cbb-a2f4-c0bb142e9397,a68468b6-51ea-440c-9387-b44ba10ad8b6,1
13d5095e-c5df-4cbb-a2f4-c0bb142e9397,ab15ce32-a527-4526-a5b2-0f2cdb92feeb,2
13d5095e-c5df-4cbb-a2f4-c0bb142e9397,b41b2403-9f06-4d55-adc5-b0777373ca7e,2
13d5095e-c5df-4cbb-a2f4-c0bb142e9397,c6e26bd3-724f-45d3-93af-ef431e6fcd42,2
13d5095e-c5df-4cbb-a2f4-c0bb142e9397,d847851a-777b-43c6-83b3-392672659edc,1
13d5095e-c5df-4cbb-a2f4-c0bb142e9397,ec571f94-11b8-47d7-bb47-fd0d2d7c7f07,2
13d5095e-c5df-4cbb-a2f4-c0bb142e9397,f31cabe4-e1f4-46db-88a9-b46ba44dded4,1
13e26587-88d8-440b-bb93-527a8e845342,1e8aa099-9c94-432d-bff7-ac9fe20ff3ff,2
13e26587-88d8-440b-bb93-527a8e845342,2aeb5ca9-f64f-4ec6-a0ce-83223bff4772,41
13e26587-88d8-440b-bb93-527a8e845342,337a0873-453c-459f-99c7-2726975a71da,1
13e26587-88d8-440b-bb93-527a8e845342,3e48d4c9-0d66-4b50-9f9c-969b5e314a42,1
13e26587-88d8-440b-bb93-527a8e845342,425ddb12-0b71-44b6-9875-70b075dc99f7,8
13e26587-88d8-440b-bb93-527a8e845342,44081df1-828e-4d79-bd27-261be38f66f1,5
13e26587-88d8-440b-bb93-527a8e845342,5d54939f-2da7-4ca6-b159-4ef344336b21,16
13e26587-88d8-440b-bb93-527a8e845342,666f31ca-041f-466d-9e78-804317921d69,1
13e26587-88d8-440b-bb93-527a8e845342,7564c685-2691-4796-9159-ebd5df4fdc8d,6
13e26587-88d8-440b-bb93-527a8e845342,75a44c3a-5914-4c8e-9ca4-d987853f5844,23
13e26587-88d8-440b-bb93-527a8e845342,762e0f40-f100-4896-85a2-b1d8818fae41,3
13e26587-88d8-440b-bb93-527a8e845342,77c541d2-49e3-483f-869d-134df420c5ea,1
13e26587-88d8-440b-bb93-527a8e845342,819764fa-3a17-467b-8327-30899ed083b6,1
13e26587-88d8-440b-bb93-527a8e845342,88e0734b-8c03-4daa-8ec5-055e36c07030,3
13e26587-88d8-440b-bb93-527a8e845342,89d70a20-bd10-46ed-866a-2c79362a0559,19
13e26587-88d8-440b-bb93-527a8e845342,942a29b8-057f-4dba-a8cd-3c35e5a81aaf,26
13e26587-88d8-440b-bb93-527a8e845342,98aa8bde-85b0-49ed-9795-e2eeb206e3b8,9
13e26587-88d8-440b-bb93-527a8e845342,9c8bc5bc-8d13-4c11-be37-57a43a1d734b,32
13e26587-88d8-440b-bb93-527a8e845342,9f0c39d6-4a57-4849-9215-aa1147c7e0f6,1
13e26587-88d8-440b-bb93-527a8e845342,a0b48551-42b7-4c55-9556-6b997d978ff2,1
13e26587-88d8-440b-bb93-527a8e845342,a68468b6-51ea-440c-9387-b44ba10ad8b6,13
13e26587-88d8-440b-bb93-527a8e845342,a8e4581d-5186-4367-95c5-0a754c60b276,1
13e26587-88d8-440b-bb93-527a8e845342,ab15ce32-a527-4526-a5b2-0f2cdb92feeb,2
13e26587-88d8-440b-bb93-527a8e845342,b41b2403-9f06-4d55-adc5-b0777373ca7e,6
13e26587-88d8-440b-bb93-527a8e845342,b8d002bc-ea6c-4f57-b36e-38415b205e09,4
13e26587-88d8-440b-bb93-527a8e845342,bb6801d4-f671-4ade-aa86-29aa89373dd9,1
13e26587-88d8-440b-bb93-527a8e845342,bf030048-0434-42f1-bbed-8b0c04014db4,1
13e26587-88d8-440b-bb93-527a8e845342,bf494e35-c009-4c74-a5c6-3cb2cd26bb51,1
13e26587-88d8-440b-bb93-527a8e845342,c6e26bd3-724f-45d3-93af-ef431e6fcd42,2
13e26587-88d8-440b-bb93-527a8e845342,ccea26dd-dcae-4174-8945-ec5cb568e951,7
13e26587-88d8-440b-bb93-527a8e845342,d34e1efc-fbba-4ad8-823a-61bc3f25d580,2
13e26587-88d8-440b-bb93-527a8e845342,d38ca3cf-9803-48dc-8592-c67c4430168e,56
13e26587-88d8-440b-bb93-527a8e845342,da756f9c-3f10-4ab8-9fa8-75812e248959,4
13e26587-88d8-440b-bb93-527a8e845342,dab4cf29-4843-4261-b09b-973fe98dbf65,1
13e26587-88d8-440b-bb93-527a8e845342,e6cc253d-14cb-437b-be88-4966f5fcb1f5,3
13e26587-88d8-440b-bb93-527a8e845342,e70c3ee3-cca2-4521-abea-b124dcec0952,3
13e26587-88d8-440b-bb93-527a8e845342,e85125f3-b7cf-426c-9355-412838893f55,4
13e26587-88d8-440b-bb93-527a8e845342,ee32e8d2-aa15-4603-901e-2cc3c72e9ead,23
13e26587-88d8-440b-bb93-527a8e845342,f31cabe4-e1f4-46db-88a9-b46ba44dded4,3
13e26587-88d8-440b-bb93-527a8e845342,fa4d473c-e553-439e-8f53-ca5f2b203dbd,5
1456a009-770b-4820-8919-55287a5780a7,1b59d69d-89a1-42c3-b5bf-52f38c39d88d,19
1456a009-770b-4820-8919-55287a5780a7,1bdd5fcc-6231-4781-a4b6-413ae942af01,12
1456a009-770b-4820-8919-55287a5780a7,2211a588-7417-4e26-a386-801fe8798bd1,2
1456a009-770b-4820-8919-55287a5780a7,238396aa-d91b-46ee-a7e9-301e9ac7bd7e,2
1456a009-770b-4820-8919-55287a5780a7,299782b9-b45f-4cd6-b1db-abee2be08d81,3
1456a009-770b-4820-8919-55287a5780a7,2b537cd5-1203-4c08-8118-b295796deb07,1
1456a009-770b-4820-8919-55287a5780a7,2e1211a4-9506-4dbe-ab15-1b881bb87074,5
1456a009-770b-4820-8919-55287a5780a7,39023322-8e6c-4cb4-b42d-c5bf80377dd6,1
1456a009-770b-4820-8919-55287a5780a7,3c3a7304-0f4d-4b1f-a953-a6515b8b7670,4
1456a009-770b-4820-8919-55287a5780a7,44f6140e-9776-4c08-bd68-5dde99f2ab62,1
1456a009-770b-4820-8919-55287a5780a7,4aa76e80-51db-4c6f-b97c-e7926b39a66c,1
1456a009-770b-4820-8919-55287a5780a7,4c3e51e6-9f1e-49cc-a919-f74a8c88343e,7
1456a009-770b-4820-8919-55287a5780a7,74b44968-d1f2-482a-a365-1fbb4cbda7f9,5
1456a009-770b-4820-8919-55287a5780a7,754f2d87-8990-4b77-8181-54d8df8fa63a,1
1456a009-770b-4820-8919-55287a5780a7,75c8786e-c5c2-4d12-95ff-4b804234f062,1
1456a009-770b-4820-8919-55287a5780a7,808636f6-10d2-4ed6-a5fe-f98ab3fcbbee,1
1456a009-770b-4820-8919-55287a5780a7,80d891ee-7f80-4d4f-b486-3b0d1a9fd67a,4
1456a009-770b-4820-8919-55287a5780a7,8133067c-1a90-482b-9ee4-e585a096ffb5,1
1456a009-770b-4820-8919-55287a5780a7,819764fa-3a17-467b-8327-30899ed083b6,1
1456a009-770b-4820-8919-55287a5780a7,81d3a9a6-03c1-424b-873f-2df53af69e6c,11
1456a009-770b-4820-8919-55287a5780a7,83a1ccbf-fe6a-4f7a-a0d0-4cf90337ab90,2
1456a009-770b-4820-8919-55287a5780a7,8ba16b4b-5dc1-441e-9229-8bb63c903ce1,1
1456a009-770b-4820-8919-55287a5780a7,935fc903-0272-4f85-84e7-6c22aa9710f3,1
1456a009-770b-4820-8919-55287a5780a7,a900b4e7-92d9-4903-ab21-3189f17fe2e0,7
1456a009-770b-4820-8919-55287a5780a7,aa0272f6-6e3c-41f7-b040-b774b30d2196,1
1456a009-770b-4820-8919-55287a5780a7,ac61813c-2d49-4318-b5d0-32e3559b8db4,1
1456a009-770b-4820-8919-55287a5780a7,ae91b7a3-544d-40c7-8373-815a0bd18cf0,1
1456a009-770b-4820-8919-55287a5780a7,b4fdf408-8296-4d14-9e95-b4b96dc20751,7
1456a009-770b-4820-8919-55287a5780a7,bd954447-a92c-4899-a9a8-4a58569fd4d2,28
1456a009-770b-4820-8919-55287a5780a7,c6b2bdaf-8c1f-4b88-a8cb-167941b98bfb,1
1456a009-770b-4820-8919-55287a5780a7,c7822b58-103f-4612-87ef-648be97192c6,1
1456a009-770b-4820-8919-55287a5780a7,d3eeba5c-e756-485b-978e-a91629c31e57,2
1456a009-770b-4820-8919-55287a5780a7,ddaff486-ef62-4200-aeb9-eeb4bedcc620,2
1456a009-770b-4820-8919-55287a5780a7,edb8800b-6f1b-4e13-be0a-5b88fbd13c82,1
1456a009-770b-4820-8919-55287a5780a7,eef0e09f-c709-4de5-8b44-086876d5f631,10
1456a009-770b-4820-8919-55287a5780a7,fa4d473c-e553-439e-8f53-ca5f2b203dbd,6
1456a009-770b-4820-8919-55287a5780a7,fdc445bd-f8fe-4cfc-b387-7fd66a181674,9
148dfb11-3f22-46f3-9c7d-62a0c3c98d7e,14a5b9c6-b7e3-4a59-9083-ab81f1d50f7e,6
148dfb11-3f22-46f3-9c7d-62a0c3c98d7e,2211a588-7417-4e26-a386-801fe8798bd1,1
148dfb11-3f22-46f3-9c7d-62a0c3c98d7e,81d3a9a6-03c1-424b-873f-2df53af69e6c,1
148dfb11-3f22-46f3-9c7d-62a0c3c98d7e,a900b4e7-92d9-4903-ab21-3189f17fe2e0,1
148dfb11-3f22-46f3-9c7d-62a0c3c98d7e,aa0272f6-6e3c-41f7-b040-b774b30d2196,2
14a5b9c6-b7e3-4a59-9083-ab81f1d50f7e,16596afa-9e56-4d0a-a715-f40592825937,2
14a5b9c6-b7e3-4a59-9083-ab81f1d50f7e,17f26a48-9f54-42a1-9890-c6da761a9a2f,48
14a5b9c6-b7e3-4a59-9083-ab81f1d50f7e,1c16919b-5c3f-486c-9cc7-bdd00e29e9a4,1
14a5b9c6-b7e3-4a59-9083-ab81f1d50f7e,1c889902-6ede-427c-8682-000f683fffaa,2
14a5b9c6-b7e3-4a59-9083-ab81f1d50f7e,202e3325-7f81-4c5a-8aee-386a4bcd87e2,28
14a5b9c6-b7e3-4a59-9083-ab81f1d50f7e,238396aa-d91b-46ee-a7e9-301e9ac7bd7e,10
14a5b9c6-b7e3-4a59-9083-ab81f1d50f7e,2b533923-83a2-4ac6-b497-934a549b50ab,17
14a5b9c6-b7e3-4a59-9083-ab81f1d50f7e,39023322-8e6c-4cb4-b42d-c5bf80377dd6,1
14a5b9c6-b7e3-4a59-9083-ab81f1d50f7e,4a92f48a-0387-47c7-800e-cf59692e6411,29
14a5b9c6-b7e3-4a59-9083-ab81f1d50f7e,872e3c31-98a5-40cb-b7dc-9c821f3b1bca,18
14a5b9c6-b7e3-4a59-9083-ab81f1d50f7e,8c5a8186-8f46-4bca-956d-06d4fa521635,6
14a5b9c6-b7e3-4a59-9083-ab81f1d50f7e,990c794a-2170-435a-8c43-97d4fd0e621e,1
14a5b9c6-b7e3-4a59-9083-ab81f1d50f7e,9b13c8c8-eba4-411e-b095-858e352d3178,11
14a5b9c6-b7e3-4a59-9083-ab81f1d50f7e,aa0272f6-6e3c-41f7-b040-b774b30d2196,10
14a5b9c6-b7e3-4a59-9083-ab81f1d50f7e,b7a52679-bac9-4e00-9dfd-06a22a7cf088,3
14a5b9c6-b7e3-4a59-9083-ab81f1d50f7e,b9cfefa1-1e5e-4fd7-a9d5-458e4c3a20db,1
14a5b9c6-b7e3-4a59-9083-ab81f1d50f7e,ba21eb65-8546-40e5-a425-0d228d0eaeac,15
14a5b9c6-b7e3-4a59-9083-ab81f1d50f7e,c01b88c4-5507-49c5-9ec3-f08af6e6eace,2
14a5b9c6-b7e3-4a59-9083-ab81f1d50f7e,e6cc253d-14cb-437b-be88-4966f5fcb1f5,2
14d9be8b-5e75-401c-a1cc-7a8ab59b36e7,17f26a48-9f54-42a1-9890-c6da761a9a2f,2
14d9be8b-5e75-401c-a1cc-7a8ab59b36e7,935fc903-0272-4f85-84e7-6c22aa9710f3,1
14d9be8b-5e75-401c-a1cc-7a8ab59b36e7,ba21eb65-8546-40e5-a425-0d228d0eaeac,1
14d9be8b-5e75-401c-a1cc-7a8ab59b36e7,edefa48b-f14e-4ec3-ab3c-dfe2aa0126ec,1
15959521-3e16-4fdb-be6b-36f0b0504e6d,16596afa-9e56-4d0a-a715-f40592825937,4
15959521-3e16-4fdb-be6b-36f0b0504e6d,16be6093-7884-4d00-ae31-70dc7062f57a,1
15959521-3e16-4fdb-be6b-36f0b0504e6d,17f26a48-9f54-42a1-9890-c6da761a9a2f,1
15959521-3e16-4fdb-be6b-36f0b0504e6d,1899007b-67d2-4699-b896-2fdd92b69fc1,2
15959521-3e16-4fdb-be6b-36f0b0504e6d,196d0048-0369-4786-ba81-bda9da8c3636,37
15959521-3e16-4fdb-be6b-36f0b0504e6d,1c16919b-5c3f-486c-9cc7-bdd00e29e9a4,1
15959521-3e16-4fdb-be6b-36f0b0504e6d,299782b9-b45f-4cd6-b1db-abee2be08d81,12
15959521-3e16-4fdb-be6b-36f0b0504e6d,2b533923-83a2-4ac6-b497-934a549b50ab,13
15959521-3e16-4fdb-be6b-36f0b0504e6d,337a0873-453c-459f-99c7-2726975a71da,3
15959521-3e16-4fdb-be6b-36f0b0504e6d,356e5fc9-831f-4d9c-be2f-fd35a99e865b,11
15959521-3e16-4fdb-be6b-36f0b0504e6d,397c857a-fda0-414d-8fdc-8288cd3284aa,5
15959521-3e16-4fdb-be6b-36f0b0504e6d,3983584c-76b6-4a70-9040-dadc84949e88,14
15959521-3e16-4fdb-be6b-36f0b0504e6d,44081df1-828e-4d79-bd27-261be38f66f1,61
15959521-3e16-4fdb-be6b-36f0b0504e6d,4c3e51e6-9f1e-49cc-a919-f74a8c88343e,6
15959521-3e16-4fdb-be6b-36f0b0504e6d,4eacd971-8961-4956-b73b-7de0745de280,6
15959521-3e16-4fdb-be6b-36f0b0504e6d,551f9a19-738c-4298-afe1-5ca7959ab74b,3
15959521-3e16-4fdb-be6b-36f0b0504e6d,56a86879-60e4-4cdb-b5f1-b66d6d090798,1
15959521-3e16-4fdb-be6b-36f0b0504e6d,5ab23e3a-aed4-4713-9214-53336765be9d,10
15959521-3e16-4fdb-be6b-36f0b0504e6d,64522cbc-a297-4c67-a204-1e31deb91f68,9
15959521-3e16-4fdb-be6b-36f0b0504e6d,6bfaf570-5b6f-41e1-baf2-b833f6203513,6
15959521-3e16-4fdb-be6b-36f0b0504e6d,71cbc21c-4e36-4df7-9f58-e15a1c1f162c,9
15959521-3e16-4fdb-be6b-36f0b0504e6d,754f2d87-8990-4b77-8181-54d8df8fa63a,1
15959521-3e16-4fdb-be6b-36f0b0504e6d,77c541d2-49e3-483f-869d-134df420c5ea,5
15959521-3e16-4fdb-be6b-36f0b0504e6d,7897cad0-5099-4630-9311-65cc01450063,1
15959521-3e16-4fdb-be6b-36f0b0504e6d,808636f6-10d2-4ed6-a5fe-f98ab3fcbbee,1
15959521-3e16-4fdb-be6b-36f0b0504e6d,819764fa-3a17-467b-8327-30899ed083b6,1
15959521-3e16-4fdb-be6b-36f0b0504e6d,85f67e79-5385-444f-9bf0-be01daa37e03,1
15959521-3e16-4fdb-be6b-36f0b0504e6d,88e0734b-8c03-4daa-8ec5-055e36c07030,4
15959521-3e16-4fdb-be6b-36f0b0504e6d,89d70a20-bd10-46ed-866a-2c79362a0559,12
15959521-3e16-4fdb-be6b-36f0b0504e6d,8ba16b4b-5dc1-441e-9229-8bb63c903ce1,1
15959521-3e16-4fdb-be6b-36f0b0504e6d,92fe14f9-9abe-4759-b311-8b635302c2f2,4
15959521-3e16-4fdb-be6b-36f0b0504e6d,93ace320-ab4e-42d3-9783-b2e2e02eb546,1
15959521-3e16-4fdb-be6b-36f0b0504e6d,97ffe642-648f-4dab-a0e8-0720e96e3e35,3
15959521-3e16-4fdb-be6b-36f0b0504e6d,98aa8bde-85b0-49ed-9795-e2eeb206e3b8,19
15959521-3e16-4fdb-be6b-36f0b0504e6d,99c6218e-8f0c-45d4-bd24-f300c6cfcb2f,1
15959521-3e16-4fdb-be6b-36f0b0504e6d,9ab41898-332f-4c08-a834-d58b4669c990,1
15959521-3e16-4fdb-be6b-36f0b0504e6d,9b13c8c8-eba4-411e-b095-858e352d3178,3
15959521-3e16-4fdb-be6b-36f0b0504e6d,9bf12da8-39ea-4505-9500-764bc440cfc9,4
15959521-3e16-4fdb-be6b-36f0b0504e6d,9ea41959-b952-4e42-92fb-bc616ac17241,6
15959521-3e16-4fdb-be6b-36f0b0504e6d,a1877608-2b03-4620-b854-d57de44cd52e,1
15959521-3e16-4fdb-be6b-36f0b0504e6d,a4074721-5d4d-444a-bb98-1ddbc592a78a,2
15959521-3e16-4fdb-be6b-36f0b0504e6d,a59b540b-1460-4aa0-b9ce-19356f87c77e,1
15959521-3e16-4fdb-be6b-36f0b0504e6d,a8e4581d-5186-4367-95c5-0a754c60b276,6
15959521-3e16-4fdb-be6b-36f0b0504e6d,a901d2d2-35f6-4341-bbfb-38e5d9b21d07,4
15959521-3e16-4fdb-be6b-36f0b0504e6d,ab15ce32-a527-4526-a5b2-0f2cdb92feeb,2
15959521-3e16-4fdb-be6b-36f0b0504e6d,b29c0e00-7ac2-4c28-ab4f-8fceb156337b,23
15959521-3e16-4fdb-be6b-36f0b0504e6d,b3230578-426f-4b84-bfe2-6a8136c6a3af,1
15959521-3e16-4fdb-be6b-36f0b0504e6d,ba21eb65-8546-40e5-a425-0d228d0eaeac,23
15959521-3e16-4fdb-be6b-36f0b0504e6d,bb3a9cf3-6f64-4092-85a1-4318244ee603,1
15959521-3e16-4fdb-be6b-36f0b0504e6d,bb6801d4-f671-4ade-aa86-29aa89373dd9,2
15959521-3e16-4fdb-be6b-36f0b0504e6d,bf97025a-1c30-4042-bffe-948027f24e6c,1
15959521-3e16-4fdb-be6b-36f0b0504e6d,c0d8ed4a-ec11-48e2-a468-6cd93327305b,1
15959521-3e16-4fdb-be6b-36f0b0504e6d,c3b1dca8-2cb4-4025-9527-36163a098c1f,7
15959521-3e16-4fdb-be6b-36f0b0504e6d,c7822b58-103f-4612-87ef-648be97192c6,1
15959521-3e16-4fdb-be6b-36f0b0504e6d,cabae19e-836c-48c4-903e-7357789f9260,71
15959521-3e16-4fdb-be6b-36f0b0504e6d,ccea26dd-dcae-4174-8945-ec5cb568e951,7
15959521-3e16-4fdb-be6b-36f0b0504e6d,cf4c4d24-798d-4bbe-bf06-23ca674f0d28,7
15959521-3e16-4fdb-be6b-36f0b0504e6d,cfb17042-9f10-4e44-99f4-358bad067455,2
15959521-3e16-4fdb-be6b-36f0b0504e6d,d0d8dcbd-4818-4925-a684-13767c7dae0d,3
15959521-3e16-4fdb-be6b-36f0b0504e6d,d1bb566e-a111-43b7-8856-273ebac1f753,29
15959521-3e16-4fdb-be6b-36f0b0504e6d,d642dcc9-3f86-49d1-96c9-ae2771d1e89a,1
15959521-3e16-4fdb-be6b-36f0b0504e6d,d847851a-777b-43c6-83b3-392672659edc,1
15959521-3e16-4fdb-be6b-36f0b0504e6d,dae67415-1ed1-4464-a59e-75170eb1925d,4
15959521-3e16-4fdb-be6b-36f0b0504e6d,dc9f60e4-e1a4-487b-a002-40b3c77ba896,1
15959521-3e16-4fdb-be6b-36f0b0504e6d,e10065e1-776d-4bf3-8669-56788c453079,9
15959521-3e16-4fdb-be6b-36f0b0504e6d,fa4d473c-e553-439e-8f53-ca5f2b203dbd,2
16596afa-9e56-4d0a-a715-f40592825937,16be6093-7884-4d00-ae31-70dc7062f57a,37
16596afa-9e56-4d0a-a715-f40592825937,17f26a48-9f54-42a1-9890-c6da761a9a2f,5
16596afa-9e56-4d0a-a715-f40592825937,1899007b-67d2-4699-b896-2fdd92b69fc1,1
16596afa-9e56-4d0a-a715-f40592825937,196d0048-0369-4786-ba81-bda9da8c3636,3
16596afa-9e56-4d0a-a715-f40592825937,197b435e-29b1-4b69-8c6a-b38bc44ffce3,42
16596afa-9e56-4d0a-a715-f40592825937,1b59d69d-89a1-42c3-b5bf-52f38c39d88d,76
16596afa-9e56-4d0a-a715-f40592825937,1bdd5fcc-6231-4781-a4b6-413ae942af01,30
16596afa-9e56-4d0a-a715-f40592825937,1c16919b-5c3f-486c-9cc7-bdd00e29e9a4,24
16596afa-9e56-4d0a-a715-f40592825937,1c889902-6ede-427c-8682-000f683fffaa,39
16596afa-9e56-4d0a-a715-f40592825937,1e4f3007-3e72-4135-80e0-238966189fd4,6
16596afa-9e56-4d0a-a715-f40592825937,1e8aa099-9c94-432d-bff7-ac9fe20ff3ff,14
16596afa-9e56-4d0a-a715-f40592825937,202e3325-7f81-4c5a-8aee-386a4bcd87e2,4
16596afa-9e56-4d0a-a715-f40592825937,2211a588-7417-4e26-a386-801fe8798bd1,3
16596afa-9e56-4d0a-a715-f40592825937,238396aa-d91b-46ee-a7e9-301e9ac7bd7e,14
16596afa-9e56-4d0a-a715-f40592825937,2690bccc-5463-459a-b1df-cb93e222b348,9
16596afa-9e56-4d0a-a715-f40592825937,29124ef6-e1d5-4138-bf01-8433afde7269,19
16596afa-9e56-4d0a-a715-f40592825937,299782b9-b45f-4cd6-b1db-abee2be08d81,77
16596afa-9e56-4d0a-a715-f40592825937,2b533923-83a2-4ac6-b497-934a549b50ab,79
16596afa-9e56-4d0a-a715-f40592825937,2b537cd5-1203-4c08-8118-b295796deb07,1
16596afa-9e56-4d0a-a715-f40592825937,2d120900-fed8-43ae-a234-2bc4af510867,1
16596afa-9e56-4d0a-a715-f40592825937,2e1211a4-9506-4dbe-ab15-1b881bb87074,12
16596afa-9e56-4d0a-a715-f40592825937,337a0873-453c-459f-99c7-2726975a71da,1
16596afa-9e56-4d0a-a715-f40592825937,359e90b6-6f1f-47e9-a46b-d0ff54836077,1
16596afa-9e56-4d0a-a715-f40592825937,35d9ddbe-1687-4f95-8821-d5b82c2cf205,1
16596afa-9e56-4d0a-a715-f40592825937,36ff4d40-ec26-4ba3-9370-3ec3b73c42ff,5
16596afa-9e56-4d0a-a715-f40592825937,388e72cf-63dd-4839-9ce7-5491b6bdcfd8,16
16596afa-9e56-4d0a-a715-f40592825937,39023322-8e6c-4cb4-b42d-c5bf80377dd6,10
16596afa-9e56-4d0a-a715-f40592825937,397c857a-fda0-414d-8fdc-8288cd3284aa,1
16596afa-9e56-4d0a-a715-f40592825937,3b8c5482-7bdb-414b-97c7-ca34fb10da6f,4
16596afa-9e56-4d0a-a715-f40592825937,3c3a7304-0f4d-4b1f-a953-a6515b8b7670,2
16596afa-9e56-4d0a-a715-f40592825937,3c96ed5d-f7bf-4cae-9ec7-a5a29f5299da,1
16596afa-9e56-4d0a-a715-f40592825937,3dd45c3b-636a-4f17-b11c-72e3cfc56330,17
16596afa-9e56-4d0a-a715-f40592825937,3e48d4c9-0d66-4b50-9f9c-969b5e314a42,77
16596afa-9e56-4d0a-a715-f40592825937,412ecb41-f20c-477d-b8e7-d7b548a10a44,1
16596afa-9e56-4d0a-a715-f40592825937,43fd0a28-6a9c-4427-a55c-211fbae70091,1
16596afa-9e56-4d0a-a715-f40592825937,44081df1-828e-4d79-bd27-261be38f66f1,7
16596afa-9e56-4d0a-a715-f40592825937,44d2b41e-0e28-46c4-972b-daf49b4d9824,1
16596afa-9e56-4d0a-a715-f40592825937,44f6140e-9776-4c08-bd68-5dde99f2ab62,1
16596afa-9e56-4d0a-a715-f40592825937,49be3576-cea3-46c0-87eb-89beb108248d,13
16596afa-9e56-4d0a-a715-f40592825937,49f5b5f1-da8f-40a0-b78e-0616e2f30f78,1
16596afa-9e56-4d0a-a715-f40592825937,4a92f48a-0387-47c7-800e-cf59692e6411,1
16596afa-9e56-4d0a-a715-f40592825937,4aa76e80-51db-4c6f-b97c-e7926b39a66c,42
16596afa-9e56-4d0a-a715-f40592825937,4c3e51e6-9f1e-49cc-a919-f74a8c88343e,24
16596afa-9e56-4d0a-a715-f40592825937,4d13ea1d-c9b6-4313-8ba0-fd040d8a319e,1
16596afa-9e56-4d0a-a715-f40592825937,4d6bf62d-9d27-49b5-b00f-254d6ff6e4e1,1
16596afa-9e56-4d0a-a715-f40592825937,4eacd971-8961-4956-b73b-7de0745de280,27
16596afa-9e56-4d0a-a715-f40592825937,551f9a19-738c-4298-afe1-5ca7959ab74b,27
16596afa-9e56-4d0a-a715-f40592825937,557f8bd5-9f66-4bed-9b5f-86746bb0600a,1
16596afa-9e56-4d0a-a715-f40592825937,56a86879-60e4-4cdb-b5f1-b66d6d090798,10
16596afa-9e56-4d0a-a715-f40592825937,56cbb44d-9390-480d-b686-56da6c2d6d35,5
16596afa-9e56-4d0a-a715-f40592825937,58e27c9a-59be-407b-8213-714cf1d3acc4,17
16596afa-9e56-4d0a-a715-f40592825937,5ab23e3a-aed4-4713-9214-53336765be9d,49
16596afa-9e56-4d0a-a715-f40592825937,5d54939f-2da7-4ca6-b159-4ef344336b21,12
16596afa-9e56-4d0a-a715-f40592825937,64522cbc-a297-4c67-a204-1e31deb91f68,8
16596afa-9e56-4d0a-a715-f40592825937,64f39510-b420-4b01-8b5e-2b2f2b0aad91,4
16596afa-9e56-4d0a-a715-f40592825937,666f31ca-041f-466d-9e78-804317921d69,1
16596afa-9e56-4d0a-a715-f40592825937,68a869d7-3216-4208-9b57-e87405a11abb,1
16596afa-9e56-4d0a-a715-f40592825937,6a54c095-9872-4322-81be-114b74233d40,3
16596afa-9e56-4d0a-a715-f40592825937,6bfaf570-5b6f-41e1-baf2-b833f6203513,5
16596afa-9e56-4d0a-a715-f40592825937,6d33b9bc-7d3a-4a60-b2d7-c2b70cd11ab1,48
16596afa-9e56-4d0a-a715-f40592825937,6fc5878e-d76a-4e9d-a4e3-e5ef581bb2ff,5
16596afa-9e56-4d0a-a715-f40592825937,71cbc21c-4e36-4df7-9f58-e15a1c1f162c,9
16596afa-9e56-4d0a-a715-f40592825937,7265b8e8-62d4-4ba2-8117-8f758fbf606e,1
16596afa-9e56-4d0a-a715-f40592825937,74b44968-d1f2-482a-a365-1fbb4cbda7f9,4
16596afa-9e56-4d0a-a715-f40592825937,754f2d87-8990-4b77-8181-54d8df8fa63a,1
16596afa-9e56-4d0a-a715-f40592825937,7564c685-2691-4796-9159-ebd5df4fdc8d,38
16596afa-9e56-4d0a-a715-f40592825937,75a44c3a-5914-4c8e-9ca4-d987853f5844,38
16596afa-9e56-4d0a-a715-f40592825937,75c8786e-c5c2-4d12-95ff-4b804234f062,2
16596afa-9e56-4d0a-a715-f40592825937,7cbb2d95-46b2-4fcb-b129-9505f56e7f07,25
16596afa-9e56-4d0a-a715-f40592825937,7d18b6e3-de0c-4aea-bef8-242bbc38e936,11
16596afa-9e56-4d0a-a715-f40592825937,7dc8c80e-6b9a-47e5-b61f-d57bcb36158f,2
16596afa-9e56-4d0a-a715-f40592825937,8133067c-1a90-482b-9ee4-e585a096ffb5,5
16596afa-9e56-4d0a-a715-f40592825937,81d3a9a6-03c1-424b-873f-2df53af69e6c,1
16596afa-9e56-4d0a-a715-f40592825937,84e7ec53-7bec-491e-bec7-19b6b1d359b1,2
16596afa-9e56-4d0a-a715-f40592825937,8509e44d-0f9b-413a-a2cd-f64d656c3955,1
16596afa-9e56-4d0a-a715-f40592825937,859e1824-cc60-4304-9293-dca932ebbed2,14
16596afa-9e56-4d0a-a715-f40592825937,8711c928-b30d-4859-b091-74678ca63e5b,24
16596afa-9e56-4d0a-a715-f40592825937,872e3c31-98a5-40cb-b7dc-9c821f3b1bca,1
16596afa-9e56-4d0a-a715-f40592825937,88bf9f29-aa91-4ddd-ad2d-b73dfe6706ef,4
16596afa-9e56-4d0a-a715-f40592825937,89d70a20-bd10-46ed-866a-2c79362a0559,1
16596afa-9e56-4d0a-a715-f40592825937,8ba16b4b-5dc1-441e-9229-8bb63c903ce1,20
16596afa-9e56-4d0a-a715-f40592825937,8f6a5115-367e-4dc2-88c5-1eae50593652,2
16596afa-9e56-4d0a-a715-f40592825937,92fe14f9-9abe-4759-b311-8b635302c2f2,1
16596afa-9e56-4d0a-a715-f40592825937,935fc903-0272-4f85-84e7-6c22aa9710f3,1
16596afa-9e56-4d0a-a715-f40592825937,93ace320-ab4e-42d3-9783-b2e2e02eb546,2
16596afa-9e56-4d0a-a715-f40592825937,9431dc1b-9891-4d15-aaf1-b98e347c3b46,1
16596afa-9e56-4d0a-a715-f40592825937,94f6aaa0-69ed-4721-a62c-c2b592bec175,18
16596afa-9e56-4d0a-a715-f40592825937,973da897-66c7-4010-a98d-505e0e97a60c,1
16596afa-9e56-4d0a-a715-f40592825937,97ffe642-648f-4dab-a0e8-0720e96e3e35,4
16596afa-9e56-4d0a-a715-f40592825937,98aa8bde-85b0-49ed-9795-e2eeb206e3b8,43
16596afa-9e56-4d0a-a715-f40592825937,990c794a-2170-435a-8c43-97d4fd0e621e,1
16596afa-9e56-4d0a-a715-f40592825937,99c6218e-8f0c-45d4-bd24-f300c6cfcb2f,1
16596afa-9e56-4d0a-a715-f40592825937,9ab41898-332f-4c08-a834-d58b4669c990,2
16596afa-9e56-4d0a-a715-f40592825937,9b13c8c8-eba4-411e-b095-858e352d3178,15
16596afa-9e56-4d0a-a715-f40592825937,9bf12da8-39ea-4505-9500-764bc440cfc9,39
16596afa-9e56-4d0a-a715-f40592825937,9d2229a5-c46a-485a-9b82-315e270c3e9a,1
16596afa-9e56-4d0a-a715-f40592825937,9e79de98-e914-4dc8-8dc7-6d7cb09b93d7,4
16596afa-9e56-4d0a-a715-f40592825937,9f0c39d6-4a57-4849-9215-aa1147c7e0f6,36
16596afa-9e56-4d0a-a715-f40592825937,a04d4b85-56f0-448f-b5e8-28b5340af204,10
16596afa-9e56-4d0a-a715-f40592825937,a1877608-2b03-4620-b854-d57de44cd52e,1
16596afa-9e56-4d0a-a715-f40592825937,a4074721-5d4d-444a-bb98-1ddbc592a78a,4
16596afa-9e56-4d0a-a715-f40592825937,a437e923-725f-415e-a01d-5588a7af933e,60
16596afa-9e56-4d0a-a715-f40592825937,a68468b6-51ea-440c-9387-b44ba10ad8b6,50
16596afa-9e56-4d0a-a715-f40592825937,a8e4581d-5186-4367-95c5-0a754c60b276,33
16596afa-9e56-4d0a-a715-f40592825937,a901d2d2-35f6-4341-bbfb-38e5d9b21d07,3
16596afa-9e56-4d0a-a715-f40592825937,aa0272f6-6e3c-41f7-b040-b774b30d2196,3
16596afa-9e56-4d0a-a715-f40592825937,ab15ce32-a527-4526-a5b2-0f2cdb92feeb,73
16596afa-9e56-4d0a-a715-f40592825937,ab97f146-7308-4a7e-9197-2ef5ee467a95,2
16596afa-9e56-4d0a-a715-f40592825937,ac61813c-2d49-4318-b5d0-32e3559b8db4,3
16596afa-9e56-4d0a-a715-f40592825937,ad8654f3-811a-4a63-ab7a-01bf76347caa,1
16596afa-9e56-4d0a-a715-f40592825937,ae91b7a3-544d-40c7-8373-815a0bd18cf0,7
16596afa-9e56-4d0a-a715-f40592825937,b221afb0-2758-4ace-846a-7bfc33389ad6,1
16596afa-9e56-4d0a-a715-f40592825937,b29c0e00-7ac2-4c28-ab4f-8fceb156337b,37
16596afa-9e56-4d0a-a715-f40592825937,b3230578-426f-4b84-bfe2-6a8136c6a3af,1
16596afa-9e56-4d0a-a715-f40592825937,b41b2403-9f06-4d55-adc5-b0777373ca7e,85
16596afa-9e56-4d0a-a715-f40592825937,b4e1d8cf-e8cf-4b66-9ded-97fc8176fa4a,7
16596afa-9e56-4d0a-a715-f40592825937,b4fdf408-8296-4d14-9e95-b4b96dc20751,2
16596afa-9e56-4d0a-a715-f40592825937,b625d2bf-da74-40a2-b013-2069a09dcb6c,4
16596afa-9e56-4d0a-a715-f40592825937,b7a52679-bac9-4e00-9dfd-06a22a7cf088,9
16596afa-9e56-4d0a-a715-f40592825937,b8663b71-f92b-4d2b-a06b-f78dba168d98,5
16596afa-9e56-4d0a-a715-f40592825937,b8d002bc-ea6c-4f57-b36e-38415b205e09,2
16596afa-9e56-4d0a-a715-f40592825937,ba21eb65-8546-40e5-a425-0d228d0eaeac,16
16596afa-9e56-4d0a-a715-f40592825937,bb3a9cf3-6f64-4092-85a1-4318244ee603,38
16596afa-9e56-4d0a-a715-f40592825937,bb6801d4-f671-4ade-aa86-29aa89373dd9,2
16596afa-9e56-4d0a-a715-f40592825937,bd954447-a92c-4899-a9a8-4a58569fd4d2,3
16596afa-9e56-4d0a-a715-f40592825937,bf030048-0434-42f1-bbed-8b0c04014db4,31
16596afa-9e56-4d0a-a715-f40592825937,bf97025a-1c30-4042-bffe-948027f24e6c,12
16596afa-9e56-4d0a-a715-f40592825937,c0d8ed4a-ec11-48e2-a468-6cd93327305b,22
16596afa-9e56-4d0a-a715-f40592825937,c128a46d-ebd9-4ee9-80cc-16bfe505e539,1
16596afa-9e56-4d0a-a715-f40592825937,c3b1dca8-2cb4-4025-9527-36163a098c1f,3
16596afa-9e56-4d0a-a715-f40592825937,c606904d-daef-44ff-bd30-cfdc1e6b5185,2
16596afa-9e56-4d0a-a715-f40592825937,c60c655f-40ba-47b0-8e93-a2c8d1ff4743,2
16596afa-9e56-4d0a-a715-f40592825937,c6e26bd3-724f-45d3-93af-ef431e6fcd42,1
16596afa-9e56-4d0a-a715-f40592825937,c7822b58-103f-4612-87ef-648be97192c6,21
16596afa-9e56-4d0a-a715-f40592825937,cabae19e-836c-48c4-903e-7357789f9260,26
16596afa-9e56-4d0a-a715-f40592825937,ccea26dd-dcae-4174-8945-ec5cb568e951,27
16596afa-9e56-4d0a-a715-f40592825937,cefbf19c-653b-4af7-84a6-e17fba0e4a70,17
16596afa-9e56-4d0a-a715-f40592825937,cf4c4d24-798d-4bbe-bf06-23ca674f0d28,13
16596afa-9e56-4d0a-a715-f40592825937,cfb17042-9f10-4e44-99f4-358bad067455,3
16596afa-9e56-4d0a-a715-f40592825937,d07ef52c-cc10-4445-a3a1-dfe50371f110,5
16596afa-9e56-4d0a-a715-f40592825937,d0d8dcbd-4818-4925-a684-13767c7dae0d,2
16596afa-9e56-4d0a-a715-f40592825937,d1bb566e-a111-43b7-8856-273ebac1f753,5
16596afa-9e56-4d0a-a715-f40592825937,d34e1efc-fbba-4ad8-823a-61bc3f25d580,24
16596afa-9e56-4d0a-a715-f40592825937,d59d1492-57b6-482b-88b6-b2b77c45c33d,3
16596afa-9e56-4d0a-a715-f40592825937,d653bf17-e60f-4512-9258-a68ec026e381,1
16596afa-9e56-4d0a-a715-f40592825937,d847851a-777b-43c6-83b3-392672659edc,28
16596afa-9e56-4d0a-a715-f40592825937,d89044ef-b7df-4a15-be10-d342fe381664,8
16596afa-9e56-4d0a-a715-f40592825937,da756f9c-3f10-4ab8-9fa8-75812e248959,7
16596afa-9e56-4d0a-a715-f40592825937,dab4cf29-4843-4261-b09b-973fe98dbf65,1
16596afa-9e56-4d0a-a715-f40592825937,dae67415-1ed1-4464-a59e-75170eb1925d,1
16596afa-9e56-4d0a-a715-f40592825937,dc9f60e4-e1a4-487b-a002-40b3c77ba896,1
16596afa-9e56-4d0a-a715-f40592825937,ddaff486-ef62-4200-aeb9-eeb4bedcc620,8
16596afa-9e56-4d0a-a715-f40592825937,e10065e1-776d-4bf3-8669-56788c453079,16
16596afa-9e56-4d0a-a715-f40592825937,e5c4753f-d2d8-4a4a-ae9d-62118892a731,7
16596afa-9e56-4d0a-a715-f40592825937,e5c9b4ba-9064-4858-a052-bb3bbecfac4b,7
16596afa-9e56-4d0a-a715-f40592825937,e6cc253d-14cb-437b-be88-4966f5fcb1f5,6
16596afa-9e56-4d0a-a715-f40592825937,e7f0d8e8-4c52-4d0a-8b94-28729046f45b,9
16596afa-9e56-4d0a-a715-f40592825937,eb79af3c-a66d-4374-b9e7-34d7f3e92dc7,2
16596afa-9e56-4d0a-a715-f40592825937,ec273841-069f-408b-b434-8524904ae314,2
16596afa-9e56-4d0a-a715-f40592825937,ee32e8d2-aa15-4603-901e-2cc3c72e9ead,17
16596afa-9e56-4d0a-a715-f40592825937,eef0e09f-c709-4de5-8b44-086876d5f631,5
16596afa-9e56-4d0a-a715-f40592825937,ef8d31db-0876-4998-b0d9-056643260d46,1
16596afa-9e56-4d0a-a715-f40592825937,f23be4bd-7b2b-45dd-be84-4f76f11b624a,3
16596afa-9e56-4d0a-a715-f40592825937,f289b7eb-f6ba-415b-90d9-1124c652637c,4
16596afa-9e56-4d0a-a715-f40592825937,f29c0ba8-4d4a-4cca-bb1b-229f68b4ae6a,3
16596afa-9e56-4d0a-a715-f40592825937,f31cabe4-e1f4-46db-88a9-b46ba44dded4,27
16596afa-9e56-4d0a-a715-f40592825937,fa4d473c-e553-439e-8f53-ca5f2b203dbd,10
16596afa-9e56-4d0a-a715-f40592825937,face7642-1fd8-4ec1-a909-c2579b0bd8d2,1
16596afa-9e56-4d0a-a715-f40592825937,fb291eb2-962a-482f-971a-0b62673f9a86,3
16596afa-9e56-4d0a-a715-f40592825937,fdc445bd-f8fe-4cfc-b387-7fd66a181674,5
16be6093-7884-4d00-ae31-70dc7062f57a,197b435e-29b1-4b69-8c6a-b38bc44ffce3,31
16be6093-7884-4d00-ae31-70dc7062f57a,1b59d69d-89a1-42c3-b5bf-52f38c39d88d,42
16be6093-7884-4d00-ae31-70dc7062f57a,1bdd5fcc-6231-4781-a4b6-413ae942af01,21
16be6093-7884-4d00-ae31-70dc7062f57a,1c16919b-5c3f-486c-9cc7-bdd00e29e9a4,26
16be6093-7884-4d00-ae31-70dc7062f57a,1c889902-6ede-427c-8682-000f683fffaa,24
16be6093-7884-4d00-ae31-70dc7062f57a,1e4f3007-3e72-4135-80e0-238966189fd4,1
16be6093-7884-4d00-ae31-70dc7062f57a,238396aa-d91b-46ee-a7e9-301e9ac7bd7e,28
16be6093-7884-4d00-ae31-70dc7062f57a,2538ca6a-8254-4c7e-af71-a20db82afd30,2
16be6093-7884-4d00-ae31-70dc7062f57a,2690bccc-5463-459a-b1df-cb93e222b348,10
16be6093-7884-4d00-ae31-70dc7062f57a,29124ef6-e1d5-4138-bf01-8433afde7269,7
16be6093-7884-4d00-ae31-70dc7062f57a,299782b9-b45f-4cd6-b1db-abee2be08d81,13
16be6093-7884-4d00-ae31-70dc7062f57a,2b533923-83a2-4ac6-b497-934a549b50ab,5
16be6093-7884-4d00-ae31-70dc7062f57a,337a0873-453c-459f-99c7-2726975a71da,2
16be6093-7884-4d00-ae31-70dc7062f57a,36ff4d40-ec26-4ba3-9370-3ec3b73c42ff,1
16be6093-7884-4d00-ae31-70dc7062f57a,388e72cf-63dd-4839-9ce7-5491b6bdcfd8,4
16be6093-7884-4d00-ae31-70dc7062f57a,3983584c-76b6-4a70-9040-dadc84949e88,2
16be6093-7884-4d00-ae31-70dc7062f57a,3c169621-1134-429d-939c-77bb6dfe3185,2
16be6093-7884-4d00-ae31-70dc7062f57a,3c3a7304-0f4d-4b1f-a953-a6515b8b7670,6
16be6093-7884-4d00-ae31-70dc7062f57a,3c96ed5d-f7bf-4cae-9ec7-a5a29f5299da,1
16be6093-7884-4d00-ae31-70dc7062f57a,3dbbf804-bad5-44f2-b8c7-091baf63758d,2
16be6093-7884-4d00-ae31-70dc7062f57a,3e48d4c9-0d66-4b50-9f9c-969b5e314a42,17
16be6093-7884-4d00-ae31-70dc7062f57a,44081df1-828e-4d79-bd27-261be38f66f1,1
16be6093-7884-4d00-ae31-70dc7062f57a,48d02bab-281c-4bd0-8a50-26bf90a38cc0,1
16be6093-7884-4d00-ae31-70dc7062f57a,49be3576-cea3-46c0-87eb-89beb108248d,10
16be6093-7884-4d00-ae31-70dc7062f57a,4c3e51e6-9f1e-49cc-a919-f74a8c88343e,1
16be6093-7884-4d00-ae31-70dc7062f57a,4d13ea1d-c9b6-4313-8ba0-fd040d8a319e,4
16be6093-7884-4d00-ae31-70dc7062f57a,4eacd971-8961-4956-b73b-7de0745de280,3
16be6093-7884-4d00-ae31-70dc7062f57a,551f9a19-738c-4298-afe1-5ca7959ab74b,69
16be6093-7884-4d00-ae31-70dc7062f57a,56a86879-60e4-4cdb-b5f1-b66d6d090798,18
16be6093-7884-4d00-ae31-70dc7062f57a,56cbb44d-9390-480d-b686-56da6c2d6d35,5
16be6093-7884-4d00-ae31-70dc7062f57a,58e27c9a-59be-407b-8213-714cf1d3acc4,3
16be6093-7884-4d00-ae31-70dc7062f57a,5ab23e3a-aed4-4713-9214-53336765be9d,6
16be6093-7884-4d00-ae31-70dc7062f57a,5d54939f-2da7-4ca6-b159-4ef344336b21,3
16be6093-7884-4d00-ae31-70dc7062f57a,5dfe97b2-fffb-4586-a999-1cbcfde80674,7
16be6093-7884-4d00-ae31-70dc7062f57a,64457f28-37b6-4948-860a-f28bc62b99ae,3
16be6093-7884-4d00-ae31-70dc7062f57a,64522cbc-a297-4c67-a204-1e31deb91f68,33
16be6093-7884-4d00-ae31-70dc7062f57a,66b2be3d-10f8-46a4-90c6-b86005df0a50,1
16be6093-7884-4d00-ae31-70dc7062f57a,6bfaf570-5b6f-41e1-baf2-b833f6203513,1
16be6093-7884-4d00-ae31-70dc7062f57a,6ce9c9e8-daec-4ef0-b975-f372e100d3e6,5
16be6093-7884-4d00-ae31-70dc7062f57a,6d33b9bc-7d3a-4a60-b2d7-c2b70cd11ab1,9
16be6093-7884-4d00-ae31-70dc7062f57a,6fc5878e-d76a-4e9d-a4e3-e5ef581bb2ff,10
16be6093-7884-4d00-ae31-70dc7062f57a,71cbc21c-4e36-4df7-9f58-e15a1c1f162c,8
16be6093-7884-4d00-ae31-70dc7062f57a,7564c685-2691-4796-9159-ebd5df4fdc8d,9
16be6093-7884-4d00-ae31-70dc7062f57a,75a44c3a-5914-4c8e-9ca4-d987853f5844,5
16be6093-7884-4d00-ae31-70dc7062f57a,762e0f40-f100-4896-85a2-b1d8818fae41,1
16be6093-7884-4d00-ae31-70dc7062f57a,77c541d2-49e3-483f-869d-134df420c5ea,1
16be6093-7884-4d00-ae31-70dc7062f57a,7897cad0-5099-4630-9311-65cc01450063,1
16be6093-7884-4d00-ae31-70dc7062f57a,7d18b6e3-de0c-4aea-bef8-242bbc38e936,1
16be6093-7884-4d00-ae31-70dc7062f57a,7dc8c80e-6b9a-47e5-b61f-d57bcb36158f,14
16be6093-7884-4d00-ae31-70dc7062f57a,819764fa-3a17-467b-8327-30899ed083b6,2
16be6093-7884-4d00-ae31-70dc7062f57a,8711c928-b30d-4859-b091-74678ca63e5b,28
16be6093-7884-4d00-ae31-70dc7062f57a,88bf9f29-aa91-4ddd-ad2d-b73dfe6706ef,4
16be6093-7884-4d00-ae31-70dc7062f57a,89d70a20-bd10-46ed-866a-2c79362a0559,3
16be6093-7884-4d00-ae31-70dc7062f57a,8b3664bd-77e4-468b-af96-f3f4ec27fcce,2
16be6093-7884-4d00-ae31-70dc7062f57a,8ba16b4b-5dc1-441e-9229-8bb63c903ce1,1
16be6093-7884-4d00-ae31-70dc7062f57a,8f6a5115-367e-4dc2-88c5-1eae50593652,2
16be6093-7884-4d00-ae31-70dc7062f57a,935fc903-0272-4f85-84e7-6c22aa9710f3,3
16be6093-7884-4d00-ae31-70dc7062f57a,98aa8bde-85b0-49ed-9795-e2eeb206e3b8,4
16be6093-7884-4d00-ae31-70dc7062f57a,9b13c8c8-eba4-411e-b095-858e352d3178,7
16be6093-7884-4d00-ae31-70dc7062f57a,9bf12da8-39ea-4505-9500-764bc440cfc9,25
16be6093-7884-4d00-ae31-70dc7062f57a,9ea41959-b952-4e42-92fb-bc616ac17241,1
16be6093-7884-4d00-ae31-70dc7062f57a,9f0c39d6-4a57-4849-9215-aa1147c7e0f6,9
16be6093-7884-4d00-ae31-70dc7062f57a,a1877608-2b03-4620-b854-d57de44cd52e,1
16be6093-7884-4d00-ae31-70dc7062f57a,a4074721-5d4d-444a-bb98-1ddbc592a78a,7
16be6093-7884-4d00-ae31-70dc7062f57a,a437e923-725f-415e-a01d-5588a7af933e,1
16be6093-7884-4d00-ae31-70dc7062f57a,a59b540b-1460-4aa0-b9ce-19356f87c77e,1
16be6093-7884-4d00-ae31-70dc7062f57a,a68468b6-51ea-440c-9387-b44ba10ad8b6,23
16be6093-7884-4d00-ae31-70dc7062f57a,a8e4581d-5186-4367-95c5-0a754c60b276,16
16be6093-7884-4d00-ae31-70dc7062f57a,a901d2d2-35f6-4341-bbfb-38e5d9b21d07,9
16be6093-7884-4d00-ae31-70dc7062f57a,a962ffcb-a300-45e1-8850-70c7173c233e,2
16be6093-7884-4d00-ae31-70dc7062f57a,aa0272f6-6e3c-41f7-b040-b774b30d2196,10
16be6093-7884-4d00-ae31-70dc7062f57a,ab15ce32-a527-4526-a5b2-0f2cdb92feeb,14
16be6093-7884-4d00-ae31-70dc7062f57a,ab97f146-7308-4a7e-9197-2ef5ee467a95,2
16be6093-7884-4d00-ae31-70dc7062f57a,b221afb0-2758-4ace-846a-7bfc33389ad6,1
16be6093-7884-4d00-ae31-70dc7062f57a,b29c0e00-7ac2-4c28-ab4f-8fceb156337b,5
16be6093-7884-4d00-ae31-70dc7062f57a,b41b2403-9f06-4d55-adc5-b0777373ca7e,25
16be6093-7884-4d00-ae31-70dc7062f57a,b4e1d8cf-e8cf-4b66-9ded-97fc8176fa4a,6
16be6093-7884-4d00-ae31-70dc7062f57a,b4fdf408-8296-4d14-9e95-b4b96dc20751,2
16be6093-7884-4d00-ae31-70dc7062f57a,b8663b71-f92b-4d2b-a06b-f78dba168d98,6
16be6093-7884-4d00-ae31-70dc7062f57a,bb3a9cf3-6f64-4092-85a1-4318244ee603,4
16be6093-7884-4d00-ae31-70dc7062f57a,bf030048-0434-42f1-bbed-8b0c04014db4,27
16be6093-7884-4d00-ae31-70dc7062f57a,bf8eb79e-5034-4882-a4c5-413baba477d5,3
16be6093-7884-4d00-ae31-70dc7062f57a,bf97025a-1c30-4042-bffe-948027f24e6c,7
16be6093-7884-4d00-ae31-70dc7062f57a,c0648a21-11c6-4b4f-a4be-205d7dcbb746,1
16be6093-7884-4d00-ae31-70dc7062f57a,c0d8ed4a-ec11-48e2-a468-6cd93327305b,20
16be6093-7884-4d00-ae31-70dc7062f57a,c128a46d-ebd9-4ee9-80cc-16bfe505e539,6
16be6093-7884-4d00-ae31-70dc7062f57a,c6e26bd3-724f-45d3-93af-ef431e6fcd42,9
16be6093-7884-4d00-ae31-70dc7062f57a,c7822b58-103f-4612-87ef-648be97192c6,38
16be6093-7884-4d00-ae31-70dc7062f57a,cefbf19c-653b-4af7-84a6-e17fba0e4a70,108
16be6093-7884-4d00-ae31-70dc7062f57a,cf4c4d24-798d-4bbe-bf06-23ca674f0d28,6
16be6093-7884-4d00-ae31-70dc7062f57a,cfb17042-9f10-4e44-99f4-358bad067455,5
16be6093-7884-4d00-ae31-70dc7062f57a,d07ef52c-cc10-4445-a3a1-dfe50371f110,13
16be6093-7884-4d00-ae31-70dc7062f57a,d34e1efc-fbba-4ad8-823a-61bc3f25d580,1
16be6093-7884-4d00-ae31-70dc7062f57a,d59d1492-57b6-482b-88b6-b2b77c45c33d,1
16be6093-7884-4d00-ae31-70dc7062f57a,d847851a-777b-43c6-83b3-392672659edc,12
16be6093-7884-4d00-ae31-70dc7062f57a,da756f9c-3f10-4ab8-9fa8-75812e248959,9
16be6093-7884-4d00-ae31-70dc7062f57a,da9f33b0-80ca-49eb-a1ec-def3b46538d9,1
16be6093-7884-4d00-ae31-70dc7062f57a,dc9f60e4-e1a4-487b-a002-40b3c77ba896,3
16be6093-7884-4d00-ae31-70dc7062f57a,e10065e1-776d-4bf3-8669-56788c453079,21
16be6093-7884-4d00-ae31-70dc7062f57a,e6cc253d-14cb-437b-be88-4966f5fcb1f5,6
16be6093-7884-4d00-ae31-70dc7062f57a,e70c3ee3-cca2-4521-abea-b124dcec0952,2
16be6093-7884-4d00-ae31-70dc7062f57a,e7f0d8e8-4c52-4d0a-8b94-28729046f45b,21
16be6093-7884-4d00-ae31-70dc7062f57a,f29c0ba8-4d4a-4cca-bb1b-229f68b4ae6a,7
16be6093-7884-4d00-ae31-70dc7062f57a,f31cabe4-e1f4-46db-88a9-b46ba44dded4,16
16be6093-7884-4d00-ae31-70dc7062f57a,f6e59e50-f22a-450c-8d4f-8a7072e50277,2
16be6093-7884-4d00-ae31-70dc7062f57a,fa4d473c-e553-439e-8f53-ca5f2b203dbd,5
16be6093-7884-4d00-ae31-70dc7062f57a,face7642-1fd8-4ec1-a909-c2579b0bd8d2,1
16be6093-7884-4d00-ae31-70dc7062f57a,fd45195f-c35d-47c9-844e-a5893e10839e,3
16be6093-7884-4d00-ae31-70dc7062f57a,fdc445bd-f8fe-4cfc-b387-7fd66a181674,7
17f26a48-9f54-42a1-9890-c6da761a9a2f,1bdd5fcc-6231-4781-a4b6-413ae942af01,15
17f26a48-9f54-42a1-9890-c6da761a9a2f,1c16919b-5c3f-486c-9cc7-bdd00e29e9a4,6
17f26a48-9f54-42a1-9890-c6da761a9a2f,202e3325-7f81-4c5a-8aee-386a4bcd87e2,48
17f26a48-9f54-42a1-9890-c6da761a9a2f,238396aa-d91b-46ee-a7e9-301e9ac7bd7e,14
17f26a48-9f54-42a1-9890-c6da761a9a2f,2690bccc-5463-459a-b1df-cb93e222b348,3
17f26a48-9f54-42a1-9890-c6da761a9a2f,299782b9-b45f-4cd6-b1db-abee2be08d81,7
17f26a48-9f54-42a1-9890-c6da761a9a2f,2b533923-83a2-4ac6-b497-934a549b50ab,65
17f26a48-9f54-42a1-9890-c6da761a9a2f,337a0873-453c-459f-99c7-2726975a71da,19
17f26a48-9f54-42a1-9890-c6da761a9a2f,39023322-8e6c-4cb4-b42d-c5bf80377dd6,2
17f26a48-9f54-42a1-9890-c6da761a9a2f,3b8c5482-7bdb-414b-97c7-ca34fb10da6f,2
17f26a48-9f54-42a1-9890-c6da761a9a2f,3e48d4c9-0d66-4b50-9f9c-969b5e314a42,1
17f26a48-9f54-42a1-9890-c6da761a9a2f,412ecb41-f20c-477d-b8e7-d7b548a10a44,6
17f26a48-9f54-42a1-9890-c6da761a9a2f,425ddb12-0b71-44b6-9875-70b075dc99f7,1
17f26a48-9f54-42a1-9890-c6da761a9a2f,44081df1-828e-4d79-bd27-261be38f66f1,4
17f26a48-9f54-42a1-9890-c6da761a9a2f,4a92f48a-0387-47c7-800e-cf59692e6411,128
17f26a48-9f54-42a1-9890-c6da761a9a2f,4c3e51e6-9f1e-49cc-a919-f74a8c88343e,1
17f26a48-9f54-42a1-9890-c6da761a9a2f,4d73ea92-7e5c-4964-bc40-d80f38860ae4,2
17f26a48-9f54-42a1-9890-c6da761a9a2f,4eacd971-8961-4956-b73b-7de0745de280,39
17f26a48-9f54-42a1-9890-c6da761a9a2f,522d59a0-10ba-488f-a27a-a1dda7581900,28
17f26a48-9f54-42a1-9890-c6da761a9a2f,56a86879-60e4-4cdb-b5f1-b66d6d090798,42
17f26a48-9f54-42a1-9890-c6da761a9a2f,58e27c9a-59be-407b-8213-714cf1d3acc4,1
17f26a48-9f54-42a1-9890-c6da761a9a2f,5d3c16f6-cad0-432f-b850-8a62cfb6526c,14
17f26a48-9f54-42a1-9890-c6da761a9a2f,5d54939f-2da7-4ca6-b159-4ef344336b21,10
17f26a48-9f54-42a1-9890-c6da761a9a2f,68a869d7-3216-4208-9b57-e87405a11abb,3
17f26a48-9f54-42a1-9890-c6da761a9a2f,6bfaf570-5b6f-41e1-baf2-b833f6203513,1
17f26a48-9f54-42a1-9890-c6da761a9a2f,71cbc21c-4e36-4df7-9f58-e15a1c1f162c,2
17f26a48-9f54-42a1-9890-c6da761a9a2f,754f2d87-8990-4b77-8181-54d8df8fa63a,1
17f26a48-9f54-42a1-9890-c6da761a9a2f,7d18b6e3-de0c-4aea-bef8-242bbc38e936,6
17f26a48-9f54-42a1-9890-c6da761a9a2f,80d891ee-7f80-4d4f-b486-3b0d1a9fd67a,1
17f26a48-9f54-42a1-9890-c6da761a9a2f,83a1ccbf-fe6a-4f7a-a0d0-4cf90337ab90,1
17f26a48-9f54-42a1-9890-c6da761a9a2f,859e1824-cc60-4304-9293-dca932ebbed2,5
17f26a48-9f54-42a1-9890-c6da761a9a2f,872e3c31-98a5-40cb-b7dc-9c821f3b1bca,29
17f26a48-9f54-42a1-9890-c6da761a9a2f,88bf9f29-aa91-4ddd-ad2d-b73dfe6706ef,11
17f26a48-9f54-42a1-9890-c6da761a9a2f,8ba16b4b-5dc1-441e-9229-8bb63c903ce1,6
17f26a48-9f54-42a1-9890-c6da761a9a2f,8c5a8186-8f46-4bca-956d-06d4fa521635,1
17f26a48-9f54-42a1-9890-c6da761a9a2f,935fc903-0272-4f85-84e7-6c22aa9710f3,3
17f26a48-9f54-42a1-9890-c6da761a9a2f,973da897-66c7-4010-a98d-505e0e97a60c,2
17f26a48-9f54-42a1-9890-c6da761a9a2f,974099ff-20a6-4119-84be-96e244befc55,2
17f26a48-9f54-42a1-9890-c6da761a9a2f,97ffe642-648f-4dab-a0e8-0720e96e3e35,5
17f26a48-9f54-42a1-9890-c6da761a9a2f,98aa8bde-85b0-49ed-9795-e2eeb206e3b8,1
17f26a48-9f54-42a1-9890-c6da761a9a2f,990c794a-2170-435a-8c43-97d4fd0e621e,4
17f26a48-9f54-42a1-9890-c6da761a9a2f,99c6218e-8f0c-45d4-bd24-f300c6cfcb2f,8
17f26a48-9f54-42a1-9890-c6da761a9a2f,9b13c8c8-eba4-411e-b095-858e352d3178,46
17f26a48-9f54-42a1-9890-c6da761a9a2f,9d2229a5-c46a-485a-9b82-315e270c3e9a,1
17f26a48-9f54-42a1-9890-c6da761a9a2f,9f0c39d6-4a57-4849-9215-aa1147c7e0f6,1
17f26a48-9f54-42a1-9890-c6da761a9a2f,a4074721-5d4d-444a-bb98-1ddbc592a78a,1
17f26a48-9f54-42a1-9890-c6da761a9a2f,a68468b6-51ea-440c-9387-b44ba10ad8b6,1
17f26a48-9f54-42a1-9890-c6da761a9a2f,a8e4581d-5186-4367-95c5-0a754c60b276,1
17f26a48-9f54-42a1-9890-c6da761a9a2f,a962ffcb-a300-45e1-8850-70c7173c233e,3
17f26a48-9f54-42a1-9890-c6da761a9a2f,aa0272f6-6e3c-41f7-b040-b774b30d2196,4
17f26a48-9f54-42a1-9890-c6da761a9a2f,ab15ce32-a527-4526-a5b2-0f2cdb92feeb,1
17f26a48-9f54-42a1-9890-c6da761a9a2f,ad44b24f-bb14-4f4a-a476-3cbbb3e9cdb0,1
17f26a48-9f54-42a1-9890-c6da761a9a2f,b41b2403-9f06-4d55-adc5-b0777373ca7e,2
17f26a48-9f54-42a1-9890-c6da761a9a2f,b7a52679-bac9-4e00-9dfd-06a22a7cf088,33
17f26a48-9f54-42a1-9890-c6da761a9a2f,b9cfefa1-1e5e-4fd7-a9d5-458e4c3a20db,20
17f26a48-9f54-42a1-9890-c6da761a9a2f,ba21eb65-8546-40e5-a425-0d228d0eaeac,37
17f26a48-9f54-42a1-9890-c6da761a9a2f,c01b88c4-5507-49c5-9ec3-f08af6e6eace,1
17f26a48-9f54-42a1-9890-c6da761a9a2f,c3adeaa2-c232-48f9-967d-caf4b0b51719,5
17f26a48-9f54-42a1-9890-c6da761a9a2f,c3b1dca8-2cb4-4025-9527-36163a098c1f,1
17f26a48-9f54-42a1-9890-c6da761a9a2f,c4f7c468-721e-4953-97f2-bff05fe570c4,4
17f26a48-9f54-42a1-9890-c6da761a9a2f,c7822b58-103f-4612-87ef-648be97192c6,61
17f26a48-9f54-42a1-9890-c6da761a9a2f,cf4c4d24-798d-4bbe-bf06-23ca674f0d28,1
17f26a48-9f54-42a1-9890-c6da761a9a2f,d07ef52c-cc10-4445-a3a1-dfe50371f110,3
17f26a48-9f54-42a1-9890-c6da761a9a2f,d1bb566e-a111-43b7-8856-273ebac1f753,2
17f26a48-9f54-42a1-9890-c6da761a9a2f,d59d1492-57b6-482b-88b6-b2b77c45c33d,1
17f26a48-9f54-42a1-9890-c6da761a9a2f,d642dcc9-3f86-49d1-96c9-ae2771d1e89a,4
17f26a48-9f54-42a1-9890-c6da761a9a2f,d653bf17-e60f-4512-9258-a68ec026e381,2
17f26a48-9f54-42a1-9890-c6da761a9a2f,d847851a-777b-43c6-83b3-392672659edc,1
17f26a48-9f54-42a1-9890-c6da761a9a2f,dae67415-1ed1-4464-a59e-75170eb1925d,4
17f26a48-9f54-42a1-9890-c6da761a9a2f,ddaff486-ef62-4200-aeb9-eeb4bedcc620,4
17f26a48-9f54-42a1-9890-c6da761a9a2f,e10065e1-776d-4bf3-8669-56788c453079,1
17f26a48-9f54-42a1-9890-c6da761a9a2f,e5c9b4ba-9064-4858-a052-bb3bbecfac4b,3
17f26a48-9f54-42a1-9890-c6da761a9a2f,e70c3ee3-cca2-4521-abea-b124dcec0952,16
17f26a48-9f54-42a1-9890-c6da761a9a2f,e85125f3-b7cf-426c-9355-412838893f55,10
17f26a48-9f54-42a1-9890-c6da761a9a2f,edefa48b-f14e-4ec3-ab3c-dfe2aa0126ec,2
17f26a48-9f54-42a1-9890-c6da761a9a2f,ee32e8d2-aa15-4603-901e-2cc3c72e9ead,11
17f26a48-9f54-42a1-9890-c6da761a9a2f,f31cabe4-e1f4-46db-88a9-b46ba44dded4,1
17f26a48-9f54-42a1-9890-c6da761a9a2f,fa4d473c-e553-439e-8f53-ca5f2b203dbd,3
17f26a48-9f54-42a1-9890-c6da761a9a2f,fac3056b-df3b-4712-9ae3-56472806747b,1
17f26a48-9f54-42a1-9890-c6da761a9a2f,face7642-1fd8-4ec1-a909-c2579b0bd8d2,1
17f26a48-9f54-42a1-9890-c6da761a9a2f,fb291eb2-962a-482f-971a-0b62673f9a86,1
1899007b-67d2-4699-b896-2fdd92b69fc1,196d0048-0369-4786-ba81-bda9da8c3636,1
1899007b-67d2-4699-b896-2fdd92b69fc1,2690bccc-5463-459a-b1df-cb93e222b348,4
1899007b-67d2-4699-b896-2fdd92b69fc1,3b8c5482-7bdb-414b-97c7-ca34fb10da6f,2
1899007b-67d2-4699-b896-2fdd92b69fc1,44081df1-828e-4d79-bd27-261be38f66f1,3
1899007b-67d2-4699-b896-2fdd92b69fc1,5ab23e3a-aed4-4713-9214-53336765be9d,2
1899007b-67d2-4699-b896-2fdd92b69fc1,5d54939f-2da7-4ca6-b159-4ef344336b21,1
1899007b-67d2-4699-b896-2fdd92b69fc1,64522cbc-a297-4c67-a204-1e31deb91f68,1
1899007b-67d2-4699-b896-2fdd92b69fc1,6c2ee55a-fa05-4a41-b522-c878c6a61ce8,6
1899007b-67d2-4699-b896-2fdd92b69fc1,84e7ec53-7bec-491e-bec7-19b6b1d359b1,2
1899007b-67d2-4699-b896-2fdd92b69fc1,8c5a8186-8f46-4bca-956d-06d4fa521635,1
1899007b-67d2-4699-b896-2fdd92b69fc1,8dfa0156-0834-4c00-87e8-c4e9919f781f,1
1899007b-67d2-4699-b896-2fdd92b69fc1,935fc903-0272-4f85-84e7-6c22aa9710f3,3
1899007b-67d2-4699-b896-2fdd92b69fc1,98aa8bde-85b0-49ed-9795-e2eeb206e3b8,3
1899007b-67d2-4699-b896-2fdd92b69fc1,9b13c8c8-eba4-411e-b095-858e352d3178,2
1899007b-67d2-4699-b896-2fdd92b69fc1,9ea41959-b952-4e42-92fb-bc616ac17241,7
1899007b-67d2-4699-b896-2fdd92b69fc1,a396ae20-6309-456b-a5ae-e4068dea8a67,1
1899007b-67d2-4699-b896-2fdd92b69fc1,ac61813c-2d49-4318-b5d0-32e3559b8db4,1
1899007b-67d2-4699-b896-2fdd92b69fc1,b29c0e00-7ac2-4c28-ab4f-8fceb156337b,3
1899007b-67d2-4699-b896-2fdd92b69fc1,b50b3f0b-afc8-46e5-bfda-cb60e2935a5a,2
1899007b-67d2-4699-b896-2fdd92b69fc1,ba21eb65-8546-40e5-a425-0d228d0eaeac,10
1899007b-67d2-4699-b896-2fdd92b69fc1,bb6801d4-f671-4ade-aa86-29aa89373dd9,2
1899007b-67d2-4699-b896-2fdd92b69fc1,cabae19e-836c-48c4-903e-7357789f9260,2
1899007b-67d2-4699-b896-2fdd92b69fc1,cfb17042-9f10-4e44-99f4-358bad067455,2
1899007b-67d2-4699-b896-2fdd92b69fc1,d0d8dcbd-4818-4925-a684-13767c7dae0d,5
1899007b-67d2-4699-b896-2fdd92b69fc1,d1bb566e-a111-43b7-8856-273ebac1f753,8
1899007b-67d2-4699-b896-2fdd92b69fc1,d847851a-777b-43c6-83b3-392672659edc,6
1899007b-67d2-4699-b896-2fdd92b69fc1,da9f33b0-80ca-49eb-a1ec-def3b46538d9,4
1899007b-67d2-4699-b896-2fdd92b69fc1,e6cc253d-14cb-437b-be88-4966f5fcb1f5,4
1899007b-67d2-4699-b896-2fdd92b69fc1,ec273841-069f-408b-b434-8524904ae314,1
1899007b-67d2-4699-b896-2fdd92b69fc1,edb8800b-6f1b-4e13-be0a-5b88fbd13c82,3
196d0048-0369-4786-ba81-bda9da8c3636,1e4f3007-3e72-4135-80e0-238966189fd4,7
196d0048-0369-4786-ba81-bda9da8c3636,202e3325-7f81-4c5a-8aee-386a4bcd87e2,5
196d0048-0369-4786-ba81-bda9da8c3636,2b533923-83a2-4ac6-b497-934a549b50ab,4
196d0048-0369-4786-ba81-bda9da8c3636,356e5fc9-831f-4d9c-be2f-fd35a99e865b,13
196d0048-0369-4786-ba81-bda9da8c3636,39023322-8e6c-4cb4-b42d-c5bf80377dd6,3
196d0048-0369-4786-ba81-bda9da8c3636,397c857a-fda0-414d-8fdc-8288cd3284aa,8
196d0048-0369-4786-ba81-bda9da8c3636,3e48d4c9-0d66-4b50-9f9c-969b5e314a42,5
196d0048-0369-4786-ba81-bda9da8c3636,44081df1-828e-4d79-bd27-261be38f66f1,6
196d0048-0369-4786-ba81-bda9da8c3636,5ab23e3a-aed4-4713-9214-53336765be9d,6
196d0048-0369-4786-ba81-bda9da8c3636,5d54939f-2da7-4ca6-b159-4ef344336b21,1
196d0048-0369-4786-ba81-bda9da8c3636,64522cbc-a297-4c67-a204-1e31deb91f68,2
196d0048-0369-4786-ba81-bda9da8c3636,666f31ca-041f-466d-9e78-804317921d69,4
196d0048-0369-4786-ba81-bda9da8c3636,66b2be3d-10f8-46a4-90c6-b86005df0a50,28
196d0048-0369-4786-ba81-bda9da8c3636,68a869d7-3216-4208-9b57-e87405a11abb,14
196d0048-0369-4786-ba81-bda9da8c3636,7cbb2d95-46b2-4fcb-b129-9505f56e7f07,3
196d0048-0369-4786-ba81-bda9da8c3636,819764fa-3a17-467b-8327-30899ed083b6,1
196d0048-0369-4786-ba81-bda9da8c3636,8349fff0-99b3-449a-bd4d-932ae95b29da,1
196d0048-0369-4786-ba81-bda9da8c3636,859e1824-cc60-4304-9293-dca932ebbed2,11
196d0048-0369-4786-ba81-bda9da8c3636,8767e9de-869e-4e8a-940f-1a63d15eab3c,2
196d0048-0369-4786-ba81-bda9da8c3636,8ba16b4b-5dc1-441e-9229-8bb63c903ce1,2
196d0048-0369-4786-ba81-bda9da8c3636,92fe14f9-9abe-4759-b311-8b635302c2f2,3
196d0048-0369-4786-ba81-bda9da8c3636,93ace320-ab4e-42d3-9783-b2e2e02eb546,1
196d0048-0369-4786-ba81-bda9da8c3636,98aa8bde-85b0-49ed-9795-e2eeb206e3b8,13
196d0048-0369-4786-ba81-bda9da8c3636,99c6218e-8f0c-45d4-bd24-f300c6cfcb2f,1
196d0048-0369-4786-ba81-bda9da8c3636,9e79de98-e914-4dc8-8dc7-6d7cb09b93d7,3
196d0048-0369-4786-ba81-bda9da8c3636,9f0c39d6-4a57-4849-9215-aa1147c7e0f6,1
196d0048-0369-4786-ba81-bda9da8c3636,a04d4b85-56f0-448f-b5e8-28b5340af204,1
196d0048-0369-4786-ba81-bda9da8c3636,a396ae20-6309-456b-a5ae-e4068dea8a67,2
196d0048-0369-4786-ba81-bda9da8c3636,a437e923-725f-415e-a01d-5588a7af933e,4
196d0048-0369-4786-ba81-bda9da8c3636,a68468b6-51ea-440c-9387-b44ba10ad8b6,8
196d0048-0369-4786-ba81-bda9da8c3636,a8e4581d-5186-4367-95c5-0a754c60b276,1
196d0048-0369-4786-ba81-bda9da8c3636,ab15ce32-a527-4526-a5b2-0f2cdb92feeb,3
196d0048-0369-4786-ba81-bda9da8c3636,b29c0e00-7ac2-4c28-ab4f-8fceb156337b,19
196d0048-0369-4786-ba81-bda9da8c3636,b41b2403-9f06-4d55-adc5-b0777373ca7e,10
196d0048-0369-4786-ba81-bda9da8c3636,ba21eb65-8546-40e5-a425-0d228d0eaeac,19
196d0048-0369-4786-ba81-bda9da8c3636,bb3a9cf3-6f64-4092-85a1-4318244ee603,1
196d0048-0369-4786-ba81-bda9da8c3636,bb6801d4-f671-4ade-aa86-29aa89373dd9,1
196d0048-0369-4786-ba81-bda9da8c3636,c3b1dca8-2cb4-4025-9527-36163a098c1f,3
196d0048-0369-4786-ba81-bda9da8c3636,c4f7c468-721e-4953-97f2-bff05fe570c4,1
196d0048-0369-4786-ba81-bda9da8c3636,c6e26bd3-724f-45d3-93af-ef431e6fcd42,6
196d0048-0369-4786-ba81-bda9da8c3636,cabae19e-836c-48c4-903e-7357789f9260,88
196d0048-0369-4786-ba81-bda9da8c3636,cf4c4d24-798d-4bbe-bf06-23ca674f0d28,4
196d0048-0369-4786-ba81-bda9da8c3636,cfb17042-9f10-4e44-99f4-358bad067455,10
196d0048-0369-4786-ba81-bda9da8c3636,d0d8dcbd-4818-4925-a684-13767c7dae0d,5
196d0048-0369-4786-ba81-bda9da8c3636,d1bb566e-a111-43b7-8856-273ebac1f753,18
196d0048-0369-4786-ba81-bda9da8c3636,d38ca3cf-9803-48dc-8592-c67c4430168e,9
196d0048-0369-4786-ba81-bda9da8c3636,d59d1492-57b6-482b-88b6-b2b77c45c33d,1
196d0048-0369-4786-ba81-bda9da8c3636,d847851a-777b-43c6-83b3-392672659edc,6
196d0048-0369-4786-ba81-bda9da8c3636,dae67415-1ed1-4464-a59e-75170eb1925d,1
196d0048-0369-4786-ba81-bda9da8c3636,dc9f60e4-e1a4-487b-a002-40b3c77ba896,2
196d0048-0369-4786-ba81-bda9da8c3636,e10065e1-776d-4bf3-8669-56788c453079,4
196d0048-0369-4786-ba81-bda9da8c3636,f31cabe4-e1f4-46db-88a9-b46ba44dded4,1
197b435e-29b1-4b69-8c6a-b38bc44ffce3,1b59d69d-89a1-42c3-b5bf-52f38c39d88d,52
197b435e-29b1-4b69-8c6a-b38bc44ffce3,1bdd5fcc-6231-4781-a4b6-413ae942af01,40
197b435e-29b1-4b69-8c6a-b38bc44ffce3,1c16919b-5c3f-486c-9cc7-bdd00e29e9a4,59
197b435e-29b1-4b69-8c6a-b38bc44ffce3,1c889902-6ede-427c-8682-000f683fffaa,3
197b435e-29b1-4b69-8c6a-b38bc44ffce3,2211a588-7417-4e26-a386-801fe8798bd1,1
197b435e-29b1-4b69-8c6a-b38bc44ffce3,238396aa-d91b-46ee-a7e9-301e9ac7bd7e,6
197b435e-29b1-4b69-8c6a-b38bc44ffce3,2690bccc-5463-459a-b1df-cb93e222b348,3
197b435e-29b1-4b69-8c6a-b38bc44ffce3,29124ef6-e1d5-4138-bf01-8433afde7269,1
197b435e-29b1-4b69-8c6a-b38bc44ffce3,299782b9-b45f-4cd6-b1db-abee2be08d81,69
197b435e-29b1-4b69-8c6a-b38bc44ffce3,2b537cd5-1203-4c08-8118-b295796deb07,1
197b435e-29b1-4b69-8c6a-b38bc44ffce3,337a0873-453c-459f-99c7-2726975a71da,1
197b435e-29b1-4b69-8c6a-b38bc44ffce3,36ff4d40-ec26-4ba3-9370-3ec3b73c42ff,1
197b435e-29b1-4b69-8c6a-b38bc44ffce3,388e72cf-63dd-4839-9ce7-5491b6bdcfd8,1
197b435e-29b1-4b69-8c6a-b38bc44ffce3,397c857a-fda0-414d-8fdc-8288cd3284aa,1
197b435e-29b1-4b69-8c6a-b38bc44ffce3,3c169621-1134-429d-939c-77bb6dfe3185,2
197b435e-29b1-4b69-8c6a-b38bc44ffce3,3c3a7304-0f4d-4b1f-a953-a6515b8b7670,1
197b435e-29b1-4b69-8c6a-b38bc44ffce3,3e48d4c9-0d66-4b50-9f9c-969b5e314a42,8
197b435e-29b1-4b69-8c6a-b38bc44ffce3,44081df1-828e-4d79-bd27-261be38f66f1,3
197b435e-29b1-4b69-8c6a-b38bc44ffce3,49be3576-cea3-46c0-87eb-89beb108248d,31
197b435e-29b1-4b69-8c6a-b38bc44ffce3,4aa76e80-51db-4c6f-b97c-e7926b39a66c,24
197b435e-29b1-4b69-8c6a-b38bc44ffce3,4c3e51e6-9f1e-49cc-a919-f74a8c88343e,3
197b435e-29b1-4b69-8c6a-b38bc44ffce3,551f9a19-738c-4298-afe1-5ca7959ab74b,12
197b435e-29b1-4b69-8c6a-b38bc44ffce3,5ab23e3a-aed4-4713-9214-53336765be9d,149
197b435e-29b1-4b69-8c6a-b38bc44ffce3,5d54939f-2da7-4ca6-b159-4ef344336b21,9
197b435e-29b1-4b69-8c6a-b38bc44ffce3,64457f28-37b6-4948-860a-f28bc62b99ae,2
197b435e-29b1-4b69-8c6a-b38bc44ffce3,6d33b9bc-7d3a-4a60-b2d7-c2b70cd11ab1,58
197b435e-29b1-4b69-8c6a-b38bc44ffce3,71cbc21c-4e36-4df7-9f58-e15a1c1f162c,8
197b435e-29b1-4b69-8c6a-b38bc44ffce3,7cbb2d95-46b2-4fcb-b129-9505f56e7f07,1
197b435e-29b1-4b69-8c6a-b38bc44ffce3,8711c928-b30d-4859-b091-74678ca63e5b,17
197b435e-29b1-4b69-8c6a-b38bc44ffce3,88bf9f29-aa91-4ddd-ad2d-b73dfe6706ef,1
197b435e-29b1-4b69-8c6a-b38bc44ffce3,89d70a20-bd10-46ed-866a-2c79362a0559,1
197b435e-29b1-4b69-8c6a-b38bc44ffce3,8b3664bd-77e4-468b-af96-f3f4ec27fcce,2
197b435e-29b1-4b69-8c6a-b38bc44ffce3,8c5a8186-8f46-4bca-956d-06d4fa521635,2
197b435e-29b1-4b69-8c6a-b38bc44ffce3,935fc903-0272-4f85-84e7-6c22aa9710f3,1
197b435e-29b1-4b69-8c6a-b38bc44ffce3,98aa8bde-85b0-49ed-9795-e2eeb206e3b8,7
197b435e-29b1-4b69-8c6a-b38bc44ffce3,9bf12da8-39ea-4505-9500-764bc440cfc9,51
197b435e-29b1-4b69-8c6a-b38bc44ffce3,9f0c39d6-4a57-4849-9215-aa1147c7e0f6,2
197b435e-29b1-4b69-8c6a-b38bc44ffce3,a68468b6-51ea-440c-9387-b44ba10ad8b6,7
197b435e-29b1-4b69-8c6a-b38bc44ffce3,a8e4581d-5186-4367-95c5-0a754c60b276,8
197b435e-29b1-4b69-8c6a-b38bc44ffce3,aa0272f6-6e3c-41f7-b040-b774b30d2196,3
197b435e-29b1-4b69-8c6a-b38bc44ffce3,ab15ce32-a527-4526-a5b2-0f2cdb92feeb,26
197b435e-29b1-4b69-8c6a-b38bc44ffce3,b29c0e00-7ac2-4c28-ab4f-8fceb156337b,22
197b435e-29b1-4b69-8c6a-b38bc44ffce3,b41b2403-9f06-4d55-adc5-b0777373ca7e,8
197b435e-29b1-4b69-8c6a-b38bc44ffce3,b4e1d8cf-e8cf-4b66-9ded-97fc8176fa4a,18
197b435e-29b1-4b69-8c6a-b38bc44ffce3,b8663b71-f92b-4d2b-a06b-f78dba168d98,2
197b435e-29b1-4b69-8c6a-b38bc44ffce3,bb3a9cf3-6f64-4092-85a1-4318244ee603,31
197b435e-29b1-4b69-8c6a-b38bc44ffce3,bf030048-0434-42f1-bbed-8b0c04014db4,3
197b435e-29b1-4b69-8c6a-b38bc44ffce3,bf8eb79e-5034-4882-a4c5-413baba477d5,2
197b435e-29b1-4b69-8c6a-b38bc44ffce3,bf97025a-1c30-4042-bffe-948027f24e6c,5
197b435e-29b1-4b69-8c6a-b38bc44ffce3,c0d8ed4a-ec11-48e2-a468-6cd93327305b,1
197b435e-29b1-4b69-8c6a-b38bc44ffce3,c6e26bd3-724f-45d3-93af-ef431e6fcd42,5
197b435e-29b1-4b69-8c6a-b38bc44ffce3,c7822b58-103f-4612-87ef-648be97192c6,3
197b435e-29b1-4b69-8c6a-b38bc44ffce3,cf4c4d24-798d-4bbe-bf06-23ca674f0d28,27
197b435e-29b1-4b69-8c6a-b38bc44ffce3,cfb17042-9f10-4e44-99f4-358bad067455,1
197b435e-29b1-4b69-8c6a-b38bc44ffce3,d1bb566e-a111-43b7-8856-273ebac1f753,2
197b435e-29b1-4b69-8c6a-b38bc44ffce3,d847851a-777b-43c6-83b3-392672659edc,9
197b435e-29b1-4b69-8c6a-b38bc44ffce3,ddaff486-ef62-4200-aeb9-eeb4bedcc620,2
197b435e-29b1-4b69-8c6a-b38bc44ffce3,e7f0d8e8-4c52-4d0a-8b94-28729046f45b,6
197b435e-29b1-4b69-8c6a-b38bc44ffce3,ec273841-069f-408b-b434-8524904ae314,3
197b435e-29b1-4b69-8c6a-b38bc44ffce3,ec571f94-11b8-47d7-bb47-fd0d2d7c7f07,1
197b435e-29b1-4b69-8c6a-b38bc44ffce3,f31cabe4-e1f4-46db-88a9-b46ba44dded4,2
1b59d69d-89a1-42c3-b5bf-52f38c39d88d,1bdd5fcc-6231-4781-a4b6-413ae942af01,147
1b59d69d-89a1-42c3-b5bf-52f38c39d88d,1c16919b-5c3f-486c-9cc7-bdd00e29e9a4,35
1b59d69d-89a1-42c3-b5bf-52f38c39d88d,1c889902-6ede-427c-8682-000f683fffaa,43
1b59d69d-89a1-42c3-b5bf-52f38c39d88d,1e8aa099-9c94-432d-bff7-ac9fe20ff3ff,2
1b59d69d-89a1-42c3-b5bf-52f38c39d88d,1ee767b9-67f3-47e5-9e28-045da1c37b05,1
1b59d69d-89a1-42c3-b5bf-52f38c39d88d,202e3325-7f81-4c5a-8aee-386a4bcd87e2,3
1b59d69d-89a1-42c3-b5bf-52f38c39d88d,20427a83-6da2-4f6d-aee0-7516ba4feab1,2
1b59d69d-89a1-42c3-b5bf-52f38c39d88d,2211a588-7417-4e26-a386-801fe8798bd1,26
1b59d69d-89a1-42c3-b5bf-52f38c39d88d,238396aa-d91b-46ee-a7e9-301e9ac7bd7e,115
1b59d69d-89a1-42c3-b5bf-52f38c39d88d,2538ca6a-8254-4c7e-af71-a20db82afd30,7
1b59d69d-89a1-42c3-b5bf-52f38c39d88d,2690bccc-5463-459a-b1df-cb93e222b348,13
1b59d69d-89a1-42c3-b5bf-52f38c39d88d,29124ef6-e1d5-4138-bf01-8433afde7269,2
1b59d69d-89a1-42c3-b5bf-52f38c39d88d,299782b9-b45f-4cd6-b1db-abee2be08d81,114
1b59d69d-89a1-42c3-b5bf-52f38c39d88d,2b533923-83a2-4ac6-b497-934a549b50ab,11
1b59d69d-89a1-42c3-b5bf-52f38c39d88d,2b537cd5-1203-4c08-8118-b295796deb07,13
1b59d69d-89a1-42c3-b5bf-52f38c39d88d,2d120900-fed8-43ae-a234-2bc4af510867,1
1b59d69d-89a1-42c3-b5bf-52f38c39d88d,2e1211a4-9506-4dbe-ab15-1b881bb87074,22
1b59d69d-89a1-42c3-b5bf-52f38c39d88d,337a0873-453c-459f-99c7-2726975a71da,2
1b59d69d-89a1-42c3-b5bf-52f38c39d88d,35d9ddbe-1687-4f95-8821-d5b82c2cf205,16
1b59d69d-89a1-42c3-b5bf-52f38c39d88d,36ff4d40-ec26-4ba3-9370-3ec3b73c42ff,12
1b59d69d-89a1-42c3-b5bf-52f38c39d88d,388e72cf-63dd-4839-9ce7-5491b6bdcfd8,44
1b59d69d-89a1-42c3-b5bf-52f38c39d88d,39023322-8e6c-4cb4-b42d-c5bf80377dd6,16
1b59d69d-89a1-42c3-b5bf-52f38c39d88d,3c169621-1134-429d-939c-77bb6dfe3185,2
1b59d69d-89a1-42c3-b5bf-52f38c39d88d,3c3a7304-0f4d-4b1f-a953-a6515b8b7670,22
1b59d69d-89a1-42c3-b5bf-52f38c39d88d,3c96ed5d-f7bf-4cae-9ec7-a5a29f5299da,2
1b59d69d-89a1-42c3-b5bf-52f38c39d88d,3dbbf804-bad5-44f2-b8c7-091baf63758d,11
1b59d69d-89a1-42c3-b5bf-52f38c39d88d,3dd45c3b-636a-4f17-b11c-72e3cfc56330,30
1b59d69d-89a1-42c3-b5bf-52f38c39d88d,3e48d4c9-0d66-4b50-9f9c-969b5e314a42,42
1b59d69d-89a1-42c3-b5bf-52f38c39d88d,412ecb41-f20c-477d-b8e7-d7b548a10a44,31
1b59d69d-89a1-42c3-b5bf-52f38c39d88d,43fd0a28-6a9c-4427-a55c-211fbae70091,7
1b59d69d-89a1-42c3-b5bf-52f38c39d88d,44081df1-828e-4d79-bd27-261be38f66f1,1
1b59d69d-89a1-42c3-b5bf-52f38c39d88d,44d2b41e-0e28-46c4-972b-daf49b4d9824,2
1b59d69d-89a1-42c3-b5bf-52f38c39d88d,44f6140e-9776-4c08-bd68-5dde99f2ab62,4
1b59d69d-89a1-42c3-b5bf-52f38c39d88d,48d02bab-281c-4bd0-8a50-26bf90a38cc0,1
1b59d69d-89a1-42c3-b5bf-52f38c39d88d,49be3576-cea3-46c0-87eb-89beb108248d,38
1b59d69d-89a1-42c3-b5bf-52f38c39d88d,4aa76e80-51db-4c6f-b97c-e7926b39a66c,22
1b59d69d-89a1-42c3-b5bf-52f38c39d88d,4c3e51e6-9f1e-49cc-a919-f74a8c88343e,69
1b59d69d-89a1-42c3-b5bf-52f38c39d88d,4d13ea1d-c9b6-4313-8ba0-fd040d8a319e,7
1b59d69d-89a1-42c3-b5bf-52f38c39d88d,4d6bf62d-9d27-49b5-b00f-254d6ff6e4e1,5
1b59d69d-89a1-42c3-b5bf-52f38c39d88d,4eacd971-8961-4956-b73b-7de0745de280,1
1b59d69d-89a1-42c3-b5bf-52f38c39d88d,551f9a19-738c-4298-afe1-5ca7959ab74b,44
1b59d69d-89a1-42c3-b5bf-52f38c39d88d,56a86879-60e4-4cdb-b5f1-b66d6d090798,4
1b59d69d-89a1-42c3-b5bf-52f38c39d88d,56cbb44d-9390-480d-b686-56da6c2d6d35,1
1b59d69d-89a1-42c3-b5bf-52f38c39d88d,581d8f64-6060-4cf0-b281-a46ad978cf0d,3
1b59d69d-89a1-42c3-b5bf-52f38c39d88d,58e27c9a-59be-407b-8213-714cf1d3acc4,1
1b59d69d-89a1-42c3-b5bf-52f38c39d88d,5ab23e3a-aed4-4713-9214-53336765be9d,57
1b59d69d-89a1-42c3-b5bf-52f38c39d88d,5d54939f-2da7-4ca6-b159-4ef344336b21,8
1b59d69d-89a1-42c3-b5bf-52f38c39d88d,5dfe97b2-fffb-4586-a999-1cbcfde80674,6
1b59d69d-89a1-42c3-b5bf-52f38c39d88d,61721e3f-a394-42ff-9885-8a58aa1d1612,5
1b59d69d-89a1-42c3-b5bf-52f38c39d88d,64457f28-37b6-4948-860a-f28bc62b99ae,2
1b59d69d-89a1-42c3-b5bf-52f38c39d88d,64522cbc-a297-4c67-a204-1e31deb91f68,11
1b59d69d-89a1-42c3-b5bf-52f38c39d88d,64f39510-b420-4b01-8b5e-2b2f2b0aad91,2
1b59d69d-89a1-42c3-b5bf-52f38c39d88d,66b2be3d-10f8-46a4-90c6-b86005df0a50,1
1b59d69d-89a1-42c3-b5bf-52f38c39d88d,6a54c095-9872-4322-81be-114b74233d40,3
1b59d69d-89a1-42c3-b5bf-52f38c39d88d,6bfaf570-5b6f-41e1-baf2-b833f6203513,1
1b59d69d-89a1-42c3-b5bf-52f38c39d88d,6ce9c9e8-daec-4ef0-b975-f372e100d3e6,4
1b59d69d-89a1-42c3-b5bf-52f38c39d88d,6d33b9bc-7d3a-4a60-b2d7-c2b70cd11ab1,63
1b59d69d-89a1-42c3-b5bf-52f38c39d88d,6fc5878e-d76a-4e9d-a4e3-e5ef581bb2ff,4
1b59d69d-89a1-42c3-b5bf-52f38c39d88d,71cbc21c-4e36-4df7-9f58-e15a1c1f162c,56
1b59d69d-89a1-42c3-b5bf-52f38c39d88d,7265b8e8-62d4-4ba2-8117-8f758fbf606e,6
1b59d69d-89a1-42c3-b5bf-52f38c39d88d,74b44968-d1f2-482a-a365-1fbb4cbda7f9,15
1b59d69d-89a1-42c3-b5bf-52f38c39d88d,754f2d87-8990-4b77-8181-54d8df8fa63a,4
1b59d69d-89a1-42c3-b5bf-52f38c39d88d,7564c685-2691-4796-9159-ebd5df4fdc8d,9
1b59d69d-89a1-42c3-b5bf-52f38c39d88d,75a44c3a-5914-4c8e-9ca4-d987853f5844,8
1b59d69d-89a1-42c3-b5bf-52f38c39d88d,75c8786e-c5c2-4d12-95ff-4b804234f062,1
1b59d69d-89a1-42c3-b5bf-52f38c39d88d,7cbb2d95-46b2-4fcb-b129-9505f56e7f07,21
1b59d69d-89a1-42c3-b5bf-52f38c39d88d,7d18b6e3-de0c-4aea-bef8-242bbc38e936,22
1b59d69d-89a1-42c3-b5bf-52f38c39d88d,7dc8c80e-6b9a-47e5-b61f-d57bcb36158f,2
1b59d69d-89a1-42c3-b5bf-52f38c39d88d,808636f6-10d2-4ed6-a5fe-f98ab3fcbbee,1
1b59d69d-89a1-42c3-b5bf-52f38c39d88d,80d891ee-7f80-4d4f-b486-3b0d1a9fd67a,8
1b59d69d-89a1-42c3-b5bf-52f38c39d88d,8133067c-1a90-482b-9ee4-e585a096ffb5,4
1b59d69d-89a1-42c3-b5bf-52f38c39d88d,819764fa-3a17-467b-8327-30899ed083b6,1
1b59d69d-89a1-42c3-b5bf-52f38c39d88d,81d3a9a6-03c1-424b-873f-2df53af69e6c,36
1b59d69d-89a1-42c3-b5bf-52f38c39d88d,83a1ccbf-fe6a-4f7a-a0d0-4cf90337ab90,11
1b59d69d-89a1-42c3-b5bf-52f38c39d88d,8509e44d-0f9b-413a-a2cd-f64d656c3955,4
1b59d69d-89a1-42c3-b5bf-52f38c39d88d,859e1824-cc60-4304-9293-dca932ebbed2,2
1b59d69d-89a1-42c3-b5bf-52f38c39d88d,8711c928-b30d-4859-b091-74678ca63e5b,41
1b59d69d-89a1-42c3-b5bf-52f38c39d88d,88bf9f29-aa91-4ddd-ad2d-b73dfe6706ef,24
1b59d69d-89a1-42c3-b5bf-52f38c39d88d,89d70a20-bd10-46ed-866a-2c79362a0559,1
1b59d69d-89a1-42c3-b5bf-52f38c39d88d,8b3664bd-77e4-468b-af96-f3f4ec27fcce,2
1b59d69d-89a1-42c3-b5bf-52f38c39d88d,8ba16b4b-5dc1-441e-9229-8bb63c903ce1,15
1b59d69d-89a1-42c3-b5bf-52f38c39d88d,8c5a8186-8f46-4bca-956d-06d4fa521635,12
1b59d69d-89a1-42c3-b5bf-52f38c39d88d,8dcd68d9-3f9b-4c92-b3e6-9f6c48a3bdfe,14
1b59d69d-89a1-42c3-b5bf-52f38c39d88d,8dfa0156-0834-4c00-87e8-c4e9919f781f,13
1b59d69d-89a1-42c3-b5bf-52f38c39d88d,8f6a5115-367e-4dc2-88c5-1eae50593652,6
1b59d69d-89a1-42c3-b5bf-52f38c39d88d,935fc903-0272-4f85-84e7-6c22aa9710f3,4
1b59d69d-89a1-42c3-b5bf-52f38c39d88d,942a29b8-057f-4dba-a8cd-3c35e5a81aaf,1
1b59d69d-89a1-42c3-b5bf-52f38c39d88d,9431dc1b-9891-4d15-aaf1-b98e347c3b46,2
1b59d69d-89a1-42c3-b5bf-52f38c39d88d,94f6aaa0-69ed-4721-a62c-c2b592bec175,13
1b59d69d-89a1-42c3-b5bf-52f38c39d88d,973da897-66c7-4010-a98d-505e0e97a60c,13
1b59d69d-89a1-42c3-b5bf-52f38c39d88d,974099ff-20a6-4119-84be-96e244befc55,1
1b59d69d-89a1-42c3-b5bf-52f38c39d88d,97ffe642-648f-4dab-a0e8-0720e96e3e35,7
1b59d69d-89a1-42c3-b5bf-52f38c39d88d,98aa8bde-85b0-49ed-9795-e2eeb206e3b8,4
1b59d69d-89a1-42c3-b5bf-52f38c39d88d,99c6218e-8f0c-45d4-bd24-f300c6cfcb2f,10
1b59d69d-89a1-42c3-b5bf-52f38c39d88d,9ab41898-332f-4c08-a834-d58b4669c990,4
1b59d69d-89a1-42c3-b5bf-52f38c39d88d,9b13c8c8-eba4-411e-b095-858e352d3178,6
1b59d69d-89a1-42c3-b5bf-52f38c39d88d,9bf12da8-39ea-4505-9500-764bc440cfc9,58
1b59d69d-89a1-42c3-b5bf-52f38c39d88d,9e79de98-e914-4dc8-8dc7-6d7cb09b93d7,6
1b59d69d-89a1-42c3-b5bf-52f38c39d88d,9f0c39d6-4a57-4849-9215-aa1147c7e0f6,39
1b59d69d-89a1-42c3-b5bf-52f38c39d88d,9f855643-68a2-409e-b4fe-81b92547212a,4
1b59d69d-89a1-42c3-b5bf-52f38c39d88d,a04d4b85-56f0-448f-b5e8-28b5340af204,6
1b59d69d-89a1-42c3-b5bf-52f38c39d88d,a1811d65-87c9-484a-ac37-d0ba90214f91,3
1b59d69d-89a1-42c3-b5bf-52f38c39d88d,a4074721-5d4d-444a-bb98-1ddbc592a78a,2
1b59d69d-89a1-42c3-b5bf-52f38c39d88d,a437e923-725f-415e-a01d-5588a7af933e,12
1b59d69d-89a1-42c3-b5bf-52f38c39d88d,a68468b6-51ea-440c-9387-b44ba10ad8b6,16
1b59d69d-89a1-42c3-b5bf-52f38c39d88d,a8e4581d-5186-4367-95c5-0a754c60b276,34
1b59d69d-89a1-42c3-b5bf-52f38c39d88d,a900b4e7-92d9-4903-ab21-3189f17fe2e0,10
1b59d69d-89a1-42c3-b5bf-52f38c39d88d,a901d2d2-35f6-4341-bbfb-38e5d9b21d07,1
1b59d69d-89a1-42c3-b5bf-52f38c39d88d,a962ffcb-a300-45e1-8850-70c7173c233e,2
1b59d69d-89a1-42c3-b5bf-52f38c39d88d,aa0272f6-6e3c-41f7-b040-b774b30d2196,45
1b59d69d-89a1-42c3-b5bf-52f38c39d88d,aa612b6e-b61d-43a8-8775-c83839a9f6ef,3
1b59d69d-89a1-42c3-b5bf-52f38c39d88d,ab15ce32-a527-4526-a5b2-0f2cdb92feeb,61
1b59d69d-89a1-42c3-b5bf-52f38c39d88d,ac61813c-2d49-4318-b5d0-32e3559b8db4,3
1b59d69d-89a1-42c3-b5bf-52f38c39d88d,ad44b24f-bb14-4f4a-a476-3cbbb3e9cdb0,4
1b59d69d-89a1-42c3-b5bf-52f38c39d88d,ad8654f3-811a-4a63-ab7a-01bf76347caa,3
1b59d69d-89a1-42c3-b5bf-52f38c39d88d,ae91b7a3-544d-40c7-8373-815a0bd18cf0,6
1b59d69d-89a1-42c3-b5bf-52f38c39d88d,b221afb0-2758-4ace-846a-7bfc33389ad6,1
1b59d69d-89a1-42c3-b5bf-52f38c39d88d,b29c0e00-7ac2-4c28-ab4f-8fceb156337b,14
1b59d69d-89a1-42c3-b5bf-52f38c39d88d,b3230578-426f-4b84-bfe2-6a8136c6a3af,4
1b59d69d-89a1-42c3-b5bf-52f38c39d88d,b41b2403-9f06-4d55-adc5-b0777373ca7e,55
1b59d69d-89a1-42c3-b5bf-52f38c39d88d,b4e1d8cf-e8cf-4b66-9ded-97fc8176fa4a,25
1b59d69d-89a1-42c3-b5bf-52f38c39d88d,b4fdf408-8296-4d14-9e95-b4b96dc20751,17
1b59d69d-89a1-42c3-b5bf-52f38c39d88d,b50b3f0b-afc8-46e5-bfda-cb60e2935a5a,1
1b59d69d-89a1-42c3-b5bf-52f38c39d88d,b7a52679-bac9-4e00-9dfd-06a22a7cf088,1
1b59d69d-89a1-42c3-b5bf-52f38c39d88d,b8663b71-f92b-4d2b-a06b-f78dba168d98,8
1b59d69d-89a1-42c3-b5bf-52f38c39d88d,b8d002bc-ea6c-4f57-b36e-38415b205e09,5
1b59d69d-89a1-42c3-b5bf-52f38c39d88d,b9cfefa1-1e5e-4fd7-a9d5-458e4c3a20db,2
1b59d69d-89a1-42c3-b5bf-52f38c39d88d,bb3a9cf3-6f64-4092-85a1-4318244ee603,40
1b59d69d-89a1-42c3-b5bf-52f38c39d88d,bb6801d4-f671-4ade-aa86-29aa89373dd9,1
1b59d69d-89a1-42c3-b5bf-52f38c39d88d,bd954447-a92c-4899-a9a8-4a58569fd4d2,50
1b59d69d-89a1-42c3-b5bf-52f38c39d88d,bf030048-0434-42f1-bbed-8b0c04014db4,44
1b59d69d-89a1-42c3-b5bf-52f38c39d88d,bf8eb79e-5034-4882-a4c5-413baba477d5,2
1b59d69d-89a1-42c3-b5bf-52f38c39d88d,bf97025a-1c30-4042-bffe-948027f24e6c,5
1b59d69d-89a1-42c3-b5bf-52f38c39d88d,c0d8ed4a-ec11-48e2-a468-6cd93327305b,44
1b59d69d-89a1-42c3-b5bf-52f38c39d88d,c128a46d-ebd9-4ee9-80cc-16bfe505e539,11
1b59d69d-89a1-42c3-b5bf-52f38c39d88d,c606904d-daef-44ff-bd30-cfdc1e6b5185,8
1b59d69d-89a1-42c3-b5bf-52f38c39d88d,c60c655f-40ba-47b0-8e93-a2c8d1ff4743,7
1b59d69d-89a1-42c3-b5bf-52f38c39d88d,c6b2bdaf-8c1f-4b88-a8cb-167941b98bfb,6
1b59d69d-89a1-42c3-b5bf-52f38c39d88d,c6e26bd3-724f-45d3-93af-ef431e6fcd42,23
1b59d69d-89a1-42c3-b5bf-52f38c39d88d,c6f061f1-9cb7-4e0a-a281-4fc80527c5d7,13
1b59d69d-89a1-42c3-b5bf-52f38c39d88d,c7822b58-103f-4612-87ef-648be97192c6,22
1b59d69d-89a1-42c3-b5bf-52f38c39d88d,caaae646-de85-453f-b6e0-9b9b4f710f03,1
1b59d69d-89a1-42c3-b5bf-52f38c39d88d,ccea26dd-dcae-4174-8945-ec5cb568e951,1
1b59d69d-89a1-42c3-b5bf-52f38c39d88d,cefbf19c-653b-4af7-84a6-e17fba0e4a70,30
1b59d69d-89a1-42c3-b5bf-52f38c39d88d,cf4c4d24-798d-4bbe-bf06-23ca674f0d28,40
1b59d69d-89a1-42c3-b5bf-52f38c39d88d,cfb17042-9f10-4e44-99f4-358bad067455,2
1b59d69d-89a1-42c3-b5bf-52f38c39d88d,cfd07390-25a9-4fdb-bced-8a463530bf51,1
1b59d69d-89a1-42c3-b5bf-52f38c39d88d,d07ef52c-cc10-4445-a3a1-dfe50371f110,9
1b59d69d-89a1-42c3-b5bf-52f38c39d88d,d0d8dcbd-4818-4925-a684-13767c7dae0d,2
1b59d69d-89a1-42c3-b5bf-52f38c39d88d,d34e1efc-fbba-4ad8-823a-61bc3f25d580,12
1b59d69d-89a1-42c3-b5bf-52f38c39d88d,d59d1492-57b6-482b-88b6-b2b77c45c33d,2
1b59d69d-89a1-42c3-b5bf-52f38c39d88d,d6c2b5eb-b21a-440a-b628-75492d313ffa,1
1b59d69d-89a1-42c3-b5bf-52f38c39d88d,d847851a-777b-43c6-83b3-392672659edc,40
1b59d69d-89a1-42c3-b5bf-52f38c39d88d,d89044ef-b7df-4a15-be10-d342fe381664,12
1b59d69d-89a1-42c3-b5bf-52f38c39d88d,da9f33b0-80ca-49eb-a1ec-def3b46538d9,3
1b59d69d-89a1-42c3-b5bf-52f38c39d88d,ddaff486-ef62-4200-aeb9-eeb4bedcc620,45
1b59d69d-89a1-42c3-b5bf-52f38c39d88d,e10065e1-776d-4bf3-8669-56788c453079,5
1b59d69d-89a1-42c3-b5bf-52f38c39d88d,e5c4753f-d2d8-4a4a-ae9d-62118892a731,7
1b59d69d-89a1-42c3-b5bf-52f38c39d88d,e5c9b4ba-9064-4858-a052-bb3bbecfac4b,7
1b59d69d-89a1-42c3-b5bf-52f38c39d88d,e6cc253d-14cb-437b-be88-4966f5fcb1f5,8
1b59d69d-89a1-42c3-b5bf-52f38c39d88d,e6e673f5-f0a7-4d34-a6aa-d2f12fed24ed,1
1b59d69d-89a1-42c3-b5bf-52f38c39d88d,e7f0d8e8-4c52-4d0a-8b94-28729046f45b,46
1b59d69d-89a1-42c3-b5bf-52f38c39d88d,ea21d788-7cfe-41ff-b22f-0664397139af,2
1b59d69d-89a1-42c3-b5bf-52f38c39d88d,eb79af3c-a66d-4374-b9e7-34d7f3e92dc7,1
1b59d69d-89a1-42c3-b5bf-52f38c39d88d,ec273841-069f-408b-b434-8524904ae314,50
1b59d69d-89a1-42c3-b5bf-52f38c39d88d,ec571f94-11b8-47d7-bb47-fd0d2d7c7f07,8
1b59d69d-89a1-42c3-b5bf-52f38c39d88d,edefa48b-f14e-4ec3-ab3c-dfe2aa0126ec,3
1b59d69d-89a1-42c3-b5bf-52f38c39d88d,ee32e8d2-aa15-4603-901e-2cc3c72e9ead,19
1b59d69d-89a1-42c3-b5bf-52f38c39d88d,eef0e09f-c709-4de5-8b44-086876d5f631,9
1b59d69d-89a1-42c3-b5bf-52f38c39d88d,f067f702-8e06-491a-9498-462205d1aaec,1
1b59d69d-89a1-42c3-b5bf-52f38c39d88d,f289b7eb-f6ba-415b-90d9-1124c652637c,2
1b59d69d-89a1-42c3-b5bf-52f38c39d88d,f29c0ba8-4d4a-4cca-bb1b-229f68b4ae6a,16
1b59d69d-89a1-42c3-b5bf-52f38c39d88d,f31cabe4-e1f4-46db-88a9-b46ba44dded4,21
1b59d69d-89a1-42c3-b5bf-52f38c39d88d,fa4d473c-e553-439e-8f53-ca5f2b203dbd,36
1b59d69d-89a1-42c3-b5bf-52f38c39d88d,fb291eb2-962a-482f-971a-0b62673f9a86,1
1b59d69d-89a1-42c3-b5bf-52f38c39d88d,fd544ce8-6d2a-4d79-81e0-c240fcf1776e,1
1b59d69d-89a1-42c3-b5bf-52f38c39d88d,fdc445bd-f8fe-4cfc-b387-7fd66a181674,41
1bdd5fcc-6231-4781-a4b6-413ae942af01,1c16919b-5c3f-486c-9cc7-bdd00e29e9a4,28
1bdd5fcc-6231-4781-a4b6-413ae942af01,1c889902-6ede-427c-8682-000f683fffaa,2
1bdd5fcc-6231-4781-a4b6-413ae942af01,1e8aa099-9c94-432d-bff7-ac9fe20ff3ff,9
1bdd5fcc-6231-4781-a4b6-413ae942af01,202e3325-7f81-4c5a-8aee-386a4bcd87e2,1
1bdd5fcc-6231-4781-a4b6-413ae942af01,2211a588-7417-4e26-a386-801fe8798bd1,39
1bdd5fcc-6231-4781-a4b6-413ae942af01,238396aa-d91b-46ee-a7e9-301e9ac7bd7e,3
1bdd5fcc-6231-4781-a4b6-413ae942af01,2538ca6a-8254-4c7e-af71-a20db82afd30,7
1bdd5fcc-6231-4781-a4b6-413ae942af01,2690bccc-5463-459a-b1df-cb93e222b348,18
1bdd5fcc-6231-4781-a4b6-413ae942af01,26fafe12-cb5a-4eee-bca0-dc78cb688be3,3
1bdd5fcc-6231-4781-a4b6-413ae942af01,29124ef6-e1d5-4138-bf01-8433afde7269,3
1bdd5fcc-6231-4781-a4b6-413ae942af01,299782b9-b45f-4cd6-b1db-abee2be08d81,35
1bdd5fcc-6231-4781-a4b6-413ae942af01,2b533923-83a2-4ac6-b497-934a549b50ab,13
1bdd5fcc-6231-4781-a4b6-413ae942af01,2d6d4590-453c-4970-9640-6a64c5d9645c,1
1bdd5fcc-6231-4781-a4b6-413ae942af01,2e1211a4-9506-4dbe-ab15-1b881bb87074,30
1bdd5fcc-6231-4781-a4b6-413ae942af01,337a0873-453c-459f-99c7-2726975a71da,5
1bdd5fcc-6231-4781-a4b6-413ae942af01,35d9ddbe-1687-4f95-8821-d5b82c2cf205,9
1bdd5fcc-6231-4781-a4b6-413ae942af01,36ff4d40-ec26-4ba3-9370-3ec3b73c42ff,4
1bdd5fcc-6231-4781-a4b6-413ae942af01,39023322-8e6c-4cb4-b42d-c5bf80377dd6,6
1bdd5fcc-6231-4781-a4b6-413ae942af01,397c857a-fda0-414d-8fdc-8288cd3284aa,1
1bdd5fcc-6231-4781-a4b6-413ae942af01,3c169621-1134-429d-939c-77bb6dfe3185,2
1bdd5fcc-6231-4781-a4b6-413ae942af01,3c3a7304-0f4d-4b1f-a953-a6515b8b7670,4
1bdd5fcc-6231-4781-a4b6-413ae942af01,3dd45c3b-636a-4f17-b11c-72e3cfc56330,23
1bdd5fcc-6231-4781-a4b6-413ae942af01,3e48d4c9-0d66-4b50-9f9c-969b5e314a42,12
1bdd5fcc-6231-4781-a4b6-413ae942af01,44081df1-828e-4d79-bd27-261be38f66f1,6
1bdd5fcc-6231-4781-a4b6-413ae942af01,44f6140e-9776-4c08-bd68-5dde99f2ab62,28
1bdd5fcc-6231-4781-a4b6-413ae942af01,49be3576-cea3-46c0-87eb-89beb108248d,65
1bdd5fcc-6231-4781-a4b6-413ae942af01,4a92f48a-0387-47c7-800e-cf59692e6411,2
1bdd5fcc-6231-4781-a4b6-413ae942af01,4aa76e80-51db-4c6f-b97c-e7926b39a66c,16
1bdd5fcc-6231-4781-a4b6-413ae942af01,4c3e51e6-9f1e-49cc-a919-f74a8c88343e,6
1bdd5fcc-6231-4781-a4b6-413ae942af01,4d13ea1d-c9b6-4313-8ba0-fd040d8a319e,2
1bdd5fcc-6231-4781-a4b6-413ae942af01,54cbf78c-ae5e-49b7-8fcc-41d0fb7b5855,2
1bdd5fcc-6231-4781-a4b6-413ae942af01,551f9a19-738c-4298-afe1-5ca7959ab74b,5
1bdd5fcc-6231-4781-a4b6-413ae942af01,56a86879-60e4-4cdb-b5f1-b66d6d090798,5
1bdd5fcc-6231-4781-a4b6-413ae942af01,56cbb44d-9390-480d-b686-56da6c2d6d35,2
1bdd5fcc-6231-4781-a4b6-413ae942af01,581d8f64-6060-4cf0-b281-a46ad978cf0d,5
1bdd5fcc-6231-4781-a4b6-413ae942af01,5ab23e3a-aed4-4713-9214-53336765be9d,41
1bdd5fcc-6231-4781-a4b6-413ae942af01,5d54939f-2da7-4ca6-b159-4ef344336b21,7
1bdd5fcc-6231-4781-a4b6-413ae942af01,64457f28-37b6-4948-860a-f28bc62b99ae,5
1bdd5fcc-6231-4781-a4b6-413ae942af01,68a869d7-3216-4208-9b57-e87405a11abb,1
1bdd5fcc-6231-4781-a4b6-413ae942af01,6bfaf570-5b6f-41e1-baf2-b833f6203513,5
1bdd5fcc-6231-4781-a4b6-413ae942af01,6d33b9bc-7d3a-4a60-b2d7-c2b70cd11ab1,29
1bdd5fcc-6231-4781-a4b6-413ae942af01,6fc5878e-d76a-4e9d-a4e3-e5ef581bb2ff,2
1bdd5fcc-6231-4781-a4b6-413ae942af01,71cbc21c-4e36-4df7-9f58-e15a1c1f162c,4
1bdd5fcc-6231-4781-a4b6-413ae942af01,71df2edb-5973-46ec-82d7-c65ccd00abd4,4
1bdd5fcc-6231-4781-a4b6-413ae942af01,7265b8e8-62d4-4ba2-8117-8f758fbf606e,8
1bdd5fcc-6231-4781-a4b6-413ae942af01,74b44968-d1f2-482a-a365-1fbb4cbda7f9,8
1bdd5fcc-6231-4781-a4b6-413ae942af01,75a44c3a-5914-4c8e-9ca4-d987853f5844,5
1bdd5fcc-6231-4781-a4b6-413ae942af01,77c541d2-49e3-483f-869d-134df420c5ea,1
1bdd5fcc-6231-4781-a4b6-413ae942af01,78464103-e740-4fff-b508-c5377a089cb7,1
1bdd5fcc-6231-4781-a4b6-413ae942af01,7c43c8c2-1958-496c-8060-b0f3bf652992,1
1bdd5fcc-6231-4781-a4b6-413ae942af01,7d18b6e3-de0c-4aea-bef8-242bbc38e936,21
1bdd5fcc-6231-4781-a4b6-413ae942af01,7dc8c80e-6b9a-47e5-b61f-d57bcb36158f,1
1bdd5fcc-6231-4781-a4b6-413ae942af01,80d891ee-7f80-4d4f-b486-3b0d1a9fd67a,7
1bdd5fcc-6231-4781-a4b6-413ae942af01,8133067c-1a90-482b-9ee4-e585a096ffb5,11
1bdd5fcc-6231-4781-a4b6-413ae942af01,81d3a9a6-03c1-424b-873f-2df53af69e6c,29
1bdd5fcc-6231-4781-a4b6-413ae942af01,83a1ccbf-fe6a-4f7a-a0d0-4cf90337ab90,28
1bdd5fcc-6231-4781-a4b6-413ae942af01,84e7ec53-7bec-491e-bec7-19b6b1d359b1,2
1bdd5fcc-6231-4781-a4b6-413ae942af01,859e1824-cc60-4304-9293-dca932ebbed2,3
1bdd5fcc-6231-4781-a4b6-413ae942af01,8711c928-b30d-4859-b091-74678ca63e5b,5
1bdd5fcc-6231-4781-a4b6-413ae942af01,88bf9f29-aa91-4ddd-ad2d-b73dfe6706ef,7
1bdd5fcc-6231-4781-a4b6-413ae942af01,89d70a20-bd10-46ed-866a-2c79362a0559,3
1bdd5fcc-6231-4781-a4b6-413ae942af01,8b3664bd-77e4-468b-af96-f3f4ec27fcce,4
1bdd5fcc-6231-4781-a4b6-413ae942af01,8ba16b4b-5dc1-441e-9229-8bb63c903ce1,9
1bdd5fcc-6231-4781-a4b6-413ae942af01,8dcd68d9-3f9b-4c92-b3e6-9f6c48a3bdfe,6
1bdd5fcc-6231-4781-a4b6-413ae942af01,8dfa0156-0834-4c00-87e8-c4e9919f781f,11
1bdd5fcc-6231-4781-a4b6-413ae942af01,8ee20f38-f3f0-4ff9-b5d9-84557b5ddcb1,2
1bdd5fcc-6231-4781-a4b6-413ae942af01,935fc903-0272-4f85-84e7-6c22aa9710f3,5
1bdd5fcc-6231-4781-a4b6-413ae942af01,94f6aaa0-69ed-4721-a62c-c2b592bec175,3
1bdd5fcc-6231-4781-a4b6-413ae942af01,9522ae6b-a187-4f51-9df7-1b0feb767d6e,2
1bdd5fcc-6231-4781-a4b6-413ae942af01,974099ff-20a6-4119-84be-96e244befc55,1
1bdd5fcc-6231-4781-a4b6-413ae942af01,98aa8bde-85b0-49ed-9795-e2eeb206e3b8,20
1bdd5fcc-6231-4781-a4b6-413ae942af01,99c6218e-8f0c-45d4-bd24-f300c6cfcb2f,4
1bdd5fcc-6231-4781-a4b6-413ae942af01,9ab41898-332f-4c08-a834-d58b4669c990,11
1bdd5fcc-6231-4781-a4b6-413ae942af01,9b13c8c8-eba4-411e-b095-858e352d3178,27
1bdd5fcc-6231-4781-a4b6-413ae942af01,9bf12da8-39ea-4505-9500-764bc440cfc9,21
1bdd5fcc-6231-4781-a4b6-413ae942af01,9e009009-0ec2-4eea-9a2e-dfd82f88db87,1
1bdd5fcc-6231-4781-a4b6-413ae942af01,9f0c39d6-4a57-4849-9215-aa1147c7e0f6,6
1bdd5fcc-6231-4781-a4b6-413ae942af01,9f3aadb0-0f76-49b8-9e54-126c97fc0ae8,6
1bdd5fcc-6231-4781-a4b6-413ae942af01,a3986ffd-c057-46cc-afd5-54846c9955ef,1
1bdd5fcc-6231-4781-a4b6-413ae942af01,a4074721-5d4d-444a-bb98-1ddbc592a78a,3
1bdd5fcc-6231-4781-a4b6-413ae942af01,a437e923-725f-415e-a01d-5588a7af933e,5
1bdd5fcc-6231-4781-a4b6-413ae942af01,a68468b6-51ea-440c-9387-b44ba10ad8b6,15
1bdd5fcc-6231-4781-a4b6-413ae942af01,a8e4581d-5186-4367-95c5-0a754c60b276,10
1bdd5fcc-6231-4781-a4b6-413ae942af01,a900b4e7-92d9-4903-ab21-3189f17fe2e0,7
1bdd5fcc-6231-4781-a4b6-413ae942af01,a962ffcb-a300-45e1-8850-70c7173c233e,6
1bdd5fcc-6231-4781-a4b6-413ae942af01,aa0272f6-6e3c-41f7-b040-b774b30d2196,7
1bdd5fcc-6231-4781-a4b6-413ae942af01,aa612b6e-b61d-43a8-8775-c83839a9f6ef,4
1bdd5fcc-6231-4781-a4b6-413ae942af01,ab15ce32-a527-4526-a5b2-0f2cdb92feeb,21
1bdd5fcc-6231-4781-a4b6-413ae942af01,ab97f146-7308-4a7e-9197-2ef5ee467a95,8
1bdd5fcc-6231-4781-a4b6-413ae942af01,ac61813c-2d49-4318-b5d0-32e3559b8db4,1
1bdd5fcc-6231-4781-a4b6-413ae942af01,ad8654f3-811a-4a63-ab7a-01bf76347caa,2
1bdd5fcc-6231-4781-a4b6-413ae942af01,ae91b7a3-544d-40c7-8373-815a0bd18cf0,18
1bdd5fcc-6231-4781-a4b6-413ae942af01,af31a147-9feb-4f6e-8e8a-aeced0fcc56f,1
1bdd5fcc-6231-4781-a4b6-413ae942af01,b29c0e00-7ac2-4c28-ab4f-8fceb156337b,11
1bdd5fcc-6231-4781-a4b6-413ae942af01,b3230578-426f-4b84-bfe2-6a8136c6a3af,2
1bdd5fcc-6231-4781-a4b6-413ae942af01,b41b2403-9f06-4d55-adc5-b0777373ca7e,19
1bdd5fcc-6231-4781-a4b6-413ae942af01,b4e1d8cf-e8cf-4b66-9ded-97fc8176fa4a,40
1bdd5fcc-6231-4781-a4b6-413ae942af01,b4fdf408-8296-4d14-9e95-b4b96dc20751,1
1bdd5fcc-6231-4781-a4b6-413ae942af01,b50b3f0b-afc8-46e5-bfda-cb60e2935a5a,1
1bdd5fcc-6231-4781-a4b6-413ae942af01,b625d2bf-da74-40a2-b013-2069a09dcb6c,8
1bdd5fcc-6231-4781-a4b6-413ae942af01,b7a52679-bac9-4e00-9dfd-06a22a7cf088,5
1bdd5fcc-6231-4781-a4b6-413ae942af01,b8663b71-f92b-4d2b-a06b-f78dba168d98,14
1bdd5fcc-6231-4781-a4b6-413ae942af01,b9cfefa1-1e5e-4fd7-a9d5-458e4c3a20db,3
1bdd5fcc-6231-4781-a4b6-413ae942af01,bb3a9cf3-6f64-4092-85a1-4318244ee603,18
1bdd5fcc-6231-4781-a4b6-413ae942af01,bb6801d4-f671-4ade-aa86-29aa89373dd9,1
1bdd5fcc-6231-4781-a4b6-413ae942af01,bd954447-a92c-4899-a9a8-4a58569fd4d2,50
1bdd5fcc-6231-4781-a4b6-413ae942af01,bf030048-0434-42f1-bbed-8b0c04014db4,7
1bdd5fcc-6231-4781-a4b6-413ae942af01,bf8eb79e-5034-4882-a4c5-413baba477d5,5
1bdd5fcc-6231-4781-a4b6-413ae942af01,bf97025a-1c30-4042-bffe-948027f24e6c,9
1bdd5fcc-6231-4781-a4b6-413ae942af01,c0d8ed4a-ec11-48e2-a468-6cd93327305b,8
1bdd5fcc-6231-4781-a4b6-413ae942af01,c1c11045-81c6-43a3-96e4-4cc6d5f2fbb4,3
1bdd5fcc-6231-4781-a4b6-413ae942af01,c4f7c468-721e-4953-97f2-bff05fe570c4,3
1bdd5fcc-6231-4781-a4b6-413ae942af01,c606904d-daef-44ff-bd30-cfdc1e6b5185,9
1bdd5fcc-6231-4781-a4b6-413ae942af01,c60c655f-40ba-47b0-8e93-a2c8d1ff4743,3
1bdd5fcc-6231-4781-a4b6-413ae942af01,c6b2bdaf-8c1f-4b88-a8cb-167941b98bfb,4
1bdd5fcc-6231-4781-a4b6-413ae942af01,c6e26bd3-724f-45d3-93af-ef431e6fcd42,9
1bdd5fcc-6231-4781-a4b6-413ae942af01,c6f061f1-9cb7-4e0a-a281-4fc80527c5d7,2
1bdd5fcc-6231-4781-a4b6-413ae942af01,c7822b58-103f-4612-87ef-648be97192c6,11
1bdd5fcc-6231-4781-a4b6-413ae942af01,caaae646-de85-453f-b6e0-9b9b4f710f03,1
1bdd5fcc-6231-4781-a4b6-413ae942af01,cabae19e-836c-48c4-903e-7357789f9260,3
1bdd5fcc-6231-4781-a4b6-413ae942af01,ccea26dd-dcae-4174-8945-ec5cb568e951,3
1bdd5fcc-6231-4781-a4b6-413ae942af01,ce400601-651e-4ac9-a43e-ed8d4817b7fd,2
1bdd5fcc-6231-4781-a4b6-413ae942af01,ce747c36-3ef4-49e3-b55e-1bc99db62413,5
1bdd5fcc-6231-4781-a4b6-413ae942af01,cefbf19c-653b-4af7-84a6-e17fba0e4a70,5
1bdd5fcc-6231-4781-a4b6-413ae942af01,cf4c4d24-798d-4bbe-bf06-23ca674f0d28,82
1bdd5fcc-6231-4781-a4b6-413ae942af01,d07ef52c-cc10-4445-a3a1-dfe50371f110,4
1bdd5fcc-6231-4781-a4b6-413ae942af01,d0d8dcbd-4818-4925-a684-13767c7dae0d,4
1bdd5fcc-6231-4781-a4b6-413ae942af01,d1bb566e-a111-43b7-8856-273ebac1f753,2
1bdd5fcc-6231-4781-a4b6-413ae942af01,d3023879-e3c7-411b-bb8a-1a0be0ca6035,2
1bdd5fcc-6231-4781-a4b6-413ae942af01,d34e1efc-fbba-4ad8-823a-61bc3f25d580,1
1bdd5fcc-6231-4781-a4b6-413ae942af01,d3eeba5c-e756-485b-978e-a91629c31e57,2
1bdd5fcc-6231-4781-a4b6-413ae942af01,d59d1492-57b6-482b-88b6-b2b77c45c33d,4
1bdd5fcc-6231-4781-a4b6-413ae942af01,d653bf17-e60f-4512-9258-a68ec026e381,16
1bdd5fcc-6231-4781-a4b6-413ae942af01,d6c2b5eb-b21a-440a-b628-75492d313ffa,1
1bdd5fcc-6231-4781-a4b6-413ae942af01,d847851a-777b-43c6-83b3-392672659edc,28
1bdd5fcc-6231-4781-a4b6-413ae942af01,da9f33b0-80ca-49eb-a1ec-def3b46538d9,3
1bdd5fcc-6231-4781-a4b6-413ae942af01,ddaff486-ef62-4200-aeb9-eeb4bedcc620,34
1bdd5fcc-6231-4781-a4b6-413ae942af01,de076177-b820-4aff-9629-6829277e1c16,3
1bdd5fcc-6231-4781-a4b6-413ae942af01,e10065e1-776d-4bf3-8669-56788c453079,1
1bdd5fcc-6231-4781-a4b6-413ae942af01,e5c9b4ba-9064-4858-a052-bb3bbecfac4b,8
1bdd5fcc-6231-4781-a4b6-413ae942af01,e6e673f5-f0a7-4d34-a6aa-d2f12fed24ed,2
1bdd5fcc-6231-4781-a4b6-413ae942af01,e70c3ee3-cca2-4521-abea-b124dcec0952,7
1bdd5fcc-6231-4781-a4b6-413ae942af01,e85125f3-b7cf-426c-9355-412838893f55,18
1bdd5fcc-6231-4781-a4b6-413ae942af01,ea21d788-7cfe-41ff-b22f-0664397139af,1
1bdd5fcc-6231-4781-a4b6-413ae942af01,ec273841-069f-408b-b434-8524904ae314,35
1bdd5fcc-6231-4781-a4b6-413ae942af01,ec571f94-11b8-47d7-bb47-fd0d2d7c7f07,5
1bdd5fcc-6231-4781-a4b6-413ae942af01,edb8800b-6f1b-4e13-be0a-5b88fbd13c82,2
1bdd5fcc-6231-4781-a4b6-413ae942af01,edefa48b-f14e-4ec3-ab3c-dfe2aa0126ec,2
1bdd5fcc-6231-4781-a4b6-413ae942af01,ee32e8d2-aa15-4603-901e-2cc3c72e9ead,20
1bdd5fcc-6231-4781-a4b6-413ae942af01,eef0e09f-c709-4de5-8b44-086876d5f631,15
1bdd5fcc-6231-4781-a4b6-413ae942af01,f23be4bd-7b2b-45dd-be84-4f76f11b624a,1
1bdd5fcc-6231-4781-a4b6-413ae942af01,f31cabe4-e1f4-46db-88a9-b46ba44dded4,3
1bdd5fcc-6231-4781-a4b6-413ae942af01,fa4d473c-e553-439e-8f53-ca5f2b203dbd,2
1bdd5fcc-6231-4781-a4b6-413ae942af01,fac3056b-df3b-4712-9ae3-56472806747b,1
1bdd5fcc-6231-4781-a4b6-413ae942af01,fb291eb2-962a-482f-971a-0b62673f9a86,2
1bdd5fcc-6231-4781-a4b6-413ae942af01,fdc445bd-f8fe-4cfc-b387-7fd66a181674,17
1c16919b-5c3f-486c-9cc7-bdd00e29e9a4,1c889902-6ede-427c-8682-000f683fffaa,1
1c16919b-5c3f-486c-9cc7-bdd00e29e9a4,1e8aa099-9c94-432d-bff7-ac9fe20ff3ff,2
1c16919b-5c3f-486c-9cc7-bdd00e29e9a4,202e3325-7f81-4c5a-8aee-386a4bcd87e2,37
1c16919b-5c3f-486c-9cc7-bdd00e29e9a4,2211a588-7417-4e26-a386-801fe8798bd1,2
1c16919b-5c3f-486c-9cc7-bdd00e29e9a4,238396aa-d91b-46ee-a7e9-301e9ac7bd7e,10
1c16919b-5c3f-486c-9cc7-bdd00e29e9a4,2690bccc-5463-459a-b1df-cb93e222b348,4
1c16919b-5c3f-486c-9cc7-bdd00e29e9a4,29124ef6-e1d5-4138-bf01-8433afde7269,2
1c16919b-5c3f-486c-9cc7-bdd00e29e9a4,299782b9-b45f-4cd6-b1db-abee2be08d81,48
1c16919b-5c3f-486c-9cc7-bdd00e29e9a4,2aeb5ca9-f64f-4ec6-a0ce-83223bff4772,3
1c16919b-5c3f-486c-9cc7-bdd00e29e9a4,2b533923-83a2-4ac6-b497-934a549b50ab,21
1c16919b-5c3f-486c-9cc7-bdd00e29e9a4,2b537cd5-1203-4c08-8118-b295796deb07,1
1c16919b-5c3f-486c-9cc7-bdd00e29e9a4,2c1bbe45-f5e6-4896-b487-5d2864198a11,3
1c16919b-5c3f-486c-9cc7-bdd00e29e9a4,2d120900-fed8-43ae-a234-2bc4af510867,13
1c16919b-5c3f-486c-9cc7-bdd00e29e9a4,2e1211a4-9506-4dbe-ab15-1b881bb87074,83
1c16919b-5c3f-486c-9cc7-bdd00e29e9a4,337a0873-453c-459f-99c7-2726975a71da,1
1c16919b-5c3f-486c-9cc7-bdd00e29e9a4,36ff4d40-ec26-4ba3-9370-3ec3b73c42ff,1
1c16919b-5c3f-486c-9cc7-bdd00e29e9a4,39023322-8e6c-4cb4-b42d-c5bf80377dd6,3
1c16919b-5c3f-486c-9cc7-bdd00e29e9a4,3b8c5482-7bdb-414b-97c7-ca34fb10da6f,8
1c16919b-5c3f-486c-9cc7-bdd00e29e9a4,3c169621-1134-429d-939c-77bb6dfe3185,2
1c16919b-5c3f-486c-9cc7-bdd00e29e9a4,3e48d4c9-0d66-4b50-9f9c-969b5e314a42,18
1c16919b-5c3f-486c-9cc7-bdd00e29e9a4,446e3e45-8e03-4f8d-bb52-ea092634378f,1
1c16919b-5c3f-486c-9cc7-bdd00e29e9a4,44d2b41e-0e28-46c4-972b-daf49b4d9824,41
1c16919b-5c3f-486c-9cc7-bdd00e29e9a4,44f6140e-9776-4c08-bd68-5dde99f2ab62,7
1c16919b-5c3f-486c-9cc7-bdd00e29e9a4,49be3576-cea3-46c0-87eb-89beb108248d,21
1c16919b-5c3f-486c-9cc7-bdd00e29e9a4,49f5b5f1-da8f-40a0-b78e-0616e2f30f78,6
1c16919b-5c3f-486c-9cc7-bdd00e29e9a4,4a92f48a-0387-47c7-800e-cf59692e6411,3
1c16919b-5c3f-486c-9cc7-bdd00e29e9a4,4aa76e80-51db-4c6f-b97c-e7926b39a66c,46
1c16919b-5c3f-486c-9cc7-bdd00e29e9a4,4bfc5a46-654d-445f-9b71-fc3e06d40ae4,3
1c16919b-5c3f-486c-9cc7-bdd00e29e9a4,4c3e51e6-9f1e-49cc-a919-f74a8c88343e,10
1c16919b-5c3f-486c-9cc7-bdd00e29e9a4,4eacd971-8961-4956-b73b-7de0745de280,18
1c16919b-5c3f-486c-9cc7-bdd00e29e9a4,522d59a0-10ba-488f-a27a-a1dda7581900,1
1c16919b-5c3f-486c-9cc7-bdd00e29e9a4,551f9a19-738c-4298-afe1-5ca7959ab74b,5
1c16919b-5c3f-486c-9cc7-bdd00e29e9a4,56a86879-60e4-4cdb-b5f1-b66d6d090798,7
1c16919b-5c3f-486c-9cc7-bdd00e29e9a4,56cbb44d-9390-480d-b686-56da6c2d6d35,1
1c16919b-5c3f-486c-9cc7-bdd00e29e9a4,58e27c9a-59be-407b-8213-714cf1d3acc4,5
1c16919b-5c3f-486c-9cc7-bdd00e29e9a4,5ab23e3a-aed4-4713-9214-53336765be9d,52
1c16919b-5c3f-486c-9cc7-bdd00e29e9a4,5d54939f-2da7-4ca6-b159-4ef344336b21,16
1c16919b-5c3f-486c-9cc7-bdd00e29e9a4,64457f28-37b6-4948-860a-f28bc62b99ae,3
1c16919b-5c3f-486c-9cc7-bdd00e29e9a4,64522cbc-a297-4c67-a204-1e31deb91f68,17
1c16919b-5c3f-486c-9cc7-bdd00e29e9a4,6bfaf570-5b6f-41e1-baf2-b833f6203513,1
1c16919b-5c3f-486c-9cc7-bdd00e29e9a4,6ce9c9e8-daec-4ef0-b975-f372e100d3e6,3
1c16919b-5c3f-486c-9cc7-bdd00e29e9a4,6d33b9bc-7d3a-4a60-b2d7-c2b70cd11ab1,30
1c16919b-5c3f-486c-9cc7-bdd00e29e9a4,6e4027b2-cb08-44ca-b030-07d9074512d1,1
1c16919b-5c3f-486c-9cc7-bdd00e29e9a4,71cbc21c-4e36-4df7-9f58-e15a1c1f162c,52
1c16919b-5c3f-486c-9cc7-bdd00e29e9a4,71df2edb-5973-46ec-82d7-c65ccd00abd4,1
1c16919b-5c3f-486c-9cc7-bdd00e29e9a4,74b44968-d1f2-482a-a365-1fbb4cbda7f9,2
1c16919b-5c3f-486c-9cc7-bdd00e29e9a4,7564c685-2691-4796-9159-ebd5df4fdc8d,1
1c16919b-5c3f-486c-9cc7-bdd00e29e9a4,75a44c3a-5914-4c8e-9ca4-d987853f5844,1
1c16919b-5c3f-486c-9cc7-bdd00e29e9a4,762e0f40-f100-4896-85a2-b1d8818fae41,7
1c16919b-5c3f-486c-9cc7-bdd00e29e9a4,7897cad0-5099-4630-9311-65cc01450063,2
1c16919b-5c3f-486c-9cc7-bdd00e29e9a4,7c43c8c2-1958-496c-8060-b0f3bf652992,2
1c16919b-5c3f-486c-9cc7-bdd00e29e9a4,7cbb2d95-46b2-4fcb-b129-9505f56e7f07,1
1c16919b-5c3f-486c-9cc7-bdd00e29e9a4,8133067c-1a90-482b-9ee4-e585a096ffb5,2
1c16919b-5c3f-486c-9cc7-bdd00e29e9a4,819764fa-3a17-467b-8327-30899ed083b6,26
1c16919b-5c3f-486c-9cc7-bdd00e29e9a4,8711c928-b30d-4859-b091-74678ca63e5b,3
1c16919b-5c3f-486c-9cc7-bdd00e29e9a4,88bf9f29-aa91-4ddd-ad2d-b73dfe6706ef,4
1c16919b-5c3f-486c-9cc7-bdd00e29e9a4,8b3664bd-77e4-468b-af96-f3f4ec27fcce,2
1c16919b-5c3f-486c-9cc7-bdd00e29e9a4,8c5a8186-8f46-4bca-956d-06d4fa521635,2
1c16919b-5c3f-486c-9cc7-bdd00e29e9a4,935fc903-0272-4f85-84e7-6c22aa9710f3,4
1c16919b-5c3f-486c-9cc7-bdd00e29e9a4,95b979e4-888d-402d-8167-4f817cea413b,3
1c16919b-5c3f-486c-9cc7-bdd00e29e9a4,98aa8bde-85b0-49ed-9795-e2eeb206e3b8,3
1c16919b-5c3f-486c-9cc7-bdd00e29e9a4,98cf30be-80d9-498a-966f-10f3ae8ffe22,1
1c16919b-5c3f-486c-9cc7-bdd00e29e9a4,9b13c8c8-eba4-411e-b095-858e352d3178,6
1c16919b-5c3f-486c-9cc7-bdd00e29e9a4,9bf12da8-39ea-4505-9500-764bc440cfc9,44
1c16919b-5c3f-486c-9cc7-bdd00e29e9a4,9d2229a5-c46a-485a-9b82-315e270c3e9a,48
1c16919b-5c3f-486c-9cc7-bdd00e29e9a4,9f0c39d6-4a57-4849-9215-aa1147c7e0f6,2
1c16919b-5c3f-486c-9cc7-bdd00e29e9a4,9f3aadb0-0f76-49b8-9e54-126c97fc0ae8,5
1c16919b-5c3f-486c-9cc7-bdd00e29e9a4,a4074721-5d4d-444a-bb98-1ddbc592a78a,1
1c16919b-5c3f-486c-9cc7-bdd00e29e9a4,a68468b6-51ea-440c-9387-b44ba10ad8b6,21
1c16919b-5c3f-486c-9cc7-bdd00e29e9a4,a8e4581d-5186-4367-95c5-0a754c60b276,4
1c16919b-5c3f-486c-9cc7-bdd00e29e9a4,a900b4e7-92d9-4903-ab21-3189f17fe2e0,1
1c16919b-5c3f-486c-9cc7-bdd00e29e9a4,a901d2d2-35f6-4341-bbfb-38e5d9b21d07,24
1c16919b-5c3f-486c-9cc7-bdd00e29e9a4,aa0272f6-6e3c-41f7-b040-b774b30d2196,8
1c16919b-5c3f-486c-9cc7-bdd00e29e9a4,aa612b6e-b61d-43a8-8775-c83839a9f6ef,2
1c16919b-5c3f-486c-9cc7-bdd00e29e9a4,ab15ce32-a527-4526-a5b2-0f2cdb92feeb,28
1c16919b-5c3f-486c-9cc7-bdd00e29e9a4,ab97f146-7308-4a7e-9197-2ef5ee467a95,14
1c16919b-5c3f-486c-9cc7-bdd00e29e9a4,ac61813c-2d49-4318-b5d0-32e3559b8db4,3
1c16919b-5c3f-486c-9cc7-bdd00e29e9a4,ac969248-8799-4f53-ad71-76815c79da35,7
1c16919b-5c3f-486c-9cc7-bdd00e29e9a4,ae91b7a3-544d-40c7-8373-815a0bd18cf0,1
1c16919b-5c3f-486c-9cc7-bdd00e29e9a4,b221afb0-2758-4ace-846a-7bfc33389ad6,1
1c16919b-5c3f-486c-9cc7-bdd00e29e9a4,b29c0e00-7ac2-4c28-ab4f-8fceb156337b,23
1c16919b-5c3f-486c-9cc7-bdd00e29e9a4,b41b2403-9f06-4d55-adc5-b0777373ca7e,22
1c16919b-5c3f-486c-9cc7-bdd00e29e9a4,b4e1d8cf-e8cf-4b66-9ded-97fc8176fa4a,7
1c16919b-5c3f-486c-9cc7-bdd00e29e9a4,b7a52679-bac9-4e00-9dfd-06a22a7cf088,4
1c16919b-5c3f-486c-9cc7-bdd00e29e9a4,b8663b71-f92b-4d2b-a06b-f78dba168d98,3
1c16919b-5c3f-486c-9cc7-bdd00e29e9a4,b9cfefa1-1e5e-4fd7-a9d5-458e4c3a20db,2
1c16919b-5c3f-486c-9cc7-bdd00e29e9a4,ba21eb65-8546-40e5-a425-0d228d0eaeac,2
1c16919b-5c3f-486c-9cc7-bdd00e29e9a4,bb3a9cf3-6f64-4092-85a1-4318244ee603,25
1c16919b-5c3f-486c-9cc7-bdd00e29e9a4,bb6801d4-f671-4ade-aa86-29aa89373dd9,8
1c16919b-5c3f-486c-9cc7-bdd00e29e9a4,bd954447-a92c-4899-a9a8-4a58569fd4d2,2
1c16919b-5c3f-486c-9cc7-bdd00e29e9a4,bf030048-0434-42f1-bbed-8b0c04014db4,2
1c16919b-5c3f-486c-9cc7-bdd00e29e9a4,bf494e35-c009-4c74-a5c6-3cb2cd26bb51,2
1c16919b-5c3f-486c-9cc7-bdd00e29e9a4,bf8eb79e-5034-4882-a4c5-413baba477d5,3
1c16919b-5c3f-486c-9cc7-bdd00e29e9a4,bf97025a-1c30-4042-bffe-948027f24e6c,3
1c16919b-5c3f-486c-9cc7-bdd00e29e9a4,c01b88c4-5507-49c5-9ec3-f08af6e6eace,5
1c16919b-5c3f-486c-9cc7-bdd00e29e9a4,c0d8ed4a-ec11-48e2-a468-6cd93327305b,1
1c16919b-5c3f-486c-9cc7-bdd00e29e9a4,c1c11045-81c6-43a3-96e4-4cc6d5f2fbb4,2
1c16919b-5c3f-486c-9cc7-bdd00e29e9a4,c4f7c468-721e-4953-97f2-bff05fe570c4,1
1c16919b-5c3f-486c-9cc7-bdd00e29e9a4,c6b2bdaf-8c1f-4b88-a8cb-167941b98bfb,2
1c16919b-5c3f-486c-9cc7-bdd00e29e9a4,c6e26bd3-724f-45d3-93af-ef431e6fcd42,11
1c16919b-5c3f-486c-9cc7-bdd00e29e9a4,c7822b58-103f-4612-87ef-648be97192c6,1
1c16919b-5c3f-486c-9cc7-bdd00e29e9a4,c8935902-45d6-45d6-ac31-77bc0e143154,2
1c16919b-5c3f-486c-9cc7-bdd00e29e9a4,caaae646-de85-453f-b6e0-9b9b4f710f03,20
1c16919b-5c3f-486c-9cc7-bdd00e29e9a4,ccea26dd-dcae-4174-8945-ec5cb568e951,8
1c16919b-5c3f-486c-9cc7-bdd00e29e9a4,cd5a2cfd-7689-4a6e-aed1-df2a773bab9c,1
1c16919b-5c3f-486c-9cc7-bdd00e29e9a4,cefbf19c-653b-4af7-84a6-e17fba0e4a70,5
1c16919b-5c3f-486c-9cc7-bdd00e29e9a4,cf4c4d24-798d-4bbe-bf06-23ca674f0d28,12
1c16919b-5c3f-486c-9cc7-bdd00e29e9a4,cfb17042-9f10-4e44-99f4-358bad067455,1
1c16919b-5c3f-486c-9cc7-bdd00e29e9a4,d07ef52c-cc10-4445-a3a1-dfe50371f110,19
1c16919b-5c3f-486c-9cc7-bdd00e29e9a4,d1bb566e-a111-43b7-8856-273ebac1f753,2
1c16919b-5c3f-486c-9cc7-bdd00e29e9a4,d34e1efc-fbba-4ad8-823a-61bc3f25d580,2
1c16919b-5c3f-486c-9cc7-bdd00e29e9a4,d38ca3cf-9803-48dc-8592-c67c4430168e,2
1c16919b-5c3f-486c-9cc7-bdd00e29e9a4,d6c2b5eb-b21a-440a-b628-75492d313ffa,2
1c16919b-5c3f-486c-9cc7-bdd00e29e9a4,d847851a-777b-43c6-83b3-392672659edc,11
1c16919b-5c3f-486c-9cc7-bdd00e29e9a4,dae67415-1ed1-4464-a59e-75170eb1925d,42
1c16919b-5c3f-486c-9cc7-bdd00e29e9a4,de674538-350f-4a5a-9f8e-fa8f7c4b93ca,1
1c16919b-5c3f-486c-9cc7-bdd00e29e9a4,e10065e1-776d-4bf3-8669-56788c453079,6
1c16919b-5c3f-486c-9cc7-bdd00e29e9a4,e5c9b4ba-9064-4858-a052-bb3bbecfac4b,11
1c16919b-5c3f-486c-9cc7-bdd00e29e9a4,e6cc253d-14cb-437b-be88-4966f5fcb1f5,3
1c16919b-5c3f-486c-9cc7-bdd00e29e9a4,e7f0d8e8-4c52-4d0a-8b94-28729046f45b,1
1c16919b-5c3f-486c-9cc7-bdd00e29e9a4,ee32e8d2-aa15-4603-901e-2cc3c72e9ead,29
1c16919b-5c3f-486c-9cc7-bdd00e29e9a4,ef8d31db-0876-4998-b0d9-056643260d46,4
1c16919b-5c3f-486c-9cc7-bdd00e29e9a4,f31cabe4-e1f4-46db-88a9-b46ba44dded4,4
1c16919b-5c3f-486c-9cc7-bdd00e29e9a4,fa4d473c-e553-439e-8f53-ca5f2b203dbd,2
1c16919b-5c3f-486c-9cc7-bdd00e29e9a4,fdc445bd-f8fe-4cfc-b387-7fd66a181674,3
1c889902-6ede-427c-8682-000f683fffaa,1e4f3007-3e72-4135-80e0-238966189fd4,1
1c889902-6ede-427c-8682-000f683fffaa,2211a588-7417-4e26-a386-801fe8798bd1,3
1c889902-6ede-427c-8682-000f683fffaa,238396aa-d91b-46ee-a7e9-301e9ac7bd7e,4
1c889902-6ede-427c-8682-000f683fffaa,2538ca6a-8254-4c7e-af71-a20db82afd30,5
1c889902-6ede-427c-8682-000f683fffaa,2690bccc-5463-459a-b1df-cb93e222b348,1
1c889902-6ede-427c-8682-000f683fffaa,299782b9-b45f-4cd6-b1db-abee2be08d81,7
1c889902-6ede-427c-8682-000f683fffaa,2d120900-fed8-43ae-a234-2bc4af510867,6
1c889902-6ede-427c-8682-000f683fffaa,359e90b6-6f1f-47e9-a46b-d0ff54836077,1
1c889902-6ede-427c-8682-000f683fffaa,36ff4d40-ec26-4ba3-9370-3ec3b73c42ff,22
1c889902-6ede-427c-8682-000f683fffaa,388e72cf-63dd-4839-9ce7-5491b6bdcfd8,17
1c889902-6ede-427c-8682-000f683fffaa,39023322-8e6c-4cb4-b42d-c5bf80377dd6,10
1c889902-6ede-427c-8682-000f683fffaa,3b8c5482-7bdb-414b-97c7-ca34fb10da6f,2
1c889902-6ede-427c-8682-000f683fffaa,3c96ed5d-f7bf-4cae-9ec7-a5a29f5299da,7
1c889902-6ede-427c-8682-000f683fffaa,3e48d4c9-0d66-4b50-9f9c-969b5e314a42,40
1c889902-6ede-427c-8682-000f683fffaa,43fd0a28-6a9c-4427-a55c-211fbae70091,1
1c889902-6ede-427c-8682-000f683fffaa,44081df1-828e-4d79-bd27-261be38f66f1,12
1c889902-6ede-427c-8682-000f683fffaa,49be3576-cea3-46c0-87eb-89beb108248d,2
1c889902-6ede-427c-8682-000f683fffaa,4a92f48a-0387-47c7-800e-cf59692e6411,1
1c889902-6ede-427c-8682-000f683fffaa,4c3e51e6-9f1e-49cc-a919-f74a8c88343e,27
1c889902-6ede-427c-8682-000f683fffaa,4d13ea1d-c9b6-4313-8ba0-fd040d8a319e,5
1c889902-6ede-427c-8682-000f683fffaa,4d6bf62d-9d27-49b5-b00f-254d6ff6e4e1,1
1c889902-6ede-427c-8682-000f683fffaa,551f9a19-738c-4298-afe1-5ca7959ab74b,63
1c889902-6ede-427c-8682-000f683fffaa,557f8bd5-9f66-4bed-9b5f-86746bb0600a,1
1c889902-6ede-427c-8682-000f683fffaa,56a86879-60e4-4cdb-b5f1-b66d6d090798,1
1c889902-6ede-427c-8682-000f683fffaa,5d54939f-2da7-4ca6-b159-4ef344336b21,2
1c889902-6ede-427c-8682-000f683fffaa,64522cbc-a297-4c67-a204-1e31deb91f68,16
1c889902-6ede-427c-8682-000f683fffaa,64f39510-b420-4b01-8b5e-2b2f2b0aad91,3
1c889902-6ede-427c-8682-000f683fffaa,6bfaf570-5b6f-41e1-baf2-b833f6203513,2
1c889902-6ede-427c-8682-000f683fffaa,6d33b9bc-7d3a-4a60-b2d7-c2b70cd11ab1,24
1c889902-6ede-427c-8682-000f683fffaa,6fc5878e-d76a-4e9d-a4e3-e5ef581bb2ff,9
1c889902-6ede-427c-8682-000f683fffaa,71cbc21c-4e36-4df7-9f58-e15a1c1f162c,19
1c889902-6ede-427c-8682-000f683fffaa,74b44968-d1f2-482a-a365-1fbb4cbda7f9,6
1c889902-6ede-427c-8682-000f683fffaa,754f2d87-8990-4b77-8181-54d8df8fa63a,6
1c889902-6ede-427c-8682-000f683fffaa,7564c685-2691-4796-9159-ebd5df4fdc8d,2
1c889902-6ede-427c-8682-000f683fffaa,75c8786e-c5c2-4d12-95ff-4b804234f062,2
1c889902-6ede-427c-8682-000f683fffaa,77c541d2-49e3-483f-869d-134df420c5ea,1
1c889902-6ede-427c-8682-000f683fffaa,7c43c8c2-1958-496c-8060-b0f3bf652992,2
1c889902-6ede-427c-8682-000f683fffaa,7dc8c80e-6b9a-47e5-b61f-d57bcb36158f,7
1c889902-6ede-427c-8682-000f683fffaa,819764fa-3a17-467b-8327-30899ed083b6,1
1c889902-6ede-427c-8682-000f683fffaa,84e7ec53-7bec-491e-bec7-19b6b1d359b1,5
1c889902-6ede-427c-8682-000f683fffaa,8509e44d-0f9b-413a-a2cd-f64d656c3955,5
1c889902-6ede-427c-8682-000f683fffaa,8711c928-b30d-4859-b091-74678ca63e5b,32
1c889902-6ede-427c-8682-000f683fffaa,88bf9f29-aa91-4ddd-ad2d-b73dfe6706ef,5
1c889902-6ede-427c-8682-000f683fffaa,89d70a20-bd10-46ed-866a-2c79362a0559,3
1c889902-6ede-427c-8682-000f683fffaa,8ba16b4b-5dc1-441e-9229-8bb63c903ce1,9
1c889902-6ede-427c-8682-000f683fffaa,8c5a8186-8f46-4bca-956d-06d4fa521635,13
1c889902-6ede-427c-8682-000f683fffaa,935fc903-0272-4f85-84e7-6c22aa9710f3,3
1c889902-6ede-427c-8682-000f683fffaa,9431dc1b-9891-4d15-aaf1-b98e347c3b46,1
1c889902-6ede-427c-8682-000f683fffaa,97ffe642-648f-4dab-a0e8-0720e96e3e35,8
1c889902-6ede-427c-8682-000f683fffaa,98aa8bde-85b0-49ed-9795-e2eeb206e3b8,7
1c889902-6ede-427c-8682-000f683fffaa,9b13c8c8-eba4-411e-b095-858e352d3178,1
1c889902-6ede-427c-8682-000f683fffaa,9bf12da8-39ea-4505-9500-764bc440cfc9,18
1c889902-6ede-427c-8682-000f683fffaa,9f0c39d6-4a57-4849-9215-aa1147c7e0f6,33
1c889902-6ede-427c-8682-000f683fffaa,a04d4b85-56f0-448f-b5e8-28b5340af204,1
1c889902-6ede-427c-8682-000f683fffaa,a396ae20-6309-456b-a5ae-e4068dea8a67,2
1c889902-6ede-427c-8682-000f683fffaa,a59b540b-1460-4aa0-b9ce-19356f87c77e,1
1c889902-6ede-427c-8682-000f683fffaa,a8e4581d-5186-4367-95c5-0a754c60b276,18
1c889902-6ede-427c-8682-000f683fffaa,a900b4e7-92d9-4903-ab21-3189f17fe2e0,1
1c889902-6ede-427c-8682-000f683fffaa,aa0272f6-6e3c-41f7-b040-b774b30d2196,27
1c889902-6ede-427c-8682-000f683fffaa,ab15ce32-a527-4526-a5b2-0f2cdb92feeb,29
1c889902-6ede-427c-8682-000f683fffaa,ad8654f3-811a-4a63-ab7a-01bf76347caa,1
1c889902-6ede-427c-8682-000f683fffaa,b221afb0-2758-4ace-846a-7bfc33389ad6,1
1c889902-6ede-427c-8682-000f683fffaa,b29c0e00-7ac2-4c28-ab4f-8fceb156337b,2
1c889902-6ede-427c-8682-000f683fffaa,b3230578-426f-4b84-bfe2-6a8136c6a3af,3
1c889902-6ede-427c-8682-000f683fffaa,b41b2403-9f06-4d55-adc5-b0777373ca7e,44
1c889902-6ede-427c-8682-000f683fffaa,b50b3f0b-afc8-46e5-bfda-cb60e2935a5a,2
1c889902-6ede-427c-8682-000f683fffaa,b7a52679-bac9-4e00-9dfd-06a22a7cf088,9
1c889902-6ede-427c-8682-000f683fffaa,b8663b71-f92b-4d2b-a06b-f78dba168d98,7
1c889902-6ede-427c-8682-000f683fffaa,b8d002bc-ea6c-4f57-b36e-38415b205e09,2
1c889902-6ede-427c-8682-000f683fffaa,b9cfefa1-1e5e-4fd7-a9d5-458e4c3a20db,3
1c889902-6ede-427c-8682-000f683fffaa,ba21eb65-8546-40e5-a425-0d228d0eaeac,2
1c889902-6ede-427c-8682-000f683fffaa,bb3a9cf3-6f64-4092-85a1-4318244ee603,3
1c889902-6ede-427c-8682-000f683fffaa,bf97025a-1c30-4042-bffe-948027f24e6c,4
1c889902-6ede-427c-8682-000f683fffaa,c0d8ed4a-ec11-48e2-a468-6cd93327305b,26
1c889902-6ede-427c-8682-000f683fffaa,c128a46d-ebd9-4ee9-80cc-16bfe505e539,4
1c889902-6ede-427c-8682-000f683fffaa,c4f7c468-721e-4953-97f2-bff05fe570c4,1
1c889902-6ede-427c-8682-000f683fffaa,c606904d-daef-44ff-bd30-cfdc1e6b5185,1
1c889902-6ede-427c-8682-000f683fffaa,c60c655f-40ba-47b0-8e93-a2c8d1ff4743,1
1c889902-6ede-427c-8682-000f683fffaa,c6e26bd3-724f-45d3-93af-ef431e6fcd42,1
1c889902-6ede-427c-8682-000f683fffaa,c6f061f1-9cb7-4e0a-a281-4fc80527c5d7,5
1c889902-6ede-427c-8682-000f683fffaa,c7822b58-103f-4612-87ef-648be97192c6,18
1c889902-6ede-427c-8682-000f683fffaa,d07ef52c-cc10-4445-a3a1-dfe50371f110,1
1c889902-6ede-427c-8682-000f683fffaa,d0d8dcbd-4818-4925-a684-13767c7dae0d,3
1c889902-6ede-427c-8682-000f683fffaa,d1bb566e-a111-43b7-8856-273ebac1f753,2
1c889902-6ede-427c-8682-000f683fffaa,d34e1efc-fbba-4ad8-823a-61bc3f25d580,1
1c889902-6ede-427c-8682-000f683fffaa,d59d1492-57b6-482b-88b6-b2b77c45c33d,1
1c889902-6ede-427c-8682-000f683fffaa,d847851a-777b-43c6-83b3-392672659edc,11
1c889902-6ede-427c-8682-000f683fffaa,d89044ef-b7df-4a15-be10-d342fe381664,14
1c889902-6ede-427c-8682-000f683fffaa,e10065e1-776d-4bf3-8669-56788c453079,2
1c889902-6ede-427c-8682-000f683fffaa,e5f316f0-e4e7-4cf0-a064-ed9321737487,5
1c889902-6ede-427c-8682-000f683fffaa,e6cc253d-14cb-437b-be88-4966f5fcb1f5,15
1c889902-6ede-427c-8682-000f683fffaa,eb79af3c-a66d-4374-b9e7-34d7f3e92dc7,2
1c889902-6ede-427c-8682-000f683fffaa,f31cabe4-e1f4-46db-88a9-b46ba44dded4,12
1c889902-6ede-427c-8682-000f683fffaa,f6e59e50-f22a-450c-8d4f-8a7072e50277,4
1c889902-6ede-427c-8682-000f683fffaa,fa4d473c-e553-439e-8f53-ca5f2b203dbd,2
1c889902-6ede-427c-8682-000f683fffaa,fb291eb2-962a-482f-971a-0b62673f9a86,7
1c889902-6ede-427c-8682-000f683fffaa,fd544ce8-6d2a-4d79-81e0-c240fcf1776e,1
1e4f3007-3e72-4135-80e0-238966189fd4,1e8aa099-9c94-432d-bff7-ac9fe20ff3ff,2
1e4f3007-3e72-4135-80e0-238966189fd4,1ee767b9-67f3-47e5-9e28-045da1c37b05,1
1e4f3007-3e72-4135-80e0-238966189fd4,238396aa-d91b-46ee-a7e9-301e9ac7bd7e,13
1e4f3007-3e72-4135-80e0-238966189fd4,2690bccc-5463-459a-b1df-cb93e222b348,41
1e4f3007-3e72-4135-80e0-238966189fd4,26f7a84e-45c7-4a94-94a2-f00a20c201aa,2
1e4f3007-3e72-4135-80e0-238966189fd4,299782b9-b45f-4cd6-b1db-abee2be08d81,2
1e4f3007-3e72-4135-80e0-238966189fd4,2aeb5ca9-f64f-4ec6-a0ce-83223bff4772,6
1e4f3007-3e72-4135-80e0-238966189fd4,2b533923-83a2-4ac6-b497-934a549b50ab,13
1e4f3007-3e72-4135-80e0-238966189fd4,3322191a-8ca5-4a69-bb2f-d516086c28ae,2
1e4f3007-3e72-4135-80e0-238966189fd4,337a0873-453c-459f-99c7-2726975a71da,1
1e4f3007-3e72-4135-80e0-238966189fd4,356e5fc9-831f-4d9c-be2f-fd35a99e865b,15
1e4f3007-3e72-4135-80e0-238966189fd4,388e72cf-63dd-4839-9ce7-5491b6bdcfd8,3
1e4f3007-3e72-4135-80e0-238966189fd4,397c857a-fda0-414d-8fdc-8288cd3284aa,30
1e4f3007-3e72-4135-80e0-238966189fd4,3983584c-76b6-4a70-9040-dadc84949e88,9
1e4f3007-3e72-4135-80e0-238966189fd4,3b8c5482-7bdb-414b-97c7-ca34fb10da6f,2
1e4f3007-3e72-4135-80e0-238966189fd4,3e48d4c9-0d66-4b50-9f9c-969b5e314a42,2
1e4f3007-3e72-4135-80e0-238966189fd4,49be3576-cea3-46c0-87eb-89beb108248d,13
1e4f3007-3e72-4135-80e0-238966189fd4,4a92f48a-0387-47c7-800e-cf59692e6411,1
1e4f3007-3e72-4135-80e0-238966189fd4,4aa76e80-51db-4c6f-b97c-e7926b39a66c,2
1e4f3007-3e72-4135-80e0-238966189fd4,4c3e51e6-9f1e-49cc-a919-f74a8c88343e,2
1e4f3007-3e72-4135-80e0-238966189fd4,4d6bf62d-9d27-49b5-b00f-254d6ff6e4e1,7
1e4f3007-3e72-4135-80e0-238966189fd4,4eacd971-8961-4956-b73b-7de0745de280,1
1e4f3007-3e72-4135-80e0-238966189fd4,56cbb44d-9390-480d-b686-56da6c2d6d35,1
1e4f3007-3e72-4135-80e0-238966189fd4,58e27c9a-59be-407b-8213-714cf1d3acc4,4
1e4f3007-3e72-4135-80e0-238966189fd4,5d54939f-2da7-4ca6-b159-4ef344336b21,5
1e4f3007-3e72-4135-80e0-238966189fd4,666f31ca-041f-466d-9e78-804317921d69,44
1e4f3007-3e72-4135-80e0-238966189fd4,66b2be3d-10f8-46a4-90c6-b86005df0a50,7
1e4f3007-3e72-4135-80e0-238966189fd4,68a869d7-3216-4208-9b57-e87405a11abb,1
1e4f3007-3e72-4135-80e0-238966189fd4,6bfaf570-5b6f-41e1-baf2-b833f6203513,3
1e4f3007-3e72-4135-80e0-238966189fd4,6ce9c9e8-daec-4ef0-b975-f372e100d3e6,15
1e4f3007-3e72-4135-80e0-238966189fd4,6d33b9bc-7d3a-4a60-b2d7-c2b70cd11ab1,3
1e4f3007-3e72-4135-80e0-238966189fd4,71cbc21c-4e36-4df7-9f58-e15a1c1f162c,2
1e4f3007-3e72-4135-80e0-238966189fd4,74c13ffe-54e0-4cfd-a5fd-f21de61a0995,9
1e4f3007-3e72-4135-80e0-238966189fd4,7564c685-2691-4796-9159-ebd5df4fdc8d,4
1e4f3007-3e72-4135-80e0-238966189fd4,75a44c3a-5914-4c8e-9ca4-d987853f5844,41
1e4f3007-3e72-4135-80e0-238966189fd4,7897cad0-5099-4630-9311-65cc01450063,23
1e4f3007-3e72-4135-80e0-238966189fd4,7cbb2d95-46b2-4fcb-b129-9505f56e7f07,8
1e4f3007-3e72-4135-80e0-238966189fd4,7d18b6e3-de0c-4aea-bef8-242bbc38e936,4
1e4f3007-3e72-4135-80e0-238966189fd4,80d891ee-7f80-4d4f-b486-3b0d1a9fd67a,1
1e4f3007-3e72-4135-80e0-238966189fd4,819764fa-3a17-467b-8327-30899ed083b6,33
1e4f3007-3e72-4135-80e0-238966189fd4,859e1824-cc60-4304-9293-dca932ebbed2,6
1e4f3007-3e72-4135-80e0-238966189fd4,88bf9f29-aa91-4ddd-ad2d-b73dfe6706ef,8
1e4f3007-3e72-4135-80e0-238966189fd4,89d70a20-bd10-46ed-866a-2c79362a0559,15
1e4f3007-3e72-4135-80e0-238966189fd4,8ba16b4b-5dc1-441e-9229-8bb63c903ce1,1
1e4f3007-3e72-4135-80e0-238966189fd4,8c5a8186-8f46-4bca-956d-06d4fa521635,3
1e4f3007-3e72-4135-80e0-238966189fd4,8f6a5115-367e-4dc2-88c5-1eae50593652,1
1e4f3007-3e72-4135-80e0-238966189fd4,935fc903-0272-4f85-84e7-6c22aa9710f3,11
1e4f3007-3e72-4135-80e0-238966189fd4,942a29b8-057f-4dba-a8cd-3c35e5a81aaf,3
1e4f3007-3e72-4135-80e0-238966189fd4,94f6aaa0-69ed-4721-a62c-c2b592bec175,1
1e4f3007-3e72-4135-80e0-238966189fd4,97ffe642-648f-4dab-a0e8-0720e96e3e35,1
1e4f3007-3e72-4135-80e0-238966189fd4,98aa8bde-85b0-49ed-9795-e2eeb206e3b8,47
1e4f3007-3e72-4135-80e0-238966189fd4,98cf30be-80d9-498a-966f-10f3ae8ffe22,2
1e4f3007-3e72-4135-80e0-238966189fd4,9ab41898-332f-4c08-a834-d58b4669c990,1
1e4f3007-3e72-4135-80e0-238966189fd4,9b13c8c8-eba4-411e-b095-858e352d3178,12
1e4f3007-3e72-4135-80e0-238966189fd4,9bf12da8-39ea-4505-9500-764bc440cfc9,2
1e4f3007-3e72-4135-80e0-238966189fd4,9e79de98-e914-4dc8-8dc7-6d7cb09b93d7,1
1e4f3007-3e72-4135-80e0-238966189fd4,9f0c39d6-4a57-4849-9215-aa1147c7e0f6,1
1e4f3007-3e72-4135-80e0-238966189fd4,9f3aadb0-0f76-49b8-9e54-126c97fc0ae8,5
1e4f3007-3e72-4135-80e0-238966189fd4,a0b48551-42b7-4c55-9556-6b997d978ff2,1
1e4f3007-3e72-4135-80e0-238966189fd4,a1877608-2b03-4620-b854-d57de44cd52e,21
1e4f3007-3e72-4135-80e0-238966189fd4,a396ae20-6309-456b-a5ae-e4068dea8a67,2
1e4f3007-3e72-4135-80e0-238966189fd4,a3b17348-54cf-4bca-82d4-e62bd46c2fbc,2
1e4f3007-3e72-4135-80e0-238966189fd4,a437e923-725f-415e-a01d-5588a7af933e,19
1e4f3007-3e72-4135-80e0-238966189fd4,a68468b6-51ea-440c-9387-b44ba10ad8b6,12
1e4f3007-3e72-4135-80e0-238966189fd4,a8e4581d-5186-4367-95c5-0a754c60b276,4
1e4f3007-3e72-4135-80e0-238966189fd4,a901d2d2-35f6-4341-bbfb-38e5d9b21d07,2
1e4f3007-3e72-4135-80e0-238966189fd4,a962ffcb-a300-45e1-8850-70c7173c233e,4
1e4f3007-3e72-4135-80e0-238966189fd4,ab15ce32-a527-4526-a5b2-0f2cdb92feeb,18
1e4f3007-3e72-4135-80e0-238966189fd4,ab97f146-7308-4a7e-9197-2ef5ee467a95,6
1e4f3007-3e72-4135-80e0-238966189fd4,ac61813c-2d49-4318-b5d0-32e3559b8db4,1
1e4f3007-3e72-4135-80e0-238966189fd4,ae91b7a3-544d-40c7-8373-815a0bd18cf0,3
1e4f3007-3e72-4135-80e0-238966189fd4,b29c0e00-7ac2-4c28-ab4f-8fceb156337b,5
1e4f3007-3e72-4135-80e0-238966189fd4,b41b2403-9f06-4d55-adc5-b0777373ca7e,12
1e4f3007-3e72-4135-80e0-238966189fd4,b6c27e98-0f7f-42a2-9fae-50b5f8ca76cc,8
1e4f3007-3e72-4135-80e0-238966189fd4,b8d002bc-ea6c-4f57-b36e-38415b205e09,2
1e4f3007-3e72-4135-80e0-238966189fd4,ba21eb65-8546-40e5-a425-0d228d0eaeac,60
1e4f3007-3e72-4135-80e0-238966189fd4,bb3a9cf3-6f64-4092-85a1-4318244ee603,3
1e4f3007-3e72-4135-80e0-238966189fd4,bb6801d4-f671-4ade-aa86-29aa89373dd9,2
1e4f3007-3e72-4135-80e0-238966189fd4,bf030048-0434-42f1-bbed-8b0c04014db4,15
1e4f3007-3e72-4135-80e0-238966189fd4,c0d8ed4a-ec11-48e2-a468-6cd93327305b,8
1e4f3007-3e72-4135-80e0-238966189fd4,c128a46d-ebd9-4ee9-80cc-16bfe505e539,2
1e4f3007-3e72-4135-80e0-238966189fd4,c1c11045-81c6-43a3-96e4-4cc6d5f2fbb4,3
1e4f3007-3e72-4135-80e0-238966189fd4,c3b1dca8-2cb4-4025-9527-36163a098c1f,12
1e4f3007-3e72-4135-80e0-238966189fd4,c6e26bd3-724f-45d3-93af-ef431e6fcd42,6
1e4f3007-3e72-4135-80e0-238966189fd4,c7822b58-103f-4612-87ef-648be97192c6,1
1e4f3007-3e72-4135-80e0-238966189fd4,c8935902-45d6-45d6-ac31-77bc0e143154,4
1e4f3007-3e72-4135-80e0-238966189fd4,cabae19e-836c-48c4-903e-7357789f9260,28
1e4f3007-3e72-4135-80e0-238966189fd4,cd02edbc-106e-46d1-8d70-6594741356ea,2
1e4f3007-3e72-4135-80e0-238966189fd4,ce400601-651e-4ac9-a43e-ed8d4817b7fd,18
1e4f3007-3e72-4135-80e0-238966189fd4,d07ef52c-cc10-4445-a3a1-dfe50371f110,1
1e4f3007-3e72-4135-80e0-238966189fd4,d1bb566e-a111-43b7-8856-273ebac1f753,9
1e4f3007-3e72-4135-80e0-238966189fd4,d34e1efc-fbba-4ad8-823a-61bc3f25d580,7
1e4f3007-3e72-4135-80e0-238966189fd4,d38ca3cf-9803-48dc-8592-c67c4430168e,25
1e4f3007-3e72-4135-80e0-238966189fd4,d847851a-777b-43c6-83b3-392672659edc,1
1e4f3007-3e72-4135-80e0-238966189fd4,d9e78b0a-0a3b-44ef-acd9-15d6e9e19d60,15
1e4f3007-3e72-4135-80e0-238966189fd4,da756f9c-3f10-4ab8-9fa8-75812e248959,1
1e4f3007-3e72-4135-80e0-238966189fd4,dae67415-1ed1-4464-a59e-75170eb1925d,4
1e4f3007-3e72-4135-80e0-238966189fd4,dc9f60e4-e1a4-487b-a002-40b3c77ba896,14
1e4f3007-3e72-4135-80e0-238966189fd4,ddaff486-ef62-4200-aeb9-eeb4bedcc620,1
1e4f3007-3e72-4135-80e0-238966189fd4,e5c4753f-d2d8-4a4a-ae9d-62118892a731,2
1e4f3007-3e72-4135-80e0-238966189fd4,e6cc253d-14cb-437b-be88-4966f5fcb1f5,2
1e4f3007-3e72-4135-80e0-238966189fd4,e7f0d8e8-4c52-4d0a-8b94-28729046f45b,2
1e4f3007-3e72-4135-80e0-238966189fd4,e85125f3-b7cf-426c-9355-412838893f55,3
1e4f3007-3e72-4135-80e0-238966189fd4,ee32e8d2-aa15-4603-901e-2cc3c72e9ead,3
1e4f3007-3e72-4135-80e0-238966189fd4,f23be4bd-7b2b-45dd-be84-4f76f11b624a,7
1e4f3007-3e72-4135-80e0-238966189fd4,f31cabe4-e1f4-46db-88a9-b46ba44dded4,1
1e4f3007-3e72-4135-80e0-238966189fd4,fa4d473c-e553-439e-8f53-ca5f2b203dbd,42
1e4f3007-3e72-4135-80e0-238966189fd4,face7642-1fd8-4ec1-a909-c2579b0bd8d2,1
1e4f3007-3e72-4135-80e0-238966189fd4,fdc445bd-f8fe-4cfc-b387-7fd66a181674,2
1e8aa099-9c94-432d-bff7-ac9fe20ff3ff,29124ef6-e1d5-4138-bf01-8433afde7269,21
1e8aa099-9c94-432d-bff7-ac9fe20ff3ff,2aeb5ca9-f64f-4ec6-a0ce-83223bff4772,18
1e8aa099-9c94-432d-bff7-ac9fe20ff3ff,2b533923-83a2-4ac6-b497-934a549b50ab,9
1e8aa099-9c94-432d-bff7-ac9fe20ff3ff,359e90b6-6f1f-47e9-a46b-d0ff54836077,1
1e8aa099-9c94-432d-bff7-ac9fe20ff3ff,3e48d4c9-0d66-4b50-9f9c-969b5e314a42,1
1e8aa099-9c94-432d-bff7-ac9fe20ff3ff,48d02bab-281c-4bd0-8a50-26bf90a38cc0,1
1e8aa099-9c94-432d-bff7-ac9fe20ff3ff,4c3e51e6-9f1e-49cc-a919-f74a8c88343e,1
1e8aa099-9c94-432d-bff7-ac9fe20ff3ff,522d59a0-10ba-488f-a27a-a1dda7581900,1
1e8aa099-9c94-432d-bff7-ac9fe20ff3ff,557f8bd5-9f66-4bed-9b5f-86746bb0600a,3
1e8aa099-9c94-432d-bff7-ac9fe20ff3ff,7564c685-2691-4796-9159-ebd5df4fdc8d,7
1e8aa099-9c94-432d-bff7-ac9fe20ff3ff,75a44c3a-5914-4c8e-9ca4-d987853f5844,1
1e8aa099-9c94-432d-bff7-ac9fe20ff3ff,762e0f40-f100-4896-85a2-b1d8818fae41,64
1e8aa099-9c94-432d-bff7-ac9fe20ff3ff,7cbb2d95-46b2-4fcb-b129-9505f56e7f07,21
1e8aa099-9c94-432d-bff7-ac9fe20ff3ff,7d18b6e3-de0c-4aea-bef8-242bbc38e936,23
1e8aa099-9c94-432d-bff7-ac9fe20ff3ff,819764fa-3a17-467b-8327-30899ed083b6,5
1e8aa099-9c94-432d-bff7-ac9fe20ff3ff,84e7ec53-7bec-491e-bec7-19b6b1d359b1,2
1e8aa099-9c94-432d-bff7-ac9fe20ff3ff,88bf9f29-aa91-4ddd-ad2d-b73dfe6706ef,1
1e8aa099-9c94-432d-bff7-ac9fe20ff3ff,942a29b8-057f-4dba-a8cd-3c35e5a81aaf,2
1e8aa099-9c94-432d-bff7-ac9fe20ff3ff,94f6aaa0-69ed-4721-a62c-c2b592bec175,15
1e8aa099-9c94-432d-bff7-ac9fe20ff3ff,980a8ae3-b1c7-4912-ab9e-be3e6fd20d36,5
1e8aa099-9c94-432d-bff7-ac9fe20ff3ff,98aa8bde-85b0-49ed-9795-e2eeb206e3b8,38
1e8aa099-9c94-432d-bff7-ac9fe20ff3ff,9b13c8c8-eba4-411e-b095-858e352d3178,52
1e8aa099-9c94-432d-bff7-ac9fe20ff3ff,9c8bc5bc-8d13-4c11-be37-57a43a1d734b,1
1e8aa099-9c94-432d-bff7-ac9fe20ff3ff,9e79de98-e914-4dc8-8dc7-6d7cb09b93d7,1
1e8aa099-9c94-432d-bff7-ac9fe20ff3ff,a437e923-725f-415e-a01d-5588a7af933e,19
1e8aa099-9c94-432d-bff7-ac9fe20ff3ff,a68468b6-51ea-440c-9387-b44ba10ad8b6,8
1e8aa099-9c94-432d-bff7-ac9fe20ff3ff,ab15ce32-a527-4526-a5b2-0f2cdb92feeb,21
1e8aa099-9c94-432d-bff7-ac9fe20ff3ff,b41b2403-9f06-4d55-adc5-b0777373ca7e,56
1e8aa099-9c94-432d-bff7-ac9fe20ff3ff,b625d2bf-da74-40a2-b013-2069a09dcb6c,18
1e8aa099-9c94-432d-bff7-ac9fe20ff3ff,bf494e35-c009-4c74-a5c6-3cb2cd26bb51,87
1e8aa099-9c94-432d-bff7-ac9fe20ff3ff,c6e26bd3-724f-45d3-93af-ef431e6fcd42,2
1e8aa099-9c94-432d-bff7-ac9fe20ff3ff,ccea26dd-dcae-4174-8945-ec5cb568e951,37
1e8aa099-9c94-432d-bff7-ac9fe20ff3ff,d07ef52c-cc10-4445-a3a1-dfe50371f110,2
1e8aa099-9c94-432d-bff7-ac9fe20ff3ff,d34e1efc-fbba-4ad8-823a-61bc3f25d580,15
1e8aa099-9c94-432d-bff7-ac9fe20ff3ff,d38ca3cf-9803-48dc-8592-c67c4430168e,101
1e8aa099-9c94-432d-bff7-ac9fe20ff3ff,d59d1492-57b6-482b-88b6-b2b77c45c33d,1
1e8aa099-9c94-432d-bff7-ac9fe20ff3ff,d847851a-777b-43c6-83b3-392672659edc,5
1e8aa099-9c94-432d-bff7-ac9fe20ff3ff,e6cc253d-14cb-437b-be88-4966f5fcb1f5,2
1e8aa099-9c94-432d-bff7-ac9fe20ff3ff,e85125f3-b7cf-426c-9355-412838893f55,2
1e8aa099-9c94-432d-bff7-ac9fe20ff3ff,f31cabe4-e1f4-46db-88a9-b46ba44dded4,1
1ee767b9-67f3-47e5-9e28-045da1c37b05,29124ef6-e1d5-4138-bf01-8433afde7269,2
1ee767b9-67f3-47e5-9e28-045da1c37b05,3239df09-c975-4598-b608-b67c74a07e08,5
1ee767b9-67f3-47e5-9e28-045da1c37b05,3322191a-8ca5-4a69-bb2f-d516086c28ae,1
1ee767b9-67f3-47e5-9e28-045da1c37b05,337a0873-453c-459f-99c7-2726975a71da,3
1ee767b9-67f3-47e5-9e28-045da1c37b05,356e5fc9-831f-4d9c-be2f-fd35a99e865b,1
1ee767b9-67f3-47e5-9e28-045da1c37b05,388e72cf-63dd-4839-9ce7-5491b6bdcfd8,7
1ee767b9-67f3-47e5-9e28-045da1c37b05,3e48d4c9-0d66-4b50-9f9c-969b5e314a42,8
1ee767b9-67f3-47e5-9e28-045da1c37b05,44081df1-828e-4d79-bd27-261be38f66f1,21
1ee767b9-67f3-47e5-9e28-045da1c37b05,49e7fc50-90f5-4476-9275-c31f88864082,1
1ee767b9-67f3-47e5-9e28-045da1c37b05,4bf69aa9-29a7-44db-b7ee-8bfa40e343dd,4
1ee767b9-67f3-47e5-9e28-045da1c37b05,4c3e51e6-9f1e-49cc-a919-f74a8c88343e,3
1ee767b9-67f3-47e5-9e28-045da1c37b05,522d59a0-10ba-488f-a27a-a1dda7581900,13
1ee767b9-67f3-47e5-9e28-045da1c37b05,5d54939f-2da7-4ca6-b159-4ef344336b21,19
1ee767b9-67f3-47e5-9e28-045da1c37b05,666f31ca-041f-466d-9e78-804317921d69,11
1ee767b9-67f3-47e5-9e28-045da1c37b05,66b2be3d-10f8-46a4-90c6-b86005df0a50,10
1ee767b9-67f3-47e5-9e28-045da1c37b05,75a44c3a-5914-4c8e-9ca4-d987853f5844,7
1ee767b9-67f3-47e5-9e28-045da1c37b05,7954eb2c-1bf5-42af-80dc-85f29b367db0,22
1ee767b9-67f3-47e5-9e28-045da1c37b05,7cbb2d95-46b2-4fcb-b129-9505f56e7f07,3
1ee767b9-67f3-47e5-9e28-045da1c37b05,819764fa-3a17-467b-8327-30899ed083b6,1
1ee767b9-67f3-47e5-9e28-045da1c37b05,8349fff0-99b3-449a-bd4d-932ae95b29da,20
1ee767b9-67f3-47e5-9e28-045da1c37b05,859e1824-cc60-4304-9293-dca932ebbed2,6
1ee767b9-67f3-47e5-9e28-045da1c37b05,88bf9f29-aa91-4ddd-ad2d-b73dfe6706ef,1
1ee767b9-67f3-47e5-9e28-045da1c37b05,88e0734b-8c03-4daa-8ec5-055e36c07030,1
1ee767b9-67f3-47e5-9e28-045da1c37b05,89d70a20-bd10-46ed-866a-2c79362a0559,1
1ee767b9-67f3-47e5-9e28-045da1c37b05,94f6aaa0-69ed-4721-a62c-c2b592bec175,3
1ee767b9-67f3-47e5-9e28-045da1c37b05,98aa8bde-85b0-49ed-9795-e2eeb206e3b8,16
1ee767b9-67f3-47e5-9e28-045da1c37b05,9b13c8c8-eba4-411e-b095-858e352d3178,3
1ee767b9-67f3-47e5-9e28-045da1c37b05,9e79de98-e914-4dc8-8dc7-6d7cb09b93d7,3
1ee767b9-67f3-47e5-9e28-045da1c37b05,9f0c39d6-4a57-4849-9215-aa1147c7e0f6,2
1ee767b9-67f3-47e5-9e28-045da1c37b05,9f855643-68a2-409e-b4fe-81b92547212a,1
1ee767b9-67f3-47e5-9e28-045da1c37b05,a3b17348-54cf-4bca-82d4-e62bd46c2fbc,21
1ee767b9-67f3-47e5-9e28-045da1c37b05,a68468b6-51ea-440c-9387-b44ba10ad8b6,11
1ee767b9-67f3-47e5-9e28-045da1c37b05,a8e4581d-5186-4367-95c5-0a754c60b276,5
1ee767b9-67f3-47e5-9e28-045da1c37b05,ab15ce32-a527-4526-a5b2-0f2cdb92feeb,2
1ee767b9-67f3-47e5-9e28-045da1c37b05,b41b2403-9f06-4d55-adc5-b0777373ca7e,13
1ee767b9-67f3-47e5-9e28-045da1c37b05,b50b3f0b-afc8-46e5-bfda-cb60e2935a5a,11
1ee767b9-67f3-47e5-9e28-045da1c37b05,b6c27e98-0f7f-42a2-9fae-50b5f8ca76cc,2
1ee767b9-67f3-47e5-9e28-045da1c37b05,b7a52679-bac9-4e00-9dfd-06a22a7cf088,6
1ee767b9-67f3-47e5-9e28-045da1c37b05,bb6801d4-f671-4ade-aa86-29aa89373dd9,12
1ee767b9-67f3-47e5-9e28-045da1c37b05,c0d8ed4a-ec11-48e2-a468-6cd93327305b,4
1ee767b9-67f3-47e5-9e28-045da1c37b05,c6e26bd3-724f-45d3-93af-ef431e6fcd42,4
1ee767b9-67f3-47e5-9e28-045da1c37b05,c7822b58-103f-4612-87ef-648be97192c6,7
1ee767b9-67f3-47e5-9e28-045da1c37b05,cabae19e-836c-48c4-903e-7357789f9260,1
1ee767b9-67f3-47e5-9e28-045da1c37b05,ccea26dd-dcae-4174-8945-ec5cb568e951,3
1ee767b9-67f3-47e5-9e28-045da1c37b05,d1bb566e-a111-43b7-8856-273ebac1f753,8
1ee767b9-67f3-47e5-9e28-045da1c37b05,d34e1efc-fbba-4ad8-823a-61bc3f25d580,1
1ee767b9-67f3-47e5-9e28-045da1c37b05,d38ca3cf-9803-48dc-8592-c67c4430168e,75
1ee767b9-67f3-47e5-9e28-045da1c37b05,d59d1492-57b6-482b-88b6-b2b77c45c33d,3
1ee767b9-67f3-47e5-9e28-045da1c37b05,d847851a-777b-43c6-83b3-392672659edc,12
1ee767b9-67f3-47e5-9e28-045da1c37b05,da9f33b0-80ca-49eb-a1ec-def3b46538d9,5
1ee767b9-67f3-47e5-9e28-045da1c37b05,e6cc253d-14cb-437b-be88-4966f5fcb1f5,6
1ee767b9-67f3-47e5-9e28-045da1c37b05,ea21d788-7cfe-41ff-b22f-0664397139af,2
1ee767b9-67f3-47e5-9e28-045da1c37b05,ec571f94-11b8-47d7-bb47-fd0d2d7c7f07,3
1ee767b9-67f3-47e5-9e28-045da1c37b05,ee32e8d2-aa15-4603-901e-2cc3c72e9ead,2
1ee767b9-67f3-47e5-9e28-045da1c37b05,f067f702-8e06-491a-9498-462205d1aaec,4
1ee767b9-67f3-47e5-9e28-045da1c37b05,f31cabe4-e1f4-46db-88a9-b46ba44dded4,10
1ee767b9-67f3-47e5-9e28-045da1c37b05,fa4d473c-e553-439e-8f53-ca5f2b203dbd,8
1ee767b9-67f3-47e5-9e28-045da1c37b05,fb291eb2-962a-482f-971a-0b62673f9a86,13
1ee767b9-67f3-47e5-9e28-045da1c37b05,fdc445bd-f8fe-4cfc-b387-7fd66a181674,5
202e3325-7f81-4c5a-8aee-386a4bcd87e2,238396aa-d91b-46ee-a7e9-301e9ac7bd7e,20
202e3325-7f81-4c5a-8aee-386a4bcd87e2,26fafe12-cb5a-4eee-bca0-dc78cb688be3,1
202e3325-7f81-4c5a-8aee-386a4bcd87e2,29124ef6-e1d5-4138-bf01-8433afde7269,2
202e3325-7f81-4c5a-8aee-386a4bcd87e2,299782b9-b45f-4cd6-b1db-abee2be08d81,7
202e3325-7f81-4c5a-8aee-386a4bcd87e2,2b533923-83a2-4ac6-b497-934a549b50ab,33
202e3325-7f81-4c5a-8aee-386a4bcd87e2,2e1211a4-9506-4dbe-ab15-1b881bb87074,11
202e3325-7f81-4c5a-8aee-386a4bcd87e2,39023322-8e6c-4cb4-b42d-c5bf80377dd6,6
202e3325-7f81-4c5a-8aee-386a4bcd87e2,3b8c5482-7bdb-414b-97c7-ca34fb10da6f,15
202e3325-7f81-4c5a-8aee-386a4bcd87e2,3dbbf804-bad5-44f2-b8c7-091baf63758d,5
202e3325-7f81-4c5a-8aee-386a4bcd87e2,412ecb41-f20c-477d-b8e7-d7b548a10a44,7
202e3325-7f81-4c5a-8aee-386a4bcd87e2,446e3e45-8e03-4f8d-bb52-ea092634378f,4
202e3325-7f81-4c5a-8aee-386a4bcd87e2,44d2b41e-0e28-46c4-972b-daf49b4d9824,10
202e3325-7f81-4c5a-8aee-386a4bcd87e2,4a92f48a-0387-47c7-800e-cf59692e6411,13
202e3325-7f81-4c5a-8aee-386a4bcd87e2,4a9d1641-505a-4e22-96d3-36be9d1e6322,8
202e3325-7f81-4c5a-8aee-386a4bcd87e2,4aa76e80-51db-4c6f-b97c-e7926b39a66c,14
202e3325-7f81-4c5a-8aee-386a4bcd87e2,4bfc5a46-654d-445f-9b71-fc3e06d40ae4,5
202e3325-7f81-4c5a-8aee-386a4bcd87e2,4c3e51e6-9f1e-49cc-a919-f74a8c88343e,1
202e3325-7f81-4c5a-8aee-386a4bcd87e2,4d13ea1d-c9b6-4313-8ba0-fd040d8a319e,1
202e3325-7f81-4c5a-8aee-386a4bcd87e2,54cbf78c-ae5e-49b7-8fcc-41d0fb7b5855,21
202e3325-7f81-4c5a-8aee-386a4bcd87e2,58e27c9a-59be-407b-8213-714cf1d3acc4,1
202e3325-7f81-4c5a-8aee-386a4bcd87e2,5d3c16f6-cad0-432f-b850-8a62cfb6526c,3
202e3325-7f81-4c5a-8aee-386a4bcd87e2,64522cbc-a297-4c67-a204-1e31deb91f68,4
202e3325-7f81-4c5a-8aee-386a4bcd87e2,68a869d7-3216-4208-9b57-e87405a11abb,1
202e3325-7f81-4c5a-8aee-386a4bcd87e2,6d33b9bc-7d3a-4a60-b2d7-c2b70cd11ab1,1
202e3325-7f81-4c5a-8aee-386a4bcd87e2,71cbc21c-4e36-4df7-9f58-e15a1c1f162c,9
202e3325-7f81-4c5a-8aee-386a4bcd87e2,71df2edb-5973-46ec-82d7-c65ccd00abd4,3
202e3325-7f81-4c5a-8aee-386a4bcd87e2,7265b8e8-62d4-4ba2-8117-8f758fbf606e,14
202e3325-7f81-4c5a-8aee-386a4bcd87e2,74c13ffe-54e0-4cfd-a5fd-f21de61a0995,1
202e3325-7f81-4c5a-8aee-386a4bcd87e2,762e0f40-f100-4896-85a2-b1d8818fae41,8
202e3325-7f81-4c5a-8aee-386a4bcd87e2,7c43c8c2-1958-496c-8060-b0f3bf652992,1
202e3325-7f81-4c5a-8aee-386a4bcd87e2,819764fa-3a17-467b-8327-30899ed083b6,16
202e3325-7f81-4c5a-8aee-386a4bcd87e2,872e3c31-98a5-40cb-b7dc-9c821f3b1bca,11
202e3325-7f81-4c5a-8aee-386a4bcd87e2,89d70a20-bd10-46ed-866a-2c79362a0559,1
202e3325-7f81-4c5a-8aee-386a4bcd87e2,8dfa0156-0834-4c00-87e8-c4e9919f781f,4
202e3325-7f81-4c5a-8aee-386a4bcd87e2,92fe14f9-9abe-4759-b311-8b635302c2f2,1
202e3325-7f81-4c5a-8aee-386a4bcd87e2,935fc903-0272-4f85-84e7-6c22aa9710f3,4
202e3325-7f81-4c5a-8aee-386a4bcd87e2,9522ae6b-a187-4f51-9df7-1b0feb767d6e,7
202e3325-7f81-4c5a-8aee-386a4bcd87e2,990c794a-2170-435a-8c43-97d4fd0e621e,6
202e3325-7f81-4c5a-8aee-386a4bcd87e2,9b13c8c8-eba4-411e-b095-858e352d3178,10
202e3325-7f81-4c5a-8aee-386a4bcd87e2,9bf12da8-39ea-4505-9500-764bc440cfc9,1
202e3325-7f81-4c5a-8aee-386a4bcd87e2,9d2229a5-c46a-485a-9b82-315e270c3e9a,4
202e3325-7f81-4c5a-8aee-386a4bcd87e2,a3986ffd-c057-46cc-afd5-54846c9955ef,1
202e3325-7f81-4c5a-8aee-386a4bcd87e2,aa612b6e-b61d-43a8-8775-c83839a9f6ef,1
202e3325-7f81-4c5a-8aee-386a4bcd87e2,ab97f146-7308-4a7e-9197-2ef5ee467a95,15
202e3325-7f81-4c5a-8aee-386a4bcd87e2,b29c0e00-7ac2-4c28-ab4f-8fceb156337b,1
202e3325-7f81-4c5a-8aee-386a4bcd87e2,b7a52679-bac9-4e00-9dfd-06a22a7cf088,12
202e3325-7f81-4c5a-8aee-386a4bcd87e2,ba21eb65-8546-40e5-a425-0d228d0eaeac,15
202e3325-7f81-4c5a-8aee-386a4bcd87e2,bf030048-0434-42f1-bbed-8b0c04014db4,11
202e3325-7f81-4c5a-8aee-386a4bcd87e2,c1c11045-81c6-43a3-96e4-4cc6d5f2fbb4,6
202e3325-7f81-4c5a-8aee-386a4bcd87e2,c3adeaa2-c232-48f9-967d-caf4b0b51719,1
202e3325-7f81-4c5a-8aee-386a4bcd87e2,c606904d-daef-44ff-bd30-cfdc1e6b5185,2
202e3325-7f81-4c5a-8aee-386a4bcd87e2,c60c655f-40ba-47b0-8e93-a2c8d1ff4743,1
202e3325-7f81-4c5a-8aee-386a4bcd87e2,caaae646-de85-453f-b6e0-9b9b4f710f03,1
202e3325-7f81-4c5a-8aee-386a4bcd87e2,cabae19e-836c-48c4-903e-7357789f9260,4
202e3325-7f81-4c5a-8aee-386a4bcd87e2,cd5a2cfd-7689-4a6e-aed1-df2a773bab9c,9
202e3325-7f81-4c5a-8aee-386a4bcd87e2,ce747c36-3ef4-49e3-b55e-1bc99db62413,1
202e3325-7f81-4c5a-8aee-386a4bcd87e2,cfb17042-9f10-4e44-99f4-358bad067455,2
202e3325-7f81-4c5a-8aee-386a4bcd87e2,d1bb566e-a111-43b7-8856-273ebac1f753,15
202e3325-7f81-4c5a-8aee-386a4bcd87e2,d3023879-e3c7-411b-bb8a-1a0be0ca6035,1
202e3325-7f81-4c5a-8aee-386a4bcd87e2,d653bf17-e60f-4512-9258-a68ec026e381,1
202e3325-7f81-4c5a-8aee-386a4bcd87e2,d6c2b5eb-b21a-440a-b628-75492d313ffa,1
202e3325-7f81-4c5a-8aee-386a4bcd87e2,d847851a-777b-43c6-83b3-392672659edc,5
202e3325-7f81-4c5a-8aee-386a4bcd87e2,dae67415-1ed1-4464-a59e-75170eb1925d,33
202e3325-7f81-4c5a-8aee-386a4bcd87e2,ddaff486-ef62-4200-aeb9-eeb4bedcc620,1
202e3325-7f81-4c5a-8aee-386a4bcd87e2,e5c9b4ba-9064-4858-a052-bb3bbecfac4b,1
202e3325-7f81-4c5a-8aee-386a4bcd87e2,ec273841-069f-408b-b434-8524904ae314,1
202e3325-7f81-4c5a-8aee-386a4bcd87e2,ee32e8d2-aa15-4603-901e-2cc3c72e9ead,5
20427a83-6da2-4f6d-aee0-7516ba4feab1,36ff4d40-ec26-4ba3-9370-3ec3b73c42ff,2
20427a83-6da2-4f6d-aee0-7516ba4feab1,39023322-8e6c-4cb4-b42d-c5bf80377dd6,2
20427a83-6da2-4f6d-aee0-7516ba4feab1,43fd0a28-6a9c-4427-a55c-211fbae70091,1
20427a83-6da2-4f6d-aee0-7516ba4feab1,4a9d1641-505a-4e22-96d3-36be9d1e6322,1
20427a83-6da2-4f6d-aee0-7516ba4feab1,71cbc21c-4e36-4df7-9f58-e15a1c1f162c,1
20427a83-6da2-4f6d-aee0-7516ba4feab1,7d18b6e3-de0c-4aea-bef8-242bbc38e936,1
20427a83-6da2-4f6d-aee0-7516ba4feab1,7f11ad79-297b-4b42-9fe0-f3fd38a470a9,2
20427a83-6da2-4f6d-aee0-7516ba4feab1,83a1ccbf-fe6a-4f7a-a0d0-4cf90337ab90,1
20427a83-6da2-4f6d-aee0-7516ba4feab1,93ace320-ab4e-42d3-9783-b2e2e02eb546,1
20427a83-6da2-4f6d-aee0-7516ba4feab1,95b979e4-888d-402d-8167-4f817cea413b,1
20427a83-6da2-4f6d-aee0-7516ba4feab1,cf4c4d24-798d-4bbe-bf06-23ca674f0d28,1
20427a83-6da2-4f6d-aee0-7516ba4feab1,d1bb566e-a111-43b7-8856-273ebac1f753,1
2211a588-7417-4e26-a386-801fe8798bd1,238396aa-d91b-46ee-a7e9-301e9ac7bd7e,11
2211a588-7417-4e26-a386-801fe8798bd1,2538ca6a-8254-4c7e-af71-a20db82afd30,8
2211a588-7417-4e26-a386-801fe8798bd1,299782b9-b45f-4cd6-b1db-abee2be08d81,2
2211a588-7417-4e26-a386-801fe8798bd1,2e1211a4-9506-4dbe-ab15-1b881bb87074,25
2211a588-7417-4e26-a386-801fe8798bd1,39023322-8e6c-4cb4-b42d-c5bf80377dd6,10
2211a588-7417-4e26-a386-801fe8798bd1,3b8c5482-7bdb-414b-97c7-ca34fb10da6f,1
2211a588-7417-4e26-a386-801fe8798bd1,44081df1-828e-4d79-bd27-261be38f66f1,2
2211a588-7417-4e26-a386-801fe8798bd1,44f6140e-9776-4c08-bd68-5dde99f2ab62,1
2211a588-7417-4e26-a386-801fe8798bd1,4aa76e80-51db-4c6f-b97c-e7926b39a66c,1
2211a588-7417-4e26-a386-801fe8798bd1,551f9a19-738c-4298-afe1-5ca7959ab74b,11
2211a588-7417-4e26-a386-801fe8798bd1,6fc5878e-d76a-4e9d-a4e3-e5ef581bb2ff,4
2211a588-7417-4e26-a386-801fe8798bd1,74b44968-d1f2-482a-a365-1fbb4cbda7f9,9
2211a588-7417-4e26-a386-801fe8798bd1,7d18b6e3-de0c-4aea-bef8-242bbc38e936,1
2211a588-7417-4e26-a386-801fe8798bd1,80d891ee-7f80-4d4f-b486-3b0d1a9fd67a,5
2211a588-7417-4e26-a386-801fe8798bd1,8133067c-1a90-482b-9ee4-e585a096ffb5,22
2211a588-7417-4e26-a386-801fe8798bd1,81d3a9a6-03c1-424b-873f-2df53af69e6c,33
2211a588-7417-4e26-a386-801fe8798bd1,83a1ccbf-fe6a-4f7a-a0d0-4cf90337ab90,40
2211a588-7417-4e26-a386-801fe8798bd1,8711c928-b30d-4859-b091-74678ca63e5b,7
2211a588-7417-4e26-a386-801fe8798bd1,872e3c31-98a5-40cb-b7dc-9c821f3b1bca,6
2211a588-7417-4e26-a386-801fe8798bd1,8ba16b4b-5dc1-441e-9229-8bb63c903ce1,6
2211a588-7417-4e26-a386-801fe8798bd1,8c5a8186-8f46-4bca-956d-06d4fa521635,4
2211a588-7417-4e26-a386-801fe8798bd1,935fc903-0272-4f85-84e7-6c22aa9710f3,1
2211a588-7417-4e26-a386-801fe8798bd1,974099ff-20a6-4119-84be-96e244befc55,1
2211a588-7417-4e26-a386-801fe8798bd1,9bf12da8-39ea-4505-9500-764bc440cfc9,11
2211a588-7417-4e26-a386-801fe8798bd1,a900b4e7-92d9-4903-ab21-3189f17fe2e0,11
2211a588-7417-4e26-a386-801fe8798bd1,aa0272f6-6e3c-41f7-b040-b774b30d2196,17
2211a588-7417-4e26-a386-801fe8798bd1,ac61813c-2d49-4318-b5d0-32e3559b8db4,2
2211a588-7417-4e26-a386-801fe8798bd1,bd954447-a92c-4899-a9a8-4a58569fd4d2,28
2211a588-7417-4e26-a386-801fe8798bd1,c128a46d-ebd9-4ee9-80cc-16bfe505e539,2
2211a588-7417-4e26-a386-801fe8798bd1,c606904d-daef-44ff-bd30-cfdc1e6b5185,3
2211a588-7417-4e26-a386-801fe8798bd1,c6f061f1-9cb7-4e0a-a281-4fc80527c5d7,9
2211a588-7417-4e26-a386-801fe8798bd1,c7822b58-103f-4612-87ef-648be97192c6,10
2211a588-7417-4e26-a386-801fe8798bd1,ddaff486-ef62-4200-aeb9-eeb4bedcc620,7
2211a588-7417-4e26-a386-801fe8798bd1,e6cc253d-14cb-437b-be88-4966f5fcb1f5,10
2211a588-7417-4e26-a386-801fe8798bd1,e6e673f5-f0a7-4d34-a6aa-d2f12fed24ed,1
2211a588-7417-4e26-a386-801fe8798bd1,edefa48b-f14e-4ec3-ab3c-dfe2aa0126ec,3
2211a588-7417-4e26-a386-801fe8798bd1,eef0e09f-c709-4de5-8b44-086876d5f631,5
2211a588-7417-4e26-a386-801fe8798bd1,fdc445bd-f8fe-4cfc-b387-7fd66a181674,13
238396aa-d91b-46ee-a7e9-301e9ac7bd7e,2690bccc-5463-459a-b1df-cb93e222b348,6
238396aa-d91b-46ee-a7e9-301e9ac7bd7e,26fafe12-cb5a-4eee-bca0-dc78cb688be3,1
238396aa-d91b-46ee-a7e9-301e9ac7bd7e,29124ef6-e1d5-4138-bf01-8433afde7269,37
238396aa-d91b-46ee-a7e9-301e9ac7bd7e,299782b9-b45f-4cd6-b1db-abee2be08d81,27
238396aa-d91b-46ee-a7e9-301e9ac7bd7e,2b533923-83a2-4ac6-b497-934a549b50ab,29
238396aa-d91b-46ee-a7e9-301e9ac7bd7e,2b537cd5-1203-4c08-8118-b295796deb07,1
238396aa-d91b-46ee-a7e9-301e9ac7bd7e,2e1211a4-9506-4dbe-ab15-1b881bb87074,15
238396aa-d91b-46ee-a7e9-301e9ac7bd7e,35d9ddbe-1687-4f95-8821-d5b82c2cf205,2
238396aa-d91b-46ee-a7e9-301e9ac7bd7e,36ff4d40-ec26-4ba3-9370-3ec3b73c42ff,12
238396aa-d91b-46ee-a7e9-301e9ac7bd7e,39023322-8e6c-4cb4-b42d-c5bf80377dd6,89
238396aa-d91b-46ee-a7e9-301e9ac7bd7e,3b8c5482-7bdb-414b-97c7-ca34fb10da6f,5
238396aa-d91b-46ee-a7e9-301e9ac7bd7e,3c3a7304-0f4d-4b1f-a953-a6515b8b7670,1
238396aa-d91b-46ee-a7e9-301e9ac7bd7e,3c96ed5d-f7bf-4cae-9ec7-a5a29f5299da,1
238396aa-d91b-46ee-a7e9-301e9ac7bd7e,3dbbf804-bad5-44f2-b8c7-091baf63758d,30
238396aa-d91b-46ee-a7e9-301e9ac7bd7e,3dd45c3b-636a-4f17-b11c-72e3cfc56330,7
238396aa-d91b-46ee-a7e9-301e9ac7bd7e,412ecb41-f20c-477d-b8e7-d7b548a10a44,4
238396aa-d91b-46ee-a7e9-301e9ac7bd7e,44d2b41e-0e28-46c4-972b-daf49b4d9824,12
238396aa-d91b-46ee-a7e9-301e9ac7bd7e,44f6140e-9776-4c08-bd68-5dde99f2ab62,38
238396aa-d91b-46ee-a7e9-301e9ac7bd7e,49be3576-cea3-46c0-87eb-89beb108248d,1
238396aa-d91b-46ee-a7e9-301e9ac7bd7e,4a92f48a-0387-47c7-800e-cf59692e6411,19
238396aa-d91b-46ee-a7e9-301e9ac7bd7e,4aa76e80-51db-4c6f-b97c-e7926b39a66c,20
238396aa-d91b-46ee-a7e9-301e9ac7bd7e,4c3e51e6-9f1e-49cc-a919-f74a8c88343e,20
238396aa-d91b-46ee-a7e9-301e9ac7bd7e,4d6bf62d-9d27-49b5-b00f-254d6ff6e4e1,13
238396aa-d91b-46ee-a7e9-301e9ac7bd7e,4eacd971-8961-4956-b73b-7de0745de280,20
238396aa-d91b-46ee-a7e9-301e9ac7bd7e,54cbf78c-ae5e-49b7-8fcc-41d0fb7b5855,1
238396aa-d91b-46ee-a7e9-301e9ac7bd7e,551f9a19-738c-4298-afe1-5ca7959ab74b,4
238396aa-d91b-46ee-a7e9-301e9ac7bd7e,56cbb44d-9390-480d-b686-56da6c2d6d35,19
238396aa-d91b-46ee-a7e9-301e9ac7bd7e,581d8f64-6060-4cf0-b281-a46ad978cf0d,1
238396aa-d91b-46ee-a7e9-301e9ac7bd7e,58e27c9a-59be-407b-8213-714cf1d3acc4,3
238396aa-d91b-46ee-a7e9-301e9ac7bd7e,5ab23e3a-aed4-4713-9214-53336765be9d,4
238396aa-d91b-46ee-a7e9-301e9ac7bd7e,5d54939f-2da7-4ca6-b159-4ef344336b21,12
238396aa-d91b-46ee-a7e9-301e9ac7bd7e,5dfe97b2-fffb-4586-a999-1cbcfde80674,10
238396aa-d91b-46ee-a7e9-301e9ac7bd7e,61721e3f-a394-42ff-9885-8a58aa1d1612,1
238396aa-d91b-46ee-a7e9-301e9ac7bd7e,64522cbc-a297-4c67-a204-1e31deb91f68,2
238396aa-d91b-46ee-a7e9-301e9ac7bd7e,6bfaf570-5b6f-41e1-baf2-b833f6203513,3
238396aa-d91b-46ee-a7e9-301e9ac7bd7e,6ce9c9e8-daec-4ef0-b975-f372e100d3e6,37
238396aa-d91b-46ee-a7e9-301e9ac7bd7e,6d33b9bc-7d3a-4a60-b2d7-c2b70cd11ab1,3
238396aa-d91b-46ee-a7e9-301e9ac7bd7e,6fc5878e-d76a-4e9d-a4e3-e5ef581bb2ff,7
238396aa-d91b-46ee-a7e9-301e9ac7bd7e,71cbc21c-4e36-4df7-9f58-e15a1c1f162c,11
238396aa-d91b-46ee-a7e9-301e9ac7bd7e,7265b8e8-62d4-4ba2-8117-8f758fbf606e,23
238396aa-d91b-46ee-a7e9-301e9ac7bd7e,74b44968-d1f2-482a-a365-1fbb4cbda7f9,1
238396aa-d91b-46ee-a7e9-301e9ac7bd7e,80d891ee-7f80-4d4f-b486-3b0d1a9fd67a,1
238396aa-d91b-46ee-a7e9-301e9ac7bd7e,8129f279-1ddd-45e3-8de4-e9ceb5a68d34,1
238396aa-d91b-46ee-a7e9-301e9ac7bd7e,8133067c-1a90-482b-9ee4-e585a096ffb5,1
238396aa-d91b-46ee-a7e9-301e9ac7bd7e,81d3a9a6-03c1-424b-873f-2df53af69e6c,10
238396aa-d91b-46ee-a7e9-301e9ac7bd7e,83a1ccbf-fe6a-4f7a-a0d0-4cf90337ab90,3
238396aa-d91b-46ee-a7e9-301e9ac7bd7e,84e7ec53-7bec-491e-bec7-19b6b1d359b1,2
238396aa-d91b-46ee-a7e9-301e9ac7bd7e,8711c928-b30d-4859-b091-74678ca63e5b,4
238396aa-d91b-46ee-a7e9-301e9ac7bd7e,872e3c31-98a5-40cb-b7dc-9c821f3b1bca,4
238396aa-d91b-46ee-a7e9-301e9ac7bd7e,88bf9f29-aa91-4ddd-ad2d-b73dfe6706ef,33
238396aa-d91b-46ee-a7e9-301e9ac7bd7e,89d70a20-bd10-46ed-866a-2c79362a0559,2
238396aa-d91b-46ee-a7e9-301e9ac7bd7e,8ba16b4b-5dc1-441e-9229-8bb63c903ce1,29
238396aa-d91b-46ee-a7e9-301e9ac7bd7e,8c5a8186-8f46-4bca-956d-06d4fa521635,7
238396aa-d91b-46ee-a7e9-301e9ac7bd7e,8dfa0156-0834-4c00-87e8-c4e9919f781f,20
238396aa-d91b-46ee-a7e9-301e9ac7bd7e,935fc903-0272-4f85-84e7-6c22aa9710f3,8
238396aa-d91b-46ee-a7e9-301e9ac7bd7e,974099ff-20a6-4119-84be-96e244befc55,1
238396aa-d91b-46ee-a7e9-301e9ac7bd7e,97ffe642-648f-4dab-a0e8-0720e96e3e35,4
238396aa-d91b-46ee-a7e9-301e9ac7bd7e,98aa8bde-85b0-49ed-9795-e2eeb206e3b8,18
238396aa-d91b-46ee-a7e9-301e9ac7bd7e,9b13c8c8-eba4-411e-b095-858e352d3178,62
238396aa-d91b-46ee-a7e9-301e9ac7bd7e,9bf12da8-39ea-4505-9500-764bc440cfc9,11
238396aa-d91b-46ee-a7e9-301e9ac7bd7e,9d2229a5-c46a-485a-9b82-315e270c3e9a,17
238396aa-d91b-46ee-a7e9-301e9ac7bd7e,9ea41959-b952-4e42-92fb-bc616ac17241,2
238396aa-d91b-46ee-a7e9-301e9ac7bd7e,a04d4b85-56f0-448f-b5e8-28b5340af204,9
238396aa-d91b-46ee-a7e9-301e9ac7bd7e,a1877608-2b03-4620-b854-d57de44cd52e,4
238396aa-d91b-46ee-a7e9-301e9ac7bd7e,a3986ffd-c057-46cc-afd5-54846c9955ef,1
238396aa-d91b-46ee-a7e9-301e9ac7bd7e,a900b4e7-92d9-4903-ab21-3189f17fe2e0,4
238396aa-d91b-46ee-a7e9-301e9ac7bd7e,a901d2d2-35f6-4341-bbfb-38e5d9b21d07,19
238396aa-d91b-46ee-a7e9-301e9ac7bd7e,a962ffcb-a300-45e1-8850-70c7173c233e,14
238396aa-d91b-46ee-a7e9-301e9ac7bd7e,aa0272f6-6e3c-41f7-b040-b774b30d2196,10
238396aa-d91b-46ee-a7e9-301e9ac7bd7e,aa612b6e-b61d-43a8-8775-c83839a9f6ef,1
238396aa-d91b-46ee-a7e9-301e9ac7bd7e,ab15ce32-a527-4526-a5b2-0f2cdb92feeb,9
238396aa-d91b-46ee-a7e9-301e9ac7bd7e,ab97f146-7308-4a7e-9197-2ef5ee467a95,17
238396aa-d91b-46ee-a7e9-301e9ac7bd7e,ac61813c-2d49-4318-b5d0-32e3559b8db4,87
238396aa-d91b-46ee-a7e9-301e9ac7bd7e,ae91b7a3-544d-40c7-8373-815a0bd18cf0,1
238396aa-d91b-46ee-a7e9-301e9ac7bd7e,b4fdf408-8296-4d14-9e95-b4b96dc20751,3
238396aa-d91b-46ee-a7e9-301e9ac7bd7e,b7a52679-bac9-4e00-9dfd-06a22a7cf088,1
238396aa-d91b-46ee-a7e9-301e9ac7bd7e,b9cfefa1-1e5e-4fd7-a9d5-458e4c3a20db,6
238396aa-d91b-46ee-a7e9-301e9ac7bd7e,ba21eb65-8546-40e5-a425-0d228d0eaeac,4
238396aa-d91b-46ee-a7e9-301e9ac7bd7e,bb3a9cf3-6f64-4092-85a1-4318244ee603,7
238396aa-d91b-46ee-a7e9-301e9ac7bd7e,bb6801d4-f671-4ade-aa86-29aa89373dd9,6
238396aa-d91b-46ee-a7e9-301e9ac7bd7e,bd954447-a92c-4899-a9a8-4a58569fd4d2,19
238396aa-d91b-46ee-a7e9-301e9ac7bd7e,bf030048-0434-42f1-bbed-8b0c04014db4,128
238396aa-d91b-46ee-a7e9-301e9ac7bd7e,bf97025a-1c30-4042-bffe-948027f24e6c,4
238396aa-d91b-46ee-a7e9-301e9ac7bd7e,c01b88c4-5507-49c5-9ec3-f08af6e6eace,1
238396aa-d91b-46ee-a7e9-301e9ac7bd7e,c0d8ed4a-ec11-48e2-a468-6cd93327305b,1
238396aa-d91b-46ee-a7e9-301e9ac7bd7e,c128a46d-ebd9-4ee9-80cc-16bfe505e539,14
238396aa-d91b-46ee-a7e9-301e9ac7bd7e,c606904d-daef-44ff-bd30-cfdc1e6b5185,4
238396aa-d91b-46ee-a7e9-301e9ac7bd7e,c60c655f-40ba-47b0-8e93-a2c8d1ff4743,6
238396aa-d91b-46ee-a7e9-301e9ac7bd7e,c7822b58-103f-4612-87ef-648be97192c6,6
238396aa-d91b-46ee-a7e9-301e9ac7bd7e,caaae646-de85-453f-b6e0-9b9b4f710f03,5
238396aa-d91b-46ee-a7e9-301e9ac7bd7e,ce747c36-3ef4-49e3-b55e-1bc99db62413,2
238396aa-d91b-46ee-a7e9-301e9ac7bd7e,cefbf19c-653b-4af7-84a6-e17fba0e4a70,75
238396aa-d91b-46ee-a7e9-301e9ac7bd7e,cfb17042-9f10-4e44-99f4-358bad067455,4
238396aa-d91b-46ee-a7e9-301e9ac7bd7e,d07ef52c-cc10-4445-a3a1-dfe50371f110,3
238396aa-d91b-46ee-a7e9-301e9ac7bd7e,d3023879-e3c7-411b-bb8a-1a0be0ca6035,4
238396aa-d91b-46ee-a7e9-301e9ac7bd7e,d6c2b5eb-b21a-440a-b628-75492d313ffa,1
238396aa-d91b-46ee-a7e9-301e9ac7bd7e,d847851a-777b-43c6-83b3-392672659edc,30
238396aa-d91b-46ee-a7e9-301e9ac7bd7e,ddaff486-ef62-4200-aeb9-eeb4bedcc620,19
238396aa-d91b-46ee-a7e9-301e9ac7bd7e,e10065e1-776d-4bf3-8669-56788c453079,3
238396aa-d91b-46ee-a7e9-301e9ac7bd7e,e5c9b4ba-9064-4858-a052-bb3bbecfac4b,5
238396aa-d91b-46ee-a7e9-301e9ac7bd7e,e6cc253d-14cb-437b-be88-4966f5fcb1f5,11
238396aa-d91b-46ee-a7e9-301e9ac7bd7e,e7f0d8e8-4c52-4d0a-8b94-28729046f45b,127
238396aa-d91b-46ee-a7e9-301e9ac7bd7e,ec273841-069f-408b-b434-8524904ae314,5
238396aa-d91b-46ee-a7e9-301e9ac7bd7e,ee32e8d2-aa15-4603-901e-2cc3c72e9ead,22
238396aa-d91b-46ee-a7e9-301e9ac7bd7e,eef0e09f-c709-4de5-8b44-086876d5f631,3
238396aa-d91b-46ee-a7e9-301e9ac7bd7e,f29c0ba8-4d4a-4cca-bb1b-229f68b4ae6a,25
238396aa-d91b-46ee-a7e9-301e9ac7bd7e,f6e59e50-f22a-450c-8d4f-8a7072e50277,2
238396aa-d91b-46ee-a7e9-301e9ac7bd7e,fa4d473c-e553-439e-8f53-ca5f2b203dbd,4
238396aa-d91b-46ee-a7e9-301e9ac7bd7e,fd45195f-c35d-47c9-844e-a5893e10839e,6
238396aa-d91b-46ee-a7e9-301e9ac7bd7e,fdc445bd-f8fe-4cfc-b387-7fd66a181674,10
23fcb971-c02b-4a00-aa1f-6feed871c5d4,2e1211a4-9506-4dbe-ab15-1b881bb87074,1
23fcb971-c02b-4a00-aa1f-6feed871c5d4,4eacd971-8961-4956-b73b-7de0745de280,3
23fcb971-c02b-4a00-aa1f-6feed871c5d4,58e27c9a-59be-407b-8213-714cf1d3acc4,3
23fcb971-c02b-4a00-aa1f-6feed871c5d4,a4074721-5d4d-444a-bb98-1ddbc592a78a,7
23fcb971-c02b-4a00-aa1f-6feed871c5d4,ae91b7a3-544d-40c7-8373-815a0bd18cf0,1
23fcb971-c02b-4a00-aa1f-6feed871c5d4,c0648a21-11c6-4b4f-a4be-205d7dcbb746,2
23fcb971-c02b-4a00-aa1f-6feed871c5d4,c128a46d-ebd9-4ee9-80cc-16bfe505e539,7
23fcb971-c02b-4a00-aa1f-6feed871c5d4,cabae19e-836c-48c4-903e-7357789f9260,1
23fcb971-c02b-4a00-aa1f-6feed871c5d4,fdc445bd-f8fe-4cfc-b387-7fd66a181674,1
2538ca6a-8254-4c7e-af71-a20db82afd30,299782b9-b45f-4cd6-b1db-abee2be08d81,1
2538ca6a-8254-4c7e-af71-a20db82afd30,2e1211a4-9506-4dbe-ab15-1b881bb87074,1
2538ca6a-8254-4c7e-af71-a20db82afd30,388e72cf-63dd-4839-9ce7-5491b6bdcfd8,3
2538ca6a-8254-4c7e-af71-a20db82afd30,3e48d4c9-0d66-4b50-9f9c-969b5e314a42,4
2538ca6a-8254-4c7e-af71-a20db82afd30,44081df1-828e-4d79-bd27-261be38f66f1,3
2538ca6a-8254-4c7e-af71-a20db82afd30,4c3e51e6-9f1e-49cc-a919-f74a8c88343e,1
2538ca6a-8254-4c7e-af71-a20db82afd30,4d73ea92-7e5c-4964-bc40-d80f38860ae4,1
2538ca6a-8254-4c7e-af71-a20db82afd30,522d59a0-10ba-488f-a27a-a1dda7581900,1
2538ca6a-8254-4c7e-af71-a20db82afd30,551f9a19-738c-4298-afe1-5ca7959ab74b,6
2538ca6a-8254-4c7e-af71-a20db82afd30,71cbc21c-4e36-4df7-9f58-e15a1c1f162c,1
2538ca6a-8254-4c7e-af71-a20db82afd30,74b44968-d1f2-482a-a365-1fbb4cbda7f9,3
2538ca6a-8254-4c7e-af71-a20db82afd30,7dc8c80e-6b9a-47e5-b61f-d57bcb36158f,1
2538ca6a-8254-4c7e-af71-a20db82afd30,80d891ee-7f80-4d4f-b486-3b0d1a9fd67a,5
2538ca6a-8254-4c7e-af71-a20db82afd30,81d3a9a6-03c1-424b-873f-2df53af69e6c,8
2538ca6a-8254-4c7e-af71-a20db82afd30,83a1ccbf-fe6a-4f7a-a0d0-4cf90337ab90,3
2538ca6a-8254-4c7e-af71-a20db82afd30,84e7ec53-7bec-491e-bec7-19b6b1d359b1,1
2538ca6a-8254-4c7e-af71-a20db82afd30,88e0734b-8c03-4daa-8ec5-055e36c07030,1
2538ca6a-8254-4c7e-af71-a20db82afd30,8c5a8186-8f46-4bca-956d-06d4fa521635,1
2538ca6a-8254-4c7e-af71-a20db82afd30,8dfa0156-0834-4c00-87e8-c4e9919f781f,1
2538ca6a-8254-4c7e-af71-a20db82afd30,935fc903-0272-4f85-84e7-6c22aa9710f3,2
2538ca6a-8254-4c7e-af71-a20db82afd30,9b13c8c8-eba4-411e-b095-858e352d3178,4
2538ca6a-8254-4c7e-af71-a20db82afd30,9bf12da8-39ea-4505-9500-764bc440cfc9,1
2538ca6a-8254-4c7e-af71-a20db82afd30,9f3aadb0-0f76-49b8-9e54-126c97fc0ae8,1
2538ca6a-8254-4c7e-af71-a20db82afd30,aa0272f6-6e3c-41f7-b040-b774b30d2196,6
2538ca6a-8254-4c7e-af71-a20db82afd30,ae91b7a3-544d-40c7-8373-815a0bd18cf0,3
2538ca6a-8254-4c7e-af71-a20db82afd30,b3230578-426f-4b84-bfe2-6a8136c6a3af,3
2538ca6a-8254-4c7e-af71-a20db82afd30,b4fdf408-8296-4d14-9e95-b4b96dc20751,1
2538ca6a-8254-4c7e-af71-a20db82afd30,bd954447-a92c-4899-a9a8-4a58569fd4d2,10
2538ca6a-8254-4c7e-af71-a20db82afd30,c0d8ed4a-ec11-48e2-a468-6cd93327305b,1
2538ca6a-8254-4c7e-af71-a20db82afd30,c1c11045-81c6-43a3-96e4-4cc6d5f2fbb4,1
2538ca6a-8254-4c7e-af71-a20db82afd30,c606904d-daef-44ff-bd30-cfdc1e6b5185,4
2538ca6a-8254-4c7e-af71-a20db82afd30,c7822b58-103f-4612-87ef-648be97192c6,1
2538ca6a-8254-4c7e-af71-a20db82afd30,d1bb566e-a111-43b7-8856-273ebac1f753,2
2538ca6a-8254-4c7e-af71-a20db82afd30,d6c2b5eb-b21a-440a-b628-75492d313ffa,1
2538ca6a-8254-4c7e-af71-a20db82afd30,d89044ef-b7df-4a15-be10-d342fe381664,1
2538ca6a-8254-4c7e-af71-a20db82afd30,eef0e09f-c709-4de5-8b44-086876d5f631,8
2538ca6a-8254-4c7e-af71-a20db82afd30,fb291eb2-962a-482f-971a-0b62673f9a86,5
2690bccc-5463-459a-b1df-cb93e222b348,29124ef6-e1d5-4138-bf01-8433afde7269,4
2690bccc-5463-459a-b1df-cb93e222b348,299782b9-b45f-4cd6-b1db-abee2be08d81,3
2690bccc-5463-459a-b1df-cb93e222b348,2b533923-83a2-4ac6-b497-934a549b50ab,6
2690bccc-5463-459a-b1df-cb93e222b348,337a0873-453c-459f-99c7-2726975a71da,18
2690bccc-5463-459a-b1df-cb93e222b348,388e72cf-63dd-4839-9ce7-5491b6bdcfd8,16
2690bccc-5463-459a-b1df-cb93e222b348,3983584c-76b6-4a70-9040-dadc84949e88,3
2690bccc-5463-459a-b1df-cb93e222b348,3c3a7304-0f4d-4b1f-a953-a6515b8b7670,1
2690bccc-5463-459a-b1df-cb93e222b348,3e48d4c9-0d66-4b50-9f9c-969b5e314a42,17
2690bccc-5463-459a-b1df-cb93e222b348,44081df1-828e-4d79-bd27-261be38f66f1,6
2690bccc-5463-459a-b1df-cb93e222b348,446e3e45-8e03-4f8d-bb52-ea092634378f,1
2690bccc-5463-459a-b1df-cb93e222b348,49be3576-cea3-46c0-87eb-89beb108248d,5
2690bccc-5463-459a-b1df-cb93e222b348,4c3e51e6-9f1e-49cc-a919-f74a8c88343e,37
2690bccc-5463-459a-b1df-cb93e222b348,4d6bf62d-9d27-49b5-b00f-254d6ff6e4e1,6
2690bccc-5463-459a-b1df-cb93e222b348,4eacd971-8961-4956-b73b-7de0745de280,5
2690bccc-5463-459a-b1df-cb93e222b348,551f9a19-738c-4298-afe1-5ca7959ab74b,2
2690bccc-5463-459a-b1df-cb93e222b348,56a86879-60e4-4cdb-b5f1-b66d6d090798,4
2690bccc-5463-459a-b1df-cb93e222b348,58e27c9a-59be-407b-8213-714cf1d3acc4,7
2690bccc-5463-459a-b1df-cb93e222b348,5ab23e3a-aed4-4713-9214-53336765be9d,3
2690bccc-5463-459a-b1df-cb93e222b348,5d54939f-2da7-4ca6-b159-4ef344336b21,8
2690bccc-5463-459a-b1df-cb93e222b348,66b2be3d-10f8-46a4-90c6-b86005df0a50,1
2690bccc-5463-459a-b1df-cb93e222b348,68a869d7-3216-4208-9b57-e87405a11abb,5
2690bccc-5463-459a-b1df-cb93e222b348,6bfaf570-5b6f-41e1-baf2-b833f6203513,3
2690bccc-5463-459a-b1df-cb93e222b348,6ce9c9e8-daec-4ef0-b975-f372e100d3e6,2
2690bccc-5463-459a-b1df-cb93e222b348,6d33b9bc-7d3a-4a60-b2d7-c2b70cd11ab1,9
2690bccc-5463-459a-b1df-cb93e222b348,71cbc21c-4e36-4df7-9f58-e15a1c1f162c,8
2690bccc-5463-459a-b1df-cb93e222b348,74c13ffe-54e0-4cfd-a5fd-f21de61a0995,5
2690bccc-5463-459a-b1df-cb93e222b348,75a44c3a-5914-4c8e-9ca4-d987853f5844,32
2690bccc-5463-459a-b1df-cb93e222b348,7897cad0-5099-4630-9311-65cc01450063,17
2690bccc-5463-459a-b1df-cb93e222b348,7d18b6e3-de0c-4aea-bef8-242bbc38e936,2
2690bccc-5463-459a-b1df-cb93e222b348,819764fa-3a17-467b-8327-30899ed083b6,35
2690bccc-5463-459a-b1df-cb93e222b348,859e1824-cc60-4304-9293-dca932ebbed2,1
2690bccc-5463-459a-b1df-cb93e222b348,8711c928-b30d-4859-b091-74678ca63e5b,1
2690bccc-5463-459a-b1df-cb93e222b348,88bf9f29-aa91-4ddd-ad2d-b73dfe6706ef,1
2690bccc-5463-459a-b1df-cb93e222b348,89d70a20-bd10-46ed-866a-2c79362a0559,30
2690bccc-5463-459a-b1df-cb93e222b348,8ba16b4b-5dc1-441e-9229-8bb63c903ce1,12
2690bccc-5463-459a-b1df-cb93e222b348,8ee20f38-f3f0-4ff9-b5d9-84557b5ddcb1,5
2690bccc-5463-459a-b1df-cb93e222b348,935fc903-0272-4f85-84e7-6c22aa9710f3,1
2690bccc-5463-459a-b1df-cb93e222b348,97ffe642-648f-4dab-a0e8-0720e96e3e35,1
2690bccc-5463-459a-b1df-cb93e222b348,98aa8bde-85b0-49ed-9795-e2eeb206e3b8,14
2690bccc-5463-459a-b1df-cb93e222b348,99c6218e-8f0c-45d4-bd24-f300c6cfcb2f,11
2690bccc-5463-459a-b1df-cb93e222b348,9b13c8c8-eba4-411e-b095-858e352d3178,9
2690bccc-5463-459a-b1df-cb93e222b348,9bf12da8-39ea-4505-9500-764bc440cfc9,6
2690bccc-5463-459a-b1df-cb93e222b348,9ea41959-b952-4e42-92fb-bc616ac17241,3
2690bccc-5463-459a-b1df-cb93e222b348,9f0c39d6-4a57-4849-9215-aa1147c7e0f6,12
2690bccc-5463-459a-b1df-cb93e222b348,a1877608-2b03-4620-b854-d57de44cd52e,2
2690bccc-5463-459a-b1df-cb93e222b348,a4074721-5d4d-444a-bb98-1ddbc592a78a,3
2690bccc-5463-459a-b1df-cb93e222b348,a68468b6-51ea-440c-9387-b44ba10ad8b6,7
2690bccc-5463-459a-b1df-cb93e222b348,a8e4581d-5186-4367-95c5-0a754c60b276,10
2690bccc-5463-459a-b1df-cb93e222b348,a962ffcb-a300-45e1-8850-70c7173c233e,15
2690bccc-5463-459a-b1df-cb93e222b348,aa0272f6-6e3c-41f7-b040-b774b30d2196,1
2690bccc-5463-459a-b1df-cb93e222b348,ab15ce32-a527-4526-a5b2-0f2cdb92feeb,8
2690bccc-5463-459a-b1df-cb93e222b348,ab97f146-7308-4a7e-9197-2ef5ee467a95,10
2690bccc-5463-459a-b1df-cb93e222b348,ad8654f3-811a-4a63-ab7a-01bf76347caa,1
2690bccc-5463-459a-b1df-cb93e222b348,ae91b7a3-544d-40c7-8373-815a0bd18cf0,1
2690bccc-5463-459a-b1df-cb93e222b348,b29c0e00-7ac2-4c28-ab4f-8fceb156337b,15
2690bccc-5463-459a-b1df-cb93e222b348,b41b2403-9f06-4d55-adc5-b0777373ca7e,13
2690bccc-5463-459a-b1df-cb93e222b348,b50b3f0b-afc8-46e5-bfda-cb60e2935a5a,3
2690bccc-5463-459a-b1df-cb93e222b348,b8663b71-f92b-4d2b-a06b-f78dba168d98,9
2690bccc-5463-459a-b1df-cb93e222b348,b8d002bc-ea6c-4f57-b36e-38415b205e09,13
2690bccc-5463-459a-b1df-cb93e222b348,ba21eb65-8546-40e5-a425-0d228d0eaeac,59
2690bccc-5463-459a-b1df-cb93e222b348,bb6801d4-f671-4ade-aa86-29aa89373dd9,1
2690bccc-5463-459a-b1df-cb93e222b348,bd954447-a92c-4899-a9a8-4a58569fd4d2,7
2690bccc-5463-459a-b1df-cb93e222b348,bf030048-0434-42f1-bbed-8b0c04014db4,1
2690bccc-5463-459a-b1df-cb93e222b348,bf97025a-1c30-4042-bffe-948027f24e6c,2
2690bccc-5463-459a-b1df-cb93e222b348,c0d8ed4a-ec11-48e2-a468-6cd93327305b,34
2690bccc-5463-459a-b1df-cb93e222b348,c3b1dca8-2cb4-4025-9527-36163a098c1f,9
2690bccc-5463-459a-b1df-cb93e222b348,c4f7c468-721e-4953-97f2-bff05fe570c4,1
2690bccc-5463-459a-b1df-cb93e222b348,c6e26bd3-724f-45d3-93af-ef431e6fcd42,3
2690bccc-5463-459a-b1df-cb93e222b348,c7822b58-103f-4612-87ef-648be97192c6,22
2690bccc-5463-459a-b1df-cb93e222b348,c8935902-45d6-45d6-ac31-77bc0e143154,6
2690bccc-5463-459a-b1df-cb93e222b348,cabae19e-836c-48c4-903e-7357789f9260,19
2690bccc-5463-459a-b1df-cb93e222b348,cefbf19c-653b-4af7-84a6-e17fba0e4a70,8
2690bccc-5463-459a-b1df-cb93e222b348,cf4c4d24-798d-4bbe-bf06-23ca674f0d28,14
2690bccc-5463-459a-b1df-cb93e222b348,cfb17042-9f10-4e44-99f4-358bad067455,2
2690bccc-5463-459a-b1df-cb93e222b348,d07ef52c-cc10-4445-a3a1-dfe50371f110,2
2690bccc-5463-459a-b1df-cb93e222b348,d0d8dcbd-4818-4925-a684-13767c7dae0d,2
2690bccc-5463-459a-b1df-cb93e222b348,d1bb566e-a111-43b7-8856-273ebac1f753,1
2690bccc-5463-459a-b1df-cb93e222b348,d53f00ee-a955-434a-b636-f07d79859c49,3
2690bccc-5463-459a-b1df-cb93e222b348,d59d1492-57b6-482b-88b6-b2b77c45c33d,1
2690bccc-5463-459a-b1df-cb93e222b348,d847851a-777b-43c6-83b3-392672659edc,4
2690bccc-5463-459a-b1df-cb93e222b348,da9f33b0-80ca-49eb-a1ec-def3b46538d9,2
2690bccc-5463-459a-b1df-cb93e222b348,dc9f60e4-e1a4-487b-a002-40b3c77ba896,18
2690bccc-5463-459a-b1df-cb93e222b348,e6cc253d-14cb-437b-be88-4966f5fcb1f5,7
2690bccc-5463-459a-b1df-cb93e222b348,e70c3ee3-cca2-4521-abea-b124dcec0952,1
2690bccc-5463-459a-b1df-cb93e222b348,ee32e8d2-aa15-4603-901e-2cc3c72e9ead,13
2690bccc-5463-459a-b1df-cb93e222b348,f31cabe4-e1f4-46db-88a9-b46ba44dded4,12
2690bccc-5463-459a-b1df-cb93e222b348,fa4d473c-e553-439e-8f53-ca5f2b203dbd,6
26f7a84e-45c7-4a94-94a2-f00a20c201aa,3983584c-76b6-4a70-9040-dadc84949e88,2
26f7a84e-45c7-4a94-94a2-f00a20c201aa,44081df1-828e-4d79-bd27-261be38f66f1,1
26f7a84e-45c7-4a94-94a2-f00a20c201aa,6bfaf570-5b6f-41e1-baf2-b833f6203513,1
26f7a84e-45c7-4a94-94a2-f00a20c201aa,71cbc21c-4e36-4df7-9f58-e15a1c1f162c,3
26f7a84e-45c7-4a94-94a2-f00a20c201aa,722997ad-c4fa-4012-9ea5-f1314978764b,1
26f7a84e-45c7-4a94-94a2-f00a20c201aa,762e0f40-f100-4896-85a2-b1d8818fae41,1
26f7a84e-45c7-4a94-94a2-f00a20c201aa,88e0734b-8c03-4daa-8ec5-055e36c07030,11
26f7a84e-45c7-4a94-94a2-f00a20c201aa,8ba16b4b-5dc1-441e-9229-8bb63c903ce1,1
26f7a84e-45c7-4a94-94a2-f00a20c201aa,a1877608-2b03-4620-b854-d57de44cd52e,1
26f7a84e-45c7-4a94-94a2-f00a20c201aa,dae67415-1ed1-4464-a59e-75170eb1925d,1
26f7a84e-45c7-4a94-94a2-f00a20c201aa,fd544ce8-6d2a-4d79-81e0-c240fcf1776e,5
26fafe12-cb5a-4eee-bca0-dc78cb688be3,29124ef6-e1d5-4138-bf01-8433afde7269,1
26fafe12-cb5a-4eee-bca0-dc78cb688be3,2b533923-83a2-4ac6-b497-934a549b50ab,3
26fafe12-cb5a-4eee-bca0-dc78cb688be3,8dfa0156-0834-4c00-87e8-c4e9919f781f,6
26fafe12-cb5a-4eee-bca0-dc78cb688be3,9b13c8c8-eba4-411e-b095-858e352d3178,2
26fafe12-cb5a-4eee-bca0-dc78cb688be3,a3986ffd-c057-46cc-afd5-54846c9955ef,3
26fafe12-cb5a-4eee-bca0-dc78cb688be3,ab97f146-7308-4a7e-9197-2ef5ee467a95,1
26fafe12-cb5a-4eee-bca0-dc78cb688be3,af31a147-9feb-4f6e-8e8a-aeced0fcc56f,3
26fafe12-cb5a-4eee-bca0-dc78cb688be3,bf030048-0434-42f1-bbed-8b0c04014db4,2
26fafe12-cb5a-4eee-bca0-dc78cb688be3,c606904d-daef-44ff-bd30-cfdc1e6b5185,2
26fafe12-cb5a-4eee-bca0-dc78cb688be3,c60c655f-40ba-47b0-8e93-a2c8d1ff4743,1
26fafe12-cb5a-4eee-bca0-dc78cb688be3,ce747c36-3ef4-49e3-b55e-1bc99db62413,6
26fafe12-cb5a-4eee-bca0-dc78cb688be3,cefbf19c-653b-4af7-84a6-e17fba0e4a70,1
26fafe12-cb5a-4eee-bca0-dc78cb688be3,d653bf17-e60f-4512-9258-a68ec026e381,3
26fafe12-cb5a-4eee-bca0-dc78cb688be3,d6c2b5eb-b21a-440a-b628-75492d313ffa,3
29124ef6-e1d5-4138-bf01-8433afde7269,299782b9-b45f-4cd6-b1db-abee2be08d81,7
29124ef6-e1d5-4138-bf01-8433afde7269,2b533923-83a2-4ac6-b497-934a549b50ab,23
29124ef6-e1d5-4138-bf01-8433afde7269,2e1211a4-9506-4dbe-ab15-1b881bb87074,3
29124ef6-e1d5-4138-bf01-8433afde7269,356e5fc9-831f-4d9c-be2f-fd35a99e865b,3
29124ef6-e1d5-4138-bf01-8433afde7269,36ff4d40-ec26-4ba3-9370-3ec3b73c42ff,23
29124ef6-e1d5-4138-bf01-8433afde7269,39023322-8e6c-4cb4-b42d-c5bf80377dd6,1
29124ef6-e1d5-4138-bf01-8433afde7269,397c857a-fda0-414d-8fdc-8288cd3284aa,2
29124ef6-e1d5-4138-bf01-8433afde7269,3e48d4c9-0d66-4b50-9f9c-969b5e314a42,10
29124ef6-e1d5-4138-bf01-8433afde7269,44d2b41e-0e28-46c4-972b-daf49b4d9824,1
29124ef6-e1d5-4138-bf01-8433afde7269,49e7fc50-90f5-4476-9275-c31f88864082,3
29124ef6-e1d5-4138-bf01-8433afde7269,4bfc5a46-654d-445f-9b71-fc3e06d40ae4,1
29124ef6-e1d5-4138-bf01-8433afde7269,4c3e51e6-9f1e-49cc-a919-f74a8c88343e,1
29124ef6-e1d5-4138-bf01-8433afde7269,4eacd971-8961-4956-b73b-7de0745de280,8
29124ef6-e1d5-4138-bf01-8433afde7269,551f9a19-738c-4298-afe1-5ca7959ab74b,17
29124ef6-e1d5-4138-bf01-8433afde7269,557f8bd5-9f66-4bed-9b5f-86746bb0600a,1
29124ef6-e1d5-4138-bf01-8433afde7269,56a86879-60e4-4cdb-b5f1-b66d6d090798,13
29124ef6-e1d5-4138-bf01-8433afde7269,56cbb44d-9390-480d-b686-56da6c2d6d35,21
29124ef6-e1d5-4138-bf01-8433afde7269,58e27c9a-59be-407b-8213-714cf1d3acc4,4
29124ef6-e1d5-4138-bf01-8433afde7269,5ab23e3a-aed4-4713-9214-53336765be9d,20
29124ef6-e1d5-4138-bf01-8433afde7269,5d54939f-2da7-4ca6-b159-4ef344336b21,4
29124ef6-e1d5-4138-bf01-8433afde7269,5dfe97b2-fffb-4586-a999-1cbcfde80674,2
29124ef6-e1d5-4138-bf01-8433afde7269,64522cbc-a297-4c67-a204-1e31deb91f68,1
29124ef6-e1d5-4138-bf01-8433afde7269,66b2be3d-10f8-46a4-90c6-b86005df0a50,3
29124ef6-e1d5-4138-bf01-8433afde7269,6ce9c9e8-daec-4ef0-b975-f372e100d3e6,1
29124ef6-e1d5-4138-bf01-8433afde7269,71cbc21c-4e36-4df7-9f58-e15a1c1f162c,6
29124ef6-e1d5-4138-bf01-8433afde7269,7564c685-2691-4796-9159-ebd5df4fdc8d,5
29124ef6-e1d5-4138-bf01-8433afde7269,75a44c3a-5914-4c8e-9ca4-d987853f5844,1
29124ef6-e1d5-4138-bf01-8433afde7269,77d2c6f1-3af4-4256-b52f-23fcb7bb8be2,1
29124ef6-e1d5-4138-bf01-8433afde7269,7cbb2d95-46b2-4fcb-b129-9505f56e7f07,26
29124ef6-e1d5-4138-bf01-8433afde7269,7d18b6e3-de0c-4aea-bef8-242bbc38e936,13
29124ef6-e1d5-4138-bf01-8433afde7269,8129f279-1ddd-45e3-8de4-e9ceb5a68d34,2
29124ef6-e1d5-4138-bf01-8433afde7269,81552958-ef83-4fab-8a92-6e5b1975c9ef,1
29124ef6-e1d5-4138-bf01-8433afde7269,859e1824-cc60-4304-9293-dca932ebbed2,11
29124ef6-e1d5-4138-bf01-8433afde7269,8711c928-b30d-4859-b091-74678ca63e5b,2
29124ef6-e1d5-4138-bf01-8433afde7269,88bf9f29-aa91-4ddd-ad2d-b73dfe6706ef,1
29124ef6-e1d5-4138-bf01-8433afde7269,8ba16b4b-5dc1-441e-9229-8bb63c903ce1,3
29124ef6-e1d5-4138-bf01-8433afde7269,8dfa0156-0834-4c00-87e8-c4e9919f781f,6
29124ef6-e1d5-4138-bf01-8433afde7269,8ee20f38-f3f0-4ff9-b5d9-84557b5ddcb1,2
29124ef6-e1d5-4138-bf01-8433afde7269,980a8ae3-b1c7-4912-ab9e-be3e6fd20d36,2
29124ef6-e1d5-4138-bf01-8433afde7269,98aa8bde-85b0-49ed-9795-e2eeb206e3b8,26
29124ef6-e1d5-4138-bf01-8433afde7269,99c6218e-8f0c-45d4-bd24-f300c6cfcb2f,7
29124ef6-e1d5-4138-bf01-8433afde7269,9b13c8c8-eba4-411e-b095-858e352d3178,4
29124ef6-e1d5-4138-bf01-8433afde7269,9bf12da8-39ea-4505-9500-764bc440cfc9,2
29124ef6-e1d5-4138-bf01-8433afde7269,9d2229a5-c46a-485a-9b82-315e270c3e9a,4
29124ef6-e1d5-4138-bf01-8433afde7269,9e79de98-e914-4dc8-8dc7-6d7cb09b93d7,7
29124ef6-e1d5-4138-bf01-8433afde7269,9f855643-68a2-409e-b4fe-81b92547212a,3
29124ef6-e1d5-4138-bf01-8433afde7269,a3986ffd-c057-46cc-afd5-54846c9955ef,2
29124ef6-e1d5-4138-bf01-8433afde7269,a4074721-5d4d-444a-bb98-1ddbc592a78a,5
29124ef6-e1d5-4138-bf01-8433afde7269,a437e923-725f-415e-a01d-5588a7af933e,18
29124ef6-e1d5-4138-bf01-8433afde7269,a68468b6-51ea-440c-9387-b44ba10ad8b6,8
29124ef6-e1d5-4138-bf01-8433afde7269,a8e4581d-5186-4367-95c5-0a754c60b276,6
29124ef6-e1d5-4138-bf01-8433afde7269,a901d2d2-35f6-4341-bbfb-38e5d9b21d07,27
29124ef6-e1d5-4138-bf01-8433afde7269,a962ffcb-a300-45e1-8850-70c7173c233e,1
29124ef6-e1d5-4138-bf01-8433afde7269,ab15ce32-a527-4526-a5b2-0f2cdb92feeb,6
29124ef6-e1d5-4138-bf01-8433afde7269,ab97f146-7308-4a7e-9197-2ef5ee467a95,3
29124ef6-e1d5-4138-bf01-8433afde7269,ad8654f3-811a-4a63-ab7a-01bf76347caa,10
29124ef6-e1d5-4138-bf01-8433afde7269,b1e4718d-bf16-4b46-91fd-946b42bed3af,4
29124ef6-e1d5-4138-bf01-8433afde7269,b41b2403-9f06-4d55-adc5-b0777373ca7e,7
29124ef6-e1d5-4138-bf01-8433afde7269,b9cfefa1-1e5e-4fd7-a9d5-458e4c3a20db,1
29124ef6-e1d5-4138-bf01-8433afde7269,ba21eb65-8546-40e5-a425-0d228d0eaeac,1
29124ef6-e1d5-4138-bf01-8433afde7269,bd954447-a92c-4899-a9a8-4a58569fd4d2,1
29124ef6-e1d5-4138-bf01-8433afde7269,bf030048-0434-42f1-bbed-8b0c04014db4,3
29124ef6-e1d5-4138-bf01-8433afde7269,bf97025a-1c30-4042-bffe-948027f24e6c,2
29124ef6-e1d5-4138-bf01-8433afde7269,c0648a21-11c6-4b4f-a4be-205d7dcbb746,3
29124ef6-e1d5-4138-bf01-8433afde7269,c128a46d-ebd9-4ee9-80cc-16bfe505e539,19
29124ef6-e1d5-4138-bf01-8433afde7269,c1c11045-81c6-43a3-96e4-4cc6d5f2fbb4,1
29124ef6-e1d5-4138-bf01-8433afde7269,c4f7c468-721e-4953-97f2-bff05fe570c4,4
29124ef6-e1d5-4138-bf01-8433afde7269,c60c655f-40ba-47b0-8e93-a2c8d1ff4743,2
29124ef6-e1d5-4138-bf01-8433afde7269,c6b2bdaf-8c1f-4b88-a8cb-167941b98bfb,1
29124ef6-e1d5-4138-bf01-8433afde7269,c7822b58-103f-4612-87ef-648be97192c6,5
29124ef6-e1d5-4138-bf01-8433afde7269,c955972d-2702-4d28-8461-262072218f3f,2
29124ef6-e1d5-4138-bf01-8433afde7269,cabae19e-836c-48c4-903e-7357789f9260,3
29124ef6-e1d5-4138-bf01-8433afde7269,ccea26dd-dcae-4174-8945-ec5cb568e951,14
29124ef6-e1d5-4138-bf01-8433afde7269,ce747c36-3ef4-49e3-b55e-1bc99db62413,3
29124ef6-e1d5-4138-bf01-8433afde7269,cefbf19c-653b-4af7-84a6-e17fba0e4a70,4
29124ef6-e1d5-4138-bf01-8433afde7269,cfb17042-9f10-4e44-99f4-358bad067455,1
29124ef6-e1d5-4138-bf01-8433afde7269,d34e1efc-fbba-4ad8-823a-61bc3f25d580,1
29124ef6-e1d5-4138-bf01-8433afde7269,d53f00ee-a955-434a-b636-f07d79859c49,2
29124ef6-e1d5-4138-bf01-8433afde7269,d59d1492-57b6-482b-88b6-b2b77c45c33d,1
29124ef6-e1d5-4138-bf01-8433afde7269,d6c2b5eb-b21a-440a-b628-75492d313ffa,1
29124ef6-e1d5-4138-bf01-8433afde7269,d847851a-777b-43c6-83b3-392672659edc,2
29124ef6-e1d5-4138-bf01-8433afde7269,da9f33b0-80ca-49eb-a1ec-def3b46538d9,1
29124ef6-e1d5-4138-bf01-8433afde7269,e10065e1-776d-4bf3-8669-56788c453079,1
29124ef6-e1d5-4138-bf01-8433afde7269,e6cc253d-14cb-437b-be88-4966f5fcb1f5,9
29124ef6-e1d5-4138-bf01-8433afde7269,e7f0d8e8-4c52-4d0a-8b94-28729046f45b,28
29124ef6-e1d5-4138-bf01-8433afde7269,e85125f3-b7cf-426c-9355-412838893f55,1
29124ef6-e1d5-4138-bf01-8433afde7269,ee32e8d2-aa15-4603-901e-2cc3c72e9ead,2
29124ef6-e1d5-4138-bf01-8433afde7269,f0ff5ae5-e0e8-4a26-af3a-93c8b5947dc4,3
29124ef6-e1d5-4138-bf01-8433afde7269,f29c0ba8-4d4a-4cca-bb1b-229f68b4ae6a,1
29124ef6-e1d5-4138-bf01-8433afde7269,f6e59e50-f22a-450c-8d4f-8a7072e50277,3
29124ef6-e1d5-4138-bf01-8433afde7269,fd45195f-c35d-47c9-844e-a5893e10839e,17
299782b9-b45f-4cd6-b1db-abee2be08d81,2b533923-83a2-4ac6-b497-934a549b50ab,13
299782b9-b45f-4cd6-b1db-abee2be08d81,2b537cd5-1203-4c08-8118-b295796deb07,15
299782b9-b45f-4cd6-b1db-abee2be08d81,2d120900-fed8-43ae-a234-2bc4af510867,4
299782b9-b45f-4cd6-b1db-abee2be08d81,2e1211a4-9506-4dbe-ab15-1b881bb87074,16
299782b9-b45f-4cd6-b1db-abee2be08d81,337a0873-453c-459f-99c7-2726975a71da,2
299782b9-b45f-4cd6-b1db-abee2be08d81,35d9ddbe-1687-4f95-8821-d5b82c2cf205,1
299782b9-b45f-4cd6-b1db-abee2be08d81,36ff4d40-ec26-4ba3-9370-3ec3b73c42ff,19
299782b9-b45f-4cd6-b1db-abee2be08d81,39023322-8e6c-4cb4-b42d-c5bf80377dd6,33
299782b9-b45f-4cd6-b1db-abee2be08d81,3983584c-76b6-4a70-9040-dadc84949e88,2
299782b9-b45f-4cd6-b1db-abee2be08d81,3b8c5482-7bdb-414b-97c7-ca34fb10da6f,9
299782b9-b45f-4cd6-b1db-abee2be08d81,3c3a7304-0f4d-4b1f-a953-a6515b8b7670,15
299782b9-b45f-4cd6-b1db-abee2be08d81,3dbbf804-bad5-44f2-b8c7-091baf63758d,3
299782b9-b45f-4cd6-b1db-abee2be08d81,3dd45c3b-636a-4f17-b11c-72e3cfc56330,20
299782b9-b45f-4cd6-b1db-abee2be08d81,412ecb41-f20c-477d-b8e7-d7b548a10a44,5
299782b9-b45f-4cd6-b1db-abee2be08d81,43fd0a28-6a9c-4427-a55c-211fbae70091,6
299782b9-b45f-4cd6-b1db-abee2be08d81,44081df1-828e-4d79-bd27-261be38f66f1,23
299782b9-b45f-4cd6-b1db-abee2be08d81,446e3e45-8e03-4f8d-bb52-ea092634378f,4
299782b9-b45f-4cd6-b1db-abee2be08d81,44d2b41e-0e28-46c4-972b-daf49b4d9824,3
299782b9-b45f-4cd6-b1db-abee2be08d81,49be3576-cea3-46c0-87eb-89beb108248d,27
299782b9-b45f-4cd6-b1db-abee2be08d81,49f5b5f1-da8f-40a0-b78e-0616e2f30f78,1
299782b9-b45f-4cd6-b1db-abee2be08d81,4a92f48a-0387-47c7-800e-cf59692e6411,1
299782b9-b45f-4cd6-b1db-abee2be08d81,4aa76e80-51db-4c6f-b97c-e7926b39a66c,43
299782b9-b45f-4cd6-b1db-abee2be08d81,4bfc5a46-654d-445f-9b71-fc3e06d40ae4,2
299782b9-b45f-4cd6-b1db-abee2be08d81,4c3e51e6-9f1e-49cc-a919-f74a8c88343e,26
299782b9-b45f-4cd6-b1db-abee2be08d81,4d13ea1d-c9b6-4313-8ba0-fd040d8a319e,1
299782b9-b45f-4cd6-b1db-abee2be08d81,4d73ea92-7e5c-4964-bc40-d80f38860ae4,1
299782b9-b45f-4cd6-b1db-abee2be08d81,4eacd971-8961-4956-b73b-7de0745de280,7
299782b9-b45f-4cd6-b1db-abee2be08d81,522d59a0-10ba-488f-a27a-a1dda7581900,3
299782b9-b45f-4cd6-b1db-abee2be08d81,54cbf78c-ae5e-49b7-8fcc-41d0fb7b5855,3
299782b9-b45f-4cd6-b1db-abee2be08d81,551f9a19-738c-4298-afe1-5ca7959ab74b,13
299782b9-b45f-4cd6-b1db-abee2be08d81,56a86879-60e4-4cdb-b5f1-b66d6d090798,3
299782b9-b45f-4cd6-b1db-abee2be08d81,56cbb44d-9390-480d-b686-56da6c2d6d35,4
299782b9-b45f-4cd6-b1db-abee2be08d81,58e27c9a-59be-407b-8213-714cf1d3acc4,6
299782b9-b45f-4cd6-b1db-abee2be08d81,5ab23e3a-aed4-4713-9214-53336765be9d,81
299782b9-b45f-4cd6-b1db-abee2be08d81,5d54939f-2da7-4ca6-b159-4ef344336b21,14
299782b9-b45f-4cd6-b1db-abee2be08d81,5dfe97b2-fffb-4586-a999-1cbcfde80674,1
299782b9-b45f-4cd6-b1db-abee2be08d81,64522cbc-a297-4c67-a204-1e31deb91f68,5
299782b9-b45f-4cd6-b1db-abee2be08d81,6bfaf570-5b6f-41e1-baf2-b833f6203513,5
299782b9-b45f-4cd6-b1db-abee2be08d81,6ce9c9e8-daec-4ef0-b975-f372e100d3e6,4
299782b9-b45f-4cd6-b1db-abee2be08d81,6d33b9bc-7d3a-4a60-b2d7-c2b70cd11ab1,85
299782b9-b45f-4cd6-b1db-abee2be08d81,71cbc21c-4e36-4df7-9f58-e15a1c1f162c,23
299782b9-b45f-4cd6-b1db-abee2be08d81,7265b8e8-62d4-4ba2-8117-8f758fbf606e,2
299782b9-b45f-4cd6-b1db-abee2be08d81,74b44968-d1f2-482a-a365-1fbb4cbda7f9,8
299782b9-b45f-4cd6-b1db-abee2be08d81,75a44c3a-5914-4c8e-9ca4-d987853f5844,4
299782b9-b45f-4cd6-b1db-abee2be08d81,75c8786e-c5c2-4d12-95ff-4b804234f062,3
299782b9-b45f-4cd6-b1db-abee2be08d81,7c43c8c2-1958-496c-8060-b0f3bf652992,3
299782b9-b45f-4cd6-b1db-abee2be08d81,7d18b6e3-de0c-4aea-bef8-242bbc38e936,4
299782b9-b45f-4cd6-b1db-abee2be08d81,808636f6-10d2-4ed6-a5fe-f98ab3fcbbee,7
299782b9-b45f-4cd6-b1db-abee2be08d81,80d891ee-7f80-4d4f-b486-3b0d1a9fd67a,2
299782b9-b45f-4cd6-b1db-abee2be08d81,8133067c-1a90-482b-9ee4-e585a096ffb5,2
299782b9-b45f-4cd6-b1db-abee2be08d81,81552958-ef83-4fab-8a92-6e5b1975c9ef,1
299782b9-b45f-4cd6-b1db-abee2be08d81,819764fa-3a17-467b-8327-30899ed083b6,5
299782b9-b45f-4cd6-b1db-abee2be08d81,81d3a9a6-03c1-424b-873f-2df53af69e6c,3
299782b9-b45f-4cd6-b1db-abee2be08d81,84e7ec53-7bec-491e-bec7-19b6b1d359b1,1
299782b9-b45f-4cd6-b1db-abee2be08d81,8711c928-b30d-4859-b091-74678ca63e5b,13
299782b9-b45f-4cd6-b1db-abee2be08d81,872e3c31-98a5-40cb-b7dc-9c821f3b1bca,1
299782b9-b45f-4cd6-b1db-abee2be08d81,88e0734b-8c03-4daa-8ec5-055e36c07030,4
299782b9-b45f-4cd6-b1db-abee2be08d81,89d70a20-bd10-46ed-866a-2c79362a0559,2
299782b9-b45f-4cd6-b1db-abee2be08d81,8ba16b4b-5dc1-441e-9229-8bb63c903ce1,6
299782b9-b45f-4cd6-b1db-abee2be08d81,8c5a8186-8f46-4bca-956d-06d4fa521635,11
299782b9-b45f-4cd6-b1db-abee2be08d81,8dcd68d9-3f9b-4c92-b3e6-9f6c48a3bdfe,1
299782b9-b45f-4cd6-b1db-abee2be08d81,8dfa0156-0834-4c00-87e8-c4e9919f781f,1
299782b9-b45f-4cd6-b1db-abee2be08d81,8f6a5115-367e-4dc2-88c5-1eae50593652,2
299782b9-b45f-4cd6-b1db-abee2be08d81,935fc903-0272-4f85-84e7-6c22aa9710f3,8
299782b9-b45f-4cd6-b1db-abee2be08d81,9522ae6b-a187-4f51-9df7-1b0feb767d6e,1
299782b9-b45f-4cd6-b1db-abee2be08d81,95b979e4-888d-402d-8167-4f817cea413b,8
299782b9-b45f-4cd6-b1db-abee2be08d81,98aa8bde-85b0-49ed-9795-e2eeb206e3b8,9
299782b9-b45f-4cd6-b1db-abee2be08d81,99c6218e-8f0c-45d4-bd24-f300c6cfcb2f,4
299782b9-b45f-4cd6-b1db-abee2be08d81,9ab41898-332f-4c08-a834-d58b4669c990,6
299782b9-b45f-4cd6-b1db-abee2be08d81,9b13c8c8-eba4-411e-b095-858e352d3178,17
299782b9-b45f-4cd6-b1db-abee2be08d81,9bf12da8-39ea-4505-9500-764bc440cfc9,84
299782b9-b45f-4cd6-b1db-abee2be08d81,9d2229a5-c46a-485a-9b82-315e270c3e9a,4
299782b9-b45f-4cd6-b1db-abee2be08d81,9ea41959-b952-4e42-92fb-bc616ac17241,2
299782b9-b45f-4cd6-b1db-abee2be08d81,9f3aadb0-0f76-49b8-9e54-126c97fc0ae8,3
299782b9-b45f-4cd6-b1db-abee2be08d81,a04d4b85-56f0-448f-b5e8-28b5340af204,2
299782b9-b45f-4cd6-b1db-abee2be08d81,a4074721-5d4d-444a-bb98-1ddbc592a78a,8
299782b9-b45f-4cd6-b1db-abee2be08d81,a8e4581d-5186-4367-95c5-0a754c60b276,23
299782b9-b45f-4cd6-b1db-abee2be08d81,a900b4e7-92d9-4903-ab21-3189f17fe2e0,2
299782b9-b45f-4cd6-b1db-abee2be08d81,a901d2d2-35f6-4341-bbfb-38e5d9b21d07,7
299782b9-b45f-4cd6-b1db-abee2be08d81,a962ffcb-a300-45e1-8850-70c7173c233e,1
299782b9-b45f-4cd6-b1db-abee2be08d81,aa0272f6-6e3c-41f7-b040-b774b30d2196,15
299782b9-b45f-4cd6-b1db-abee2be08d81,aa316142-d6ee-4138-bf48-37cd7d11d058,7
299782b9-b45f-4cd6-b1db-abee2be08d81,aa612b6e-b61d-43a8-8775-c83839a9f6ef,8
299782b9-b45f-4cd6-b1db-abee2be08d81,ab15ce32-a527-4526-a5b2-0f2cdb92feeb,58
299782b9-b45f-4cd6-b1db-abee2be08d81,ab97f146-7308-4a7e-9197-2ef5ee467a95,13
299782b9-b45f-4cd6-b1db-abee2be08d81,ac61813c-2d49-4318-b5d0-32e3559b8db4,1
299782b9-b45f-4cd6-b1db-abee2be08d81,ad44b24f-bb14-4f4a-a476-3cbbb3e9cdb0,1
299782b9-b45f-4cd6-b1db-abee2be08d81,ae91b7a3-544d-40c7-8373-815a0bd18cf0,14
299782b9-b45f-4cd6-b1db-abee2be08d81,b29c0e00-7ac2-4c28-ab4f-8fceb156337b,25
299782b9-b45f-4cd6-b1db-abee2be08d81,b3230578-426f-4b84-bfe2-6a8136c6a3af,3
299782b9-b45f-4cd6-b1db-abee2be08d81,b4e1d8cf-e8cf-4b66-9ded-97fc8176fa4a,18
299782b9-b45f-4cd6-b1db-abee2be08d81,b4fdf408-8296-4d14-9e95-b4b96dc20751,11
299782b9-b45f-4cd6-b1db-abee2be08d81,b7a52679-bac9-4e00-9dfd-06a22a7cf088,3
299782b9-b45f-4cd6-b1db-abee2be08d81,b8d002bc-ea6c-4f57-b36e-38415b205e09,1
299782b9-b45f-4cd6-b1db-abee2be08d81,b9cfefa1-1e5e-4fd7-a9d5-458e4c3a20db,3
299782b9-b45f-4cd6-b1db-abee2be08d81,ba21eb65-8546-40e5-a425-0d228d0eaeac,5
299782b9-b45f-4cd6-b1db-abee2be08d81,bb3a9cf3-6f64-4092-85a1-4318244ee603,69
299782b9-b45f-4cd6-b1db-abee2be08d81,bd954447-a92c-4899-a9a8-4a58569fd4d2,11
299782b9-b45f-4cd6-b1db-abee2be08d81,bf030048-0434-42f1-bbed-8b0c04014db4,13
299782b9-b45f-4cd6-b1db-abee2be08d81,bf97025a-1c30-4042-bffe-948027f24e6c,6
299782b9-b45f-4cd6-b1db-abee2be08d81,c0648a21-11c6-4b4f-a4be-205d7dcbb746,3
299782b9-b45f-4cd6-b1db-abee2be08d81,c0d8ed4a-ec11-48e2-a468-6cd93327305b,2
299782b9-b45f-4cd6-b1db-abee2be08d81,c128a46d-ebd9-4ee9-80cc-16bfe505e539,4
299782b9-b45f-4cd6-b1db-abee2be08d81,c1c11045-81c6-43a3-96e4-4cc6d5f2fbb4,2
299782b9-b45f-4cd6-b1db-abee2be08d81,c3b1dca8-2cb4-4025-9527-36163a098c1f,4
299782b9-b45f-4cd6-b1db-abee2be08d81,c606904d-daef-44ff-bd30-cfdc1e6b5185,4
299782b9-b45f-4cd6-b1db-abee2be08d81,c60c655f-40ba-47b0-8e93-a2c8d1ff4743,1
299782b9-b45f-4cd6-b1db-abee2be08d81,c6b2bdaf-8c1f-4b88-a8cb-167941b98bfb,9
299782b9-b45f-4cd6-b1db-abee2be08d81,c7822b58-103f-4612-87ef-648be97192c6,3
299782b9-b45f-4cd6-b1db-abee2be08d81,caaae646-de85-453f-b6e0-9b9b4f710f03,1
299782b9-b45f-4cd6-b1db-abee2be08d81,cabae19e-836c-48c4-903e-7357789f9260,3
299782b9-b45f-4cd6-b1db-abee2be08d81,cefbf19c-653b-4af7-84a6-e17fba0e4a70,14
299782b9-b45f-4cd6-b1db-abee2be08d81,cf4c4d24-798d-4bbe-bf06-23ca674f0d28,26
299782b9-b45f-4cd6-b1db-abee2be08d81,cfb17042-9f10-4e44-99f4-358bad067455,2
299782b9-b45f-4cd6-b1db-abee2be08d81,d07ef52c-cc10-4445-a3a1-dfe50371f110,9
299782b9-b45f-4cd6-b1db-abee2be08d81,d1bb566e-a111-43b7-8856-273ebac1f753,13
299782b9-b45f-4cd6-b1db-abee2be08d81,d53f00ee-a955-434a-b636-f07d79859c49,2
299782b9-b45f-4cd6-b1db-abee2be08d81,d6c2b5eb-b21a-440a-b628-75492d313ffa,3
299782b9-b45f-4cd6-b1db-abee2be08d81,d847851a-777b-43c6-83b3-392672659edc,13
299782b9-b45f-4cd6-b1db-abee2be08d81,dae67415-1ed1-4464-a59e-75170eb1925d,2
299782b9-b45f-4cd6-b1db-abee2be08d81,ddaff486-ef62-4200-aeb9-eeb4bedcc620,11
299782b9-b45f-4cd6-b1db-abee2be08d81,e10065e1-776d-4bf3-8669-56788c453079,5
299782b9-b45f-4cd6-b1db-abee2be08d81,e5c9b4ba-9064-4858-a052-bb3bbecfac4b,15
299782b9-b45f-4cd6-b1db-abee2be08d81,e6cc253d-14cb-437b-be88-4966f5fcb1f5,11
299782b9-b45f-4cd6-b1db-abee2be08d81,e7f0d8e8-4c52-4d0a-8b94-28729046f45b,24
299782b9-b45f-4cd6-b1db-abee2be08d81,ec273841-069f-408b-b434-8524904ae314,10
299782b9-b45f-4cd6-b1db-abee2be08d81,ec571f94-11b8-47d7-bb47-fd0d2d7c7f07,1
299782b9-b45f-4cd6-b1db-abee2be08d81,ee32e8d2-aa15-4603-901e-2cc3c72e9ead,4
299782b9-b45f-4cd6-b1db-abee2be08d81,eef0e09f-c709-4de5-8b44-086876d5f631,4
299782b9-b45f-4cd6-b1db-abee2be08d81,f29c0ba8-4d4a-4cca-bb1b-229f68b4ae6a,8
299782b9-b45f-4cd6-b1db-abee2be08d81,fa4d473c-e553-439e-8f53-ca5f2b203dbd,15
299782b9-b45f-4cd6-b1db-abee2be08d81,fd45195f-c35d-47c9-844e-a5893e10839e,5
299782b9-b45f-4cd6-b1db-abee2be08d81,fdc445bd-f8fe-4cfc-b387-7fd66a181674,17
2aeb5ca9-f64f-4ec6-a0ce-83223bff4772,2b533923-83a2-4ac6-b497-934a549b50ab,4
2aeb5ca9-f64f-4ec6-a0ce-83223bff4772,3e48d4c9-0d66-4b50-9f9c-969b5e314a42,1
2aeb5ca9-f64f-4ec6-a0ce-83223bff4772,425ddb12-0b71-44b6-9875-70b075dc99f7,4
2aeb5ca9-f64f-4ec6-a0ce-83223bff4772,44081df1-828e-4d79-bd27-261be38f66f1,2
2aeb5ca9-f64f-4ec6-a0ce-83223bff4772,5d54939f-2da7-4ca6-b159-4ef344336b21,21
2aeb5ca9-f64f-4ec6-a0ce-83223bff4772,666f31ca-041f-466d-9e78-804317921d69,1
2aeb5ca9-f64f-4ec6-a0ce-83223bff4772,66b2be3d-10f8-46a4-90c6-b86005df0a50,2
2aeb5ca9-f64f-4ec6-a0ce-83223bff4772,7564c685-2691-4796-9159-ebd5df4fdc8d,24
2aeb5ca9-f64f-4ec6-a0ce-83223bff4772,75a44c3a-5914-4c8e-9ca4-d987853f5844,68
2aeb5ca9-f64f-4ec6-a0ce-83223bff4772,762e0f40-f100-4896-85a2-b1d8818fae41,18
2aeb5ca9-f64f-4ec6-a0ce-83223bff4772,819764fa-3a17-467b-8327-30899ed083b6,16
2aeb5ca9-f64f-4ec6-a0ce-83223bff4772,859e1824-cc60-4304-9293-dca932ebbed2,1
2aeb5ca9-f64f-4ec6-a0ce-83223bff4772,88bf9f29-aa91-4ddd-ad2d-b73dfe6706ef,1
2aeb5ca9-f64f-4ec6-a0ce-83223bff4772,89d70a20-bd10-46ed-866a-2c79362a0559,88
2aeb5ca9-f64f-4ec6-a0ce-83223bff4772,942a29b8-057f-4dba-a8cd-3c35e5a81aaf,15
2aeb5ca9-f64f-4ec6-a0ce-83223bff4772,980a8ae3-b1c7-4912-ab9e-be3e6fd20d36,18
2aeb5ca9-f64f-4ec6-a0ce-83223bff4772,98aa8bde-85b0-49ed-9795-e2eeb206e3b8,8
2aeb5ca9-f64f-4ec6-a0ce-83223bff4772,9b13c8c8-eba4-411e-b095-858e352d3178,5
2aeb5ca9-f64f-4ec6-a0ce-83223bff4772,9c8bc5bc-8d13-4c11-be37-57a43a1d734b,12
2aeb5ca9-f64f-4ec6-a0ce-83223bff4772,9e79de98-e914-4dc8-8dc7-6d7cb09b93d7,4
2aeb5ca9-f64f-4ec6-a0ce-83223bff4772,a0b48551-42b7-4c55-9556-6b997d978ff2,1
2aeb5ca9-f64f-4ec6-a0ce-83223bff4772,a68468b6-51ea-440c-9387-b44ba10ad8b6,22
2aeb5ca9-f64f-4ec6-a0ce-83223bff4772,a8e4581d-5186-4367-95c5-0a754c60b276,12
2aeb5ca9-f64f-4ec6-a0ce-83223bff4772,b221afb0-2758-4ace-846a-7bfc33389ad6,1
2aeb5ca9-f64f-4ec6-a0ce-83223bff4772,b41b2403-9f06-4d55-adc5-b0777373ca7e,9
2aeb5ca9-f64f-4ec6-a0ce-83223bff4772,b625d2bf-da74-40a2-b013-2069a09dcb6c,2
2aeb5ca9-f64f-4ec6-a0ce-83223bff4772,b7a52679-bac9-4e00-9dfd-06a22a7cf088,1
2aeb5ca9-f64f-4ec6-a0ce-83223bff4772,bf494e35-c009-4c74-a5c6-3cb2cd26bb51,5
2aeb5ca9-f64f-4ec6-a0ce-83223bff4772,c6e26bd3-724f-45d3-93af-ef431e6fcd42,4
2aeb5ca9-f64f-4ec6-a0ce-83223bff4772,cabae19e-836c-48c4-903e-7357789f9260,2
2aeb5ca9-f64f-4ec6-a0ce-83223bff4772,ccea26dd-dcae-4174-8945-ec5cb568e951,112
2aeb5ca9-f64f-4ec6-a0ce-83223bff4772,ce400601-651e-4ac9-a43e-ed8d4817b7fd,1
2aeb5ca9-f64f-4ec6-a0ce-83223bff4772,d07ef52c-cc10-4445-a3a1-dfe50371f110,7
2aeb5ca9-f64f-4ec6-a0ce-83223bff4772,d34e1efc-fbba-4ad8-823a-61bc3f25d580,31
2aeb5ca9-f64f-4ec6-a0ce-83223bff4772,d38ca3cf-9803-48dc-8592-c67c4430168e,46
2aeb5ca9-f64f-4ec6-a0ce-83223bff4772,d847851a-777b-43c6-83b3-392672659edc,2
2aeb5ca9-f64f-4ec6-a0ce-83223bff4772,d9e78b0a-0a3b-44ef-acd9-15d6e9e19d60,4
2aeb5ca9-f64f-4ec6-a0ce-83223bff4772,da756f9c-3f10-4ab8-9fa8-75812e248959,4
2aeb5ca9-f64f-4ec6-a0ce-83223bff4772,dab4cf29-4843-4261-b09b-973fe98dbf65,15
2aeb5ca9-f64f-4ec6-a0ce-83223bff4772,e6cc253d-14cb-437b-be88-4966f5fcb1f5,11
2aeb5ca9-f64f-4ec6-a0ce-83223bff4772,e85125f3-b7cf-426c-9355-412838893f55,3
2aeb5ca9-f64f-4ec6-a0ce-83223bff4772,ee32e8d2-aa15-4603-901e-2cc3c72e9ead,15
2aeb5ca9-f64f-4ec6-a0ce-83223bff4772,f31cabe4-e1f4-46db-88a9-b46ba44dded4,3
2aeb5ca9-f64f-4ec6-a0ce-83223bff4772,fa4d473c-e553-439e-8f53-ca5f2b203dbd,8
2b223ce1-e251-462b-a5fc-971c92bbf37c,3e48d4c9-0d66-4b50-9f9c-969b5e314a42,1
2b223ce1-e251-462b-a5fc-971c92bbf37c,4c3e51e6-9f1e-49cc-a919-f74a8c88343e,1
2b223ce1-e251-462b-a5fc-971c92bbf37c,56a86879-60e4-4cdb-b5f1-b66d6d090798,2
2b223ce1-e251-462b-a5fc-971c92bbf37c,6fc5878e-d76a-4e9d-a4e3-e5ef581bb2ff,1
2b223ce1-e251-462b-a5fc-971c92bbf37c,7cbb2d95-46b2-4fcb-b129-9505f56e7f07,5
2b223ce1-e251-462b-a5fc-971c92bbf37c,8ba16b4b-5dc1-441e-9229-8bb63c903ce1,1
2b223ce1-e251-462b-a5fc-971c92bbf37c,a04d4b85-56f0-448f-b5e8-28b5340af204,2
2b223ce1-e251-462b-a5fc-971c92bbf37c,c0d8ed4a-ec11-48e2-a468-6cd93327305b,5
2b223ce1-e251-462b-a5fc-971c92bbf37c,c7822b58-103f-4612-87ef-648be97192c6,2
2b223ce1-e251-462b-a5fc-971c92bbf37c,f289b7eb-f6ba-415b-90d9-1124c652637c,2
2b533923-83a2-4ac6-b497-934a549b50ab,2e1211a4-9506-4dbe-ab15-1b881bb87074,3
2b533923-83a2-4ac6-b497-934a549b50ab,337a0873-453c-459f-99c7-2726975a71da,1
2b533923-83a2-4ac6-b497-934a549b50ab,356e5fc9-831f-4d9c-be2f-fd35a99e865b,2
2b533923-83a2-4ac6-b497-934a549b50ab,39023322-8e6c-4cb4-b42d-c5bf80377dd6,27
2b533923-83a2-4ac6-b497-934a549b50ab,3b8c5482-7bdb-414b-97c7-ca34fb10da6f,5
2b533923-83a2-4ac6-b497-934a549b50ab,3c3a7304-0f4d-4b1f-a953-a6515b8b7670,9
2b533923-83a2-4ac6-b497-934a549b50ab,3e48d4c9-0d66-4b50-9f9c-969b5e314a42,11
2b533923-83a2-4ac6-b497-934a549b50ab,412ecb41-f20c-477d-b8e7-d7b548a10a44,4
2b533923-83a2-4ac6-b497-934a549b50ab,44081df1-828e-4d79-bd27-261be38f66f1,7
2b533923-83a2-4ac6-b497-934a549b50ab,44d2b41e-0e28-46c4-972b-daf49b4d9824,6
2b533923-83a2-4ac6-b497-934a549b50ab,49e7fc50-90f5-4476-9275-c31f88864082,3
2b533923-83a2-4ac6-b497-934a549b50ab,4a92f48a-0387-47c7-800e-cf59692e6411,43
2b533923-83a2-4ac6-b497-934a549b50ab,4aa76e80-51db-4c6f-b97c-e7926b39a66c,23
2b533923-83a2-4ac6-b497-934a549b50ab,4c3e51e6-9f1e-49cc-a919-f74a8c88343e,34
2b533923-83a2-4ac6-b497-934a549b50ab,4d73ea92-7e5c-4964-bc40-d80f38860ae4,5
2b533923-83a2-4ac6-b497-934a549b50ab,4eacd971-8961-4956-b73b-7de0745de280,8
2b533923-83a2-4ac6-b497-934a549b50ab,522d59a0-10ba-488f-a27a-a1dda7581900,2
2b533923-83a2-4ac6-b497-934a549b50ab,54cbf78c-ae5e-49b7-8fcc-41d0fb7b5855,4
2b533923-83a2-4ac6-b497-934a549b50ab,551f9a19-738c-4298-afe1-5ca7959ab74b,7
2b533923-83a2-4ac6-b497-934a549b50ab,56a86879-60e4-4cdb-b5f1-b66d6d090798,1
2b533923-83a2-4ac6-b497-934a549b50ab,5d3c16f6-cad0-432f-b850-8a62cfb6526c,5
2b533923-83a2-4ac6-b497-934a549b50ab,5d54939f-2da7-4ca6-b159-4ef344336b21,4
2b533923-83a2-4ac6-b497-934a549b50ab,5dfe97b2-fffb-4586-a999-1cbcfde80674,1
2b533923-83a2-4ac6-b497-934a549b50ab,64522cbc-a297-4c67-a204-1e31deb91f68,2
2b533923-83a2-4ac6-b497-934a549b50ab,68a869d7-3216-4208-9b57-e87405a11abb,1
2b533923-83a2-4ac6-b497-934a549b50ab,6e4027b2-cb08-44ca-b030-07d9074512d1,1
2b533923-83a2-4ac6-b497-934a549b50ab,6fc5878e-d76a-4e9d-a4e3-e5ef581bb2ff,9
2b533923-83a2-4ac6-b497-934a549b50ab,71cbc21c-4e36-4df7-9f58-e15a1c1f162c,3
2b533923-83a2-4ac6-b497-934a549b50ab,7265b8e8-62d4-4ba2-8117-8f758fbf606e,6
2b533923-83a2-4ac6-b497-934a549b50ab,7564c685-2691-4796-9159-ebd5df4fdc8d,33
2b533923-83a2-4ac6-b497-934a549b50ab,75a44c3a-5914-4c8e-9ca4-d987853f5844,54
2b533923-83a2-4ac6-b497-934a549b50ab,7cbb2d95-46b2-4fcb-b129-9505f56e7f07,34
2b533923-83a2-4ac6-b497-934a549b50ab,7d18b6e3-de0c-4aea-bef8-242bbc38e936,19
2b533923-83a2-4ac6-b497-934a549b50ab,8129f279-1ddd-45e3-8de4-e9ceb5a68d34,1
2b533923-83a2-4ac6-b497-934a549b50ab,84e7ec53-7bec-491e-bec7-19b6b1d359b1,3
2b533923-83a2-4ac6-b497-934a549b50ab,859e1824-cc60-4304-9293-dca932ebbed2,3
2b533923-83a2-4ac6-b497-934a549b50ab,872e3c31-98a5-40cb-b7dc-9c821f3b1bca,12
2b533923-83a2-4ac6-b497-934a549b50ab,88bf9f29-aa91-4ddd-ad2d-b73dfe6706ef,7
2b533923-83a2-4ac6-b497-934a549b50ab,89d70a20-bd10-46ed-866a-2c79362a0559,5
2b533923-83a2-4ac6-b497-934a549b50ab,8ba16b4b-5dc1-441e-9229-8bb63c903ce1,46
2b533923-83a2-4ac6-b497-934a549b50ab,8c5a8186-8f46-4bca-956d-06d4fa521635,5
2b533923-83a2-4ac6-b497-934a549b50ab,8dfa0156-0834-4c00-87e8-c4e9919f781f,5
2b533923-83a2-4ac6-b497-934a549b50ab,8f6a5115-367e-4dc2-88c5-1eae50593652,1
2b533923-83a2-4ac6-b497-934a549b50ab,92fe14f9-9abe-4759-b311-8b635302c2f2,8
2b533923-83a2-4ac6-b497-934a549b50ab,935fc903-0272-4f85-84e7-6c22aa9710f3,2
2b533923-83a2-4ac6-b497-934a549b50ab,93ace320-ab4e-42d3-9783-b2e2e02eb546,2
2b533923-83a2-4ac6-b497-934a549b50ab,9431dc1b-9891-4d15-aaf1-b98e347c3b46,3
2b533923-83a2-4ac6-b497-934a549b50ab,94f6aaa0-69ed-4721-a62c-c2b592bec175,18
2b533923-83a2-4ac6-b497-934a549b50ab,950c21d2-8a14-406d-b3af-877360bbd0ab,3
2b533923-83a2-4ac6-b497-934a549b50ab,97ffe642-648f-4dab-a0e8-0720e96e3e35,2
2b533923-83a2-4ac6-b497-934a549b50ab,98aa8bde-85b0-49ed-9795-e2eeb206e3b8,20
2b533923-83a2-4ac6-b497-934a549b50ab,990c794a-2170-435a-8c43-97d4fd0e621e,8
2b533923-83a2-4ac6-b497-934a549b50ab,99c6218e-8f0c-45d4-bd24-f300c6cfcb2f,13
2b533923-83a2-4ac6-b497-934a549b50ab,9ab41898-332f-4c08-a834-d58b4669c990,6
2b533923-83a2-4ac6-b497-934a549b50ab,9b13c8c8-eba4-411e-b095-858e352d3178,33
2b533923-83a2-4ac6-b497-934a549b50ab,9bf12da8-39ea-4505-9500-764bc440cfc9,4
2b533923-83a2-4ac6-b497-934a549b50ab,9e79de98-e914-4dc8-8dc7-6d7cb09b93d7,1
2b533923-83a2-4ac6-b497-934a549b50ab,a04d4b85-56f0-448f-b5e8-28b5340af204,10
2b533923-83a2-4ac6-b497-934a549b50ab,a3986ffd-c057-46cc-afd5-54846c9955ef,2
2b533923-83a2-4ac6-b497-934a549b50ab,a4074721-5d4d-444a-bb98-1ddbc592a78a,15
2b533923-83a2-4ac6-b497-934a549b50ab,a437e923-725f-415e-a01d-5588a7af933e,84
2b533923-83a2-4ac6-b497-934a549b50ab,a68468b6-51ea-440c-9387-b44ba10ad8b6,36
2b533923-83a2-4ac6-b497-934a549b50ab,a962ffcb-a300-45e1-8850-70c7173c233e,8
2b533923-83a2-4ac6-b497-934a549b50ab,aa0272f6-6e3c-41f7-b040-b774b30d2196,13
2b533923-83a2-4ac6-b497-934a549b50ab,ab15ce32-a527-4526-a5b2-0f2cdb92feeb,13
2b533923-83a2-4ac6-b497-934a549b50ab,ab97f146-7308-4a7e-9197-2ef5ee467a95,12
2b533923-83a2-4ac6-b497-934a549b50ab,ac61813c-2d49-4318-b5d0-32e3559b8db4,2
2b533923-83a2-4ac6-b497-934a549b50ab,b221afb0-2758-4ace-846a-7bfc33389ad6,3
2b533923-83a2-4ac6-b497-934a549b50ab,b29c0e00-7ac2-4c28-ab4f-8fceb156337b,53
2b533923-83a2-4ac6-b497-934a549b50ab,b41b2403-9f06-4d55-adc5-b0777373ca7e,34
2b533923-83a2-4ac6-b497-934a549b50ab,b625d2bf-da74-40a2-b013-2069a09dcb6c,3
2b533923-83a2-4ac6-b497-934a549b50ab,b7a52679-bac9-4e00-9dfd-06a22a7cf088,16
2b533923-83a2-4ac6-b497-934a549b50ab,b9cfefa1-1e5e-4fd7-a9d5-458e4c3a20db,7
2b533923-83a2-4ac6-b497-934a549b50ab,ba21eb65-8546-40e5-a425-0d228d0eaeac,44
2b533923-83a2-4ac6-b497-934a549b50ab,bb3a9cf3-6f64-4092-85a1-4318244ee603,1
2b533923-83a2-4ac6-b497-934a549b50ab,bb6801d4-f671-4ade-aa86-29aa89373dd9,1
2b533923-83a2-4ac6-b497-934a549b50ab,bd954447-a92c-4899-a9a8-4a58569fd4d2,12
2b533923-83a2-4ac6-b497-934a549b50ab,bf030048-0434-42f1-bbed-8b0c04014db4,34
2b533923-83a2-4ac6-b497-934a549b50ab,c01b88c4-5507-49c5-9ec3-f08af6e6eace,2
2b533923-83a2-4ac6-b497-934a549b50ab,c0d8ed4a-ec11-48e2-a468-6cd93327305b,1
2b533923-83a2-4ac6-b497-934a549b50ab,c1c11045-81c6-43a3-96e4-4cc6d5f2fbb4,1
2b533923-83a2-4ac6-b497-934a549b50ab,c3adeaa2-c232-48f9-967d-caf4b0b51719,1
2b533923-83a2-4ac6-b497-934a549b50ab,c3b1dca8-2cb4-4025-9527-36163a098c1f,6
2b533923-83a2-4ac6-b497-934a549b50ab,c4f7c468-721e-4953-97f2-bff05fe570c4,2
2b533923-83a2-4ac6-b497-934a549b50ab,c606904d-daef-44ff-bd30-cfdc1e6b5185,1
2b533923-83a2-4ac6-b497-934a549b50ab,c60c655f-40ba-47b0-8e93-a2c8d1ff4743,5
2b533923-83a2-4ac6-b497-934a549b50ab,c6e26bd3-724f-45d3-93af-ef431e6fcd42,1
2b533923-83a2-4ac6-b497-934a549b50ab,c7822b58-103f-4612-87ef-648be97192c6,10
2b533923-83a2-4ac6-b497-934a549b50ab,caaae646-de85-453f-b6e0-9b9b4f710f03,6
2b533923-83a2-4ac6-b497-934a549b50ab,cabae19e-836c-48c4-903e-7357789f9260,85
2b533923-83a2-4ac6-b497-934a549b50ab,ccea26dd-dcae-4174-8945-ec5cb568e951,9
2b533923-83a2-4ac6-b497-934a549b50ab,ce747c36-3ef4-49e3-b55e-1bc99db62413,4
2b533923-83a2-4ac6-b497-934a549b50ab,cefbf19c-653b-4af7-84a6-e17fba0e4a70,44
2b533923-83a2-4ac6-b497-934a549b50ab,cf4c4d24-798d-4bbe-bf06-23ca674f0d28,8
2b533923-83a2-4ac6-b497-934a549b50ab,cfb17042-9f10-4e44-99f4-358bad067455,1
2b533923-83a2-4ac6-b497-934a549b50ab,d07ef52c-cc10-4445-a3a1-dfe50371f110,6
2b533923-83a2-4ac6-b497-934a549b50ab,d1bb566e-a111-43b7-8856-273ebac1f753,14
2b533923-83a2-4ac6-b497-934a549b50ab,d34e1efc-fbba-4ad8-823a-61bc3f25d580,18
2b533923-83a2-4ac6-b497-934a549b50ab,d653bf17-e60f-4512-9258-a68ec026e381,10
2b533923-83a2-4ac6-b497-934a549b50ab,d6c2b5eb-b21a-440a-b628-75492d313ffa,1
2b533923-83a2-4ac6-b497-934a549b50ab,d847851a-777b-43c6-83b3-392672659edc,17
2b533923-83a2-4ac6-b497-934a549b50ab,d9e78b0a-0a3b-44ef-acd9-15d6e9e19d60,3
2b533923-83a2-4ac6-b497-934a549b50ab,da756f9c-3f10-4ab8-9fa8-75812e248959,2
2b533923-83a2-4ac6-b497-934a549b50ab,ddaff486-ef62-4200-aeb9-eeb4bedcc620,2
2b533923-83a2-4ac6-b497-934a549b50ab,e10065e1-776d-4bf3-8669-56788c453079,29
2b533923-83a2-4ac6-b497-934a549b50ab,e5c4753f-d2d8-4a4a-ae9d-62118892a731,8
2b533923-83a2-4ac6-b497-934a549b50ab,e5c9b4ba-9064-4858-a052-bb3bbecfac4b,4
2b533923-83a2-4ac6-b497-934a549b50ab,e6cc253d-14cb-437b-be88-4966f5fcb1f5,10
2b533923-83a2-4ac6-b497-934a549b50ab,e7f0d8e8-4c52-4d0a-8b94-28729046f45b,1
2b533923-83a2-4ac6-b497-934a549b50ab,edb8800b-6f1b-4e13-be0a-5b88fbd13c82,1
2b533923-83a2-4ac6-b497-934a549b50ab,edefa48b-f14e-4ec3-ab3c-dfe2aa0126ec,2
2b533923-83a2-4ac6-b497-934a549b50ab,ee32e8d2-aa15-4603-901e-2cc3c72e9ead,25
2b533923-83a2-4ac6-b497-934a549b50ab,ef8d31db-0876-4998-b0d9-056643260d46,1
2b533923-83a2-4ac6-b497-934a549b50ab,f23be4bd-7b2b-45dd-be84-4f76f11b624a,3
2b533923-83a2-4ac6-b497-934a549b50ab,f31cabe4-e1f4-46db-88a9-b46ba44dded4,7
2b533923-83a2-4ac6-b497-934a549b50ab,fa4d473c-e553-439e-8f53-ca5f2b203dbd,14
2b533923-83a2-4ac6-b497-934a549b50ab,fb291eb2-962a-482f-971a-0b62673f9a86,1
2b533923-83a2-4ac6-b497-934a549b50ab,fdc445bd-f8fe-4cfc-b387-7fd66a181674,6
2b537cd5-1203-4c08-8118-b295796deb07,3c3a7304-0f4d-4b1f-a953-a6515b8b7670,1
2b537cd5-1203-4c08-8118-b295796deb07,49be3576-cea3-46c0-87eb-89beb108248d,1
2b537cd5-1203-4c08-8118-b295796deb07,4c3e51e6-9f1e-49cc-a919-f74a8c88343e,8
2b537cd5-1203-4c08-8118-b295796deb07,56cbb44d-9390-480d-b686-56da6c2d6d35,1
2b537cd5-1203-4c08-8118-b295796deb07,5ab23e3a-aed4-4713-9214-53336765be9d,1
2b537cd5-1203-4c08-8118-b295796deb07,6d33b9bc-7d3a-4a60-b2d7-c2b70cd11ab1,7
2b537cd5-1203-4c08-8118-b295796deb07,71cbc21c-4e36-4df7-9f58-e15a1c1f162c,1
2b537cd5-1203-4c08-8118-b295796deb07,74b44968-d1f2-482a-a365-1fbb4cbda7f9,3
2b537cd5-1203-4c08-8118-b295796deb07,7d18b6e3-de0c-4aea-bef8-242bbc38e936,3
2b537cd5-1203-4c08-8118-b295796deb07,808636f6-10d2-4ed6-a5fe-f98ab3fcbbee,1
2b537cd5-1203-4c08-8118-b295796deb07,819764fa-3a17-467b-8327-30899ed083b6,2
2b537cd5-1203-4c08-8118-b295796deb07,8711c928-b30d-4859-b091-74678ca63e5b,3
2b537cd5-1203-4c08-8118-b295796deb07,8f6a5115-367e-4dc2-88c5-1eae50593652,1
2b537cd5-1203-4c08-8118-b295796deb07,98aa8bde-85b0-49ed-9795-e2eeb206e3b8,2
2b537cd5-1203-4c08-8118-b295796deb07,99c6218e-8f0c-45d4-bd24-f300c6cfcb2f,1
2b537cd5-1203-4c08-8118-b295796deb07,9ab41898-332f-4c08-a834-d58b4669c990,2
2b537cd5-1203-4c08-8118-b295796deb07,9b13c8c8-eba4-411e-b095-858e352d3178,3
2b537cd5-1203-4c08-8118-b295796deb07,9bf12da8-39ea-4505-9500-764bc440cfc9,7
2b537cd5-1203-4c08-8118-b295796deb07,a8e4581d-5186-4367-95c5-0a754c60b276,2
2b537cd5-1203-4c08-8118-b295796deb07,ab15ce32-a527-4526-a5b2-0f2cdb92feeb,25
2b537cd5-1203-4c08-8118-b295796deb07,ab97f146-7308-4a7e-9197-2ef5ee467a95,2
2b537cd5-1203-4c08-8118-b295796deb07,ae91b7a3-544d-40c7-8373-815a0bd18cf0,1
2b537cd5-1203-4c08-8118-b295796deb07,b29c0e00-7ac2-4c28-ab4f-8fceb156337b,2
2b537cd5-1203-4c08-8118-b295796deb07,b3230578-426f-4b84-bfe2-6a8136c6a3af,1
2b537cd5-1203-4c08-8118-b295796deb07,b4fdf408-8296-4d14-9e95-b4b96dc20751,3
2b537cd5-1203-4c08-8118-b295796deb07,bb3a9cf3-6f64-4092-85a1-4318244ee603,10
2b537cd5-1203-4c08-8118-b295796deb07,bd954447-a92c-4899-a9a8-4a58569fd4d2,3
2b537cd5-1203-4c08-8118-b295796deb07,e7f0d8e8-4c52-4d0a-8b94-28729046f45b,1
2b537cd5-1203-4c08-8118-b295796deb07,fa4d473c-e553-439e-8f53-ca5f2b203dbd,4
2b537cd5-1203-4c08-8118-b295796deb07,fdc445bd-f8fe-4cfc-b387-7fd66a181674,1
2c1bbe45-f5e6-4896-b487-5d2864198a11,2d120900-fed8-43ae-a234-2bc4af510867,1
2c1bbe45-f5e6-4896-b487-5d2864198a11,2e1211a4-9506-4dbe-ab15-1b881bb87074,3
2c1bbe45-f5e6-4896-b487-5d2864198a11,3b8c5482-7bdb-414b-97c7-ca34fb10da6f,1
2c1bbe45-f5e6-4896-b487-5d2864198a11,44d2b41e-0e28-46c4-972b-daf49b4d9824,1
2c1bbe45-f5e6-4896-b487-5d2864198a11,58e27c9a-59be-407b-8213-714cf1d3acc4,1
2c1bbe45-f5e6-4896-b487-5d2864198a11,6c2ee55a-fa05-4a41-b522-c878c6a61ce8,1
2c1bbe45-f5e6-4896-b487-5d2864198a11,71cbc21c-4e36-4df7-9f58-e15a1c1f162c,3
2c1bbe45-f5e6-4896-b487-5d2864198a11,9d2229a5-c46a-485a-9b82-315e270c3e9a,6
2c1bbe45-f5e6-4896-b487-5d2864198a11,ab97f146-7308-4a7e-9197-2ef5ee467a95,4
2c1bbe45-f5e6-4896-b487-5d2864198a11,ac969248-8799-4f53-ad71-76815c79da35,2
2c1bbe45-f5e6-4896-b487-5d2864198a11,c01b88c4-5507-49c5-9ec3-f08af6e6eace,1
2c1bbe45-f5e6-4896-b487-5d2864198a11,caaae646-de85-453f-b6e0-9b9b4f710f03,6
2c1bbe45-f5e6-4896-b487-5d2864198a11,e5c9b4ba-9064-4858-a052-bb3bbecfac4b,2
2c1bbe45-f5e6-4896-b487-5d2864198a11,ee32e8d2-aa15-4603-901e-2cc3c72e9ead,7
2d120900-fed8-43ae-a234-2bc4af510867,2e1211a4-9506-4dbe-ab15-1b881bb87074,37
2d120900-fed8-43ae-a234-2bc4af510867,39023322-8e6c-4cb4-b42d-c5bf80377dd6,4
2d120900-fed8-43ae-a234-2bc4af510867,3b8c5482-7bdb-414b-97c7-ca34fb10da6f,1
2d120900-fed8-43ae-a234-2bc4af510867,412ecb41-f20c-477d-b8e7-d7b548a10a44,1
2d120900-fed8-43ae-a234-2bc4af510867,43fd0a28-6a9c-4427-a55c-211fbae70091,1
2d120900-fed8-43ae-a234-2bc4af510867,44d2b41e-0e28-46c4-972b-daf49b4d9824,25
2d120900-fed8-43ae-a234-2bc4af510867,4a9d1641-505a-4e22-96d3-36be9d1e6322,1
2d120900-fed8-43ae-a234-2bc4af510867,4aa76e80-51db-4c6f-b97c-e7926b39a66c,2
2d120900-fed8-43ae-a234-2bc4af510867,4bfc5a46-654d-445f-9b71-fc3e06d40ae4,1
2d120900-fed8-43ae-a234-2bc4af510867,4d13ea1d-c9b6-4313-8ba0-fd040d8a319e,2
2d120900-fed8-43ae-a234-2bc4af510867,54cbf78c-ae5e-49b7-8fcc-41d0fb7b5855,1
2d120900-fed8-43ae-a234-2bc4af510867,551f9a19-738c-4298-afe1-5ca7959ab74b,1
2d120900-fed8-43ae-a234-2bc4af510867,56cbb44d-9390-480d-b686-56da6c2d6d35,4
2d120900-fed8-43ae-a234-2bc4af510867,64522cbc-a297-4c67-a204-1e31deb91f68,2
2d120900-fed8-43ae-a234-2bc4af510867,6d33b9bc-7d3a-4a60-b2d7-c2b70cd11ab1,3
2d120900-fed8-43ae-a234-2bc4af510867,71cbc21c-4e36-4df7-9f58-e15a1c1f162c,34
2d120900-fed8-43ae-a234-2bc4af510867,74b44968-d1f2-482a-a365-1fbb4cbda7f9,1
2d120900-fed8-43ae-a234-2bc4af510867,75c8786e-c5c2-4d12-95ff-4b804234f062,4
2d120900-fed8-43ae-a234-2bc4af510867,7c43c8c2-1958-496c-8060-b0f3bf652992,1
2d120900-fed8-43ae-a234-2bc4af510867,819764fa-3a17-467b-8327-30899ed083b6,17
2d120900-fed8-43ae-a234-2bc4af510867,84e7ec53-7bec-491e-bec7-19b6b1d359b1,3
2d120900-fed8-43ae-a234-2bc4af510867,8c5a8186-8f46-4bca-956d-06d4fa521635,1
2d120900-fed8-43ae-a234-2bc4af510867,9522ae6b-a187-4f51-9df7-1b0feb767d6e,1
2d120900-fed8-43ae-a234-2bc4af510867,9c4710f5-fb0b-42cc-9d53-4cf5dfe6e27c,2
2d120900-fed8-43ae-a234-2bc4af510867,9d2229a5-c46a-485a-9b82-315e270c3e9a,30
2d120900-fed8-43ae-a234-2bc4af510867,a396ae20-6309-456b-a5ae-e4068dea8a67,4
2d120900-fed8-43ae-a234-2bc4af510867,a900b4e7-92d9-4903-ab21-3189f17fe2e0,1
2d120900-fed8-43ae-a234-2bc4af510867,aa0272f6-6e3c-41f7-b040-b774b30d2196,1
2d120900-fed8-43ae-a234-2bc4af510867,aa612b6e-b61d-43a8-8775-c83839a9f6ef,1
2d120900-fed8-43ae-a234-2bc4af510867,ab97f146-7308-4a7e-9197-2ef5ee467a95,9
2d120900-fed8-43ae-a234-2bc4af510867,ac969248-8799-4f53-ad71-76815c79da35,2
2d120900-fed8-43ae-a234-2bc4af510867,b9cfefa1-1e5e-4fd7-a9d5-458e4c3a20db,1
2d120900-fed8-43ae-a234-2bc4af510867,ba21eb65-8546-40e5-a425-0d228d0eaeac,1
2d120900-fed8-43ae-a234-2bc4af510867,c128a46d-ebd9-4ee9-80cc-16bfe505e539,4
2d120900-fed8-43ae-a234-2bc4af510867,c606904d-daef-44ff-bd30-cfdc1e6b5185,2
2d120900-fed8-43ae-a234-2bc4af510867,c60c655f-40ba-47b0-8e93-a2c8d1ff4743,1
2d120900-fed8-43ae-a234-2bc4af510867,c6b2bdaf-8c1f-4b88-a8cb-167941b98bfb,2
2d120900-fed8-43ae-a234-2bc4af510867,caaae646-de85-453f-b6e0-9b9b4f710f03,10
2d120900-fed8-43ae-a234-2bc4af510867,d07ef52c-cc10-4445-a3a1-dfe50371f110,11
2d120900-fed8-43ae-a234-2bc4af510867,d1bb566e-a111-43b7-8856-273ebac1f753,1
2d120900-fed8-43ae-a234-2bc4af510867,d847851a-777b-43c6-83b3-392672659edc,2
2d120900-fed8-43ae-a234-2bc4af510867,e5c9b4ba-9064-4858-a052-bb3bbecfac4b,3
2d120900-fed8-43ae-a234-2bc4af510867,e6cc253d-14cb-437b-be88-4966f5fcb1f5,4
2d120900-fed8-43ae-a234-2bc4af510867,ee32e8d2-aa15-4603-901e-2cc3c72e9ead,31
2d120900-fed8-43ae-a234-2bc4af510867,fac3056b-df3b-4712-9ae3-56472806747b,1
2d1a4211-d500-4922-bbf5-0bd64353329c,935fc903-0272-4f85-84e7-6c22aa9710f3,1
2d1a4211-d500-4922-bbf5-0bd64353329c,ac61813c-2d49-4318-b5d0-32e3559b8db4,1
2d1a4211-d500-4922-bbf5-0bd64353329c,b1e4718d-bf16-4b46-91fd-946b42bed3af,1
2d1a4211-d500-4922-bbf5-0bd64353329c,c01b88c4-5507-49c5-9ec3-f08af6e6eace,1
2d1a4211-d500-4922-bbf5-0bd64353329c,c1c11045-81c6-43a3-96e4-4cc6d5f2fbb4,2
2d1a4211-d500-4922-bbf5-0bd64353329c,caaae646-de85-453f-b6e0-9b9b4f710f03,2
2d1a4211-d500-4922-bbf5-0bd64353329c,cd5a2cfd-7689-4a6e-aed1-df2a773bab9c,1
2d1a4211-d500-4922-bbf5-0bd64353329c,edb8800b-6f1b-4e13-be0a-5b88fbd13c82,3
2d1a4211-d500-4922-bbf5-0bd64353329c,ee32e8d2-aa15-4603-901e-2cc3c72e9ead,2
2d6d4590-453c-4970-9640-6a64c5d9645c,935fc903-0272-4f85-84e7-6c22aa9710f3,1
2d6d4590-453c-4970-9640-6a64c5d9645c,9e009009-0ec2-4eea-9a2e-dfd82f88db87,3
2e1211a4-9506-4dbe-ab15-1b881bb87074,39023322-8e6c-4cb4-b42d-c5bf80377dd6,3
2e1211a4-9506-4dbe-ab15-1b881bb87074,3b8c5482-7bdb-414b-97c7-ca34fb10da6f,4
2e1211a4-9506-4dbe-ab15-1b881bb87074,412ecb41-f20c-477d-b8e7-d7b548a10a44,3
2e1211a4-9506-4dbe-ab15-1b881bb87074,44081df1-828e-4d79-bd27-261be38f66f1,47
2e1211a4-9506-4dbe-ab15-1b881bb87074,44d2b41e-0e28-46c4-972b-daf49b4d9824,102
2e1211a4-9506-4dbe-ab15-1b881bb87074,44f6140e-9776-4c08-bd68-5dde99f2ab62,17
2e1211a4-9506-4dbe-ab15-1b881bb87074,49be3576-cea3-46c0-87eb-89beb108248d,14
2e1211a4-9506-4dbe-ab15-1b881bb87074,49f5b5f1-da8f-40a0-b78e-0616e2f30f78,22
2e1211a4-9506-4dbe-ab15-1b881bb87074,4a9d1641-505a-4e22-96d3-36be9d1e6322,1
2e1211a4-9506-4dbe-ab15-1b881bb87074,4aa76e80-51db-4c6f-b97c-e7926b39a66c,11
2e1211a4-9506-4dbe-ab15-1b881bb87074,4bfc5a46-654d-445f-9b71-fc3e06d40ae4,6
2e1211a4-9506-4dbe-ab15-1b881bb87074,4c3e51e6-9f1e-49cc-a919-f74a8c88343e,4
2e1211a4-9506-4dbe-ab15-1b881bb87074,54cbf78c-ae5e-49b7-8fcc-41d0fb7b5855,1
2e1211a4-9506-4dbe-ab15-1b881bb87074,56cbb44d-9390-480d-b686-56da6c2d6d35,20
2e1211a4-9506-4dbe-ab15-1b881bb87074,58e27c9a-59be-407b-8213-714cf1d3acc4,3
2e1211a4-9506-4dbe-ab15-1b881bb87074,5d54939f-2da7-4ca6-b159-4ef344336b21,2
2e1211a4-9506-4dbe-ab15-1b881bb87074,61721e3f-a394-42ff-9885-8a58aa1d1612,1
2e1211a4-9506-4dbe-ab15-1b881bb87074,64522cbc-a297-4c67-a204-1e31deb91f68,5
2e1211a4-9506-4dbe-ab15-1b881bb87074,6c2ee55a-fa05-4a41-b522-c878c6a61ce8,7
2e1211a4-9506-4dbe-ab15-1b881bb87074,6d33b9bc-7d3a-4a60-b2d7-c2b70cd11ab1,1
2e1211a4-9506-4dbe-ab15-1b881bb87074,6e4027b2-cb08-44ca-b030-07d9074512d1,1
2e1211a4-9506-4dbe-ab15-1b881bb87074,71cbc21c-4e36-4df7-9f58-e15a1c1f162c,205
2e1211a4-9506-4dbe-ab15-1b881bb87074,7265b8e8-62d4-4ba2-8117-8f758fbf606e,1
2e1211a4-9506-4dbe-ab15-1b881bb87074,74b44968-d1f2-482a-a365-1fbb4cbda7f9,4
2e1211a4-9506-4dbe-ab15-1b881bb87074,74c13ffe-54e0-4cfd-a5fd-f21de61a0995,1
2e1211a4-9506-4dbe-ab15-1b881bb87074,75a44c3a-5914-4c8e-9ca4-d987853f5844,3
2e1211a4-9506-4dbe-ab15-1b881bb87074,77c541d2-49e3-483f-869d-134df420c5ea,9
2e1211a4-9506-4dbe-ab15-1b881bb87074,77d2c6f1-3af4-4256-b52f-23fcb7bb8be2,5
2e1211a4-9506-4dbe-ab15-1b881bb87074,7897cad0-5099-4630-9311-65cc01450063,2
2e1211a4-9506-4dbe-ab15-1b881bb87074,80d891ee-7f80-4d4f-b486-3b0d1a9fd67a,1
2e1211a4-9506-4dbe-ab15-1b881bb87074,8133067c-1a90-482b-9ee4-e585a096ffb5,29
2e1211a4-9506-4dbe-ab15-1b881bb87074,819764fa-3a17-467b-8327-30899ed083b6,26
2e1211a4-9506-4dbe-ab15-1b881bb87074,81d3a9a6-03c1-424b-873f-2df53af69e6c,17
2e1211a4-9506-4dbe-ab15-1b881bb87074,83a1ccbf-fe6a-4f7a-a0d0-4cf90337ab90,4
2e1211a4-9506-4dbe-ab15-1b881bb87074,84e7ec53-7bec-491e-bec7-19b6b1d359b1,1
2e1211a4-9506-4dbe-ab15-1b881bb87074,8711c928-b30d-4859-b091-74678ca63e5b,23
2e1211a4-9506-4dbe-ab15-1b881bb87074,89d70a20-bd10-46ed-866a-2c79362a0559,4
2e1211a4-9506-4dbe-ab15-1b881bb87074,8c5a8186-8f46-4bca-956d-06d4fa521635,1
2e1211a4-9506-4dbe-ab15-1b881bb87074,935fc903-0272-4f85-84e7-6c22aa9710f3,9
2e1211a4-9506-4dbe-ab15-1b881bb87074,9522ae6b-a187-4f51-9df7-1b0feb767d6e,3
2e1211a4-9506-4dbe-ab15-1b881bb87074,974099ff-20a6-4119-84be-96e244befc55,1
2e1211a4-9506-4dbe-ab15-1b881bb87074,9ab41898-332f-4c08-a834-d58b4669c990,7
2e1211a4-9506-4dbe-ab15-1b881bb87074,9b13c8c8-eba4-411e-b095-858e352d3178,17
2e1211a4-9506-4dbe-ab15-1b881bb87074,9bf12da8-39ea-4505-9500-764bc440cfc9,1
2e1211a4-9506-4dbe-ab15-1b881bb87074,9d2229a5-c46a-485a-9b82-315e270c3e9a,202
2e1211a4-9506-4dbe-ab15-1b881bb87074,9ea41959-b952-4e42-92fb-bc616ac17241,1
2e1211a4-9506-4dbe-ab15-1b881bb87074,9f3aadb0-0f76-49b8-9e54-126c97fc0ae8,1
2e1211a4-9506-4dbe-ab15-1b881bb87074,a900b4e7-92d9-4903-ab21-3189f17fe2e0,9
2e1211a4-9506-4dbe-ab15-1b881bb87074,aa0272f6-6e3c-41f7-b040-b774b30d2196,7
2e1211a4-9506-4dbe-ab15-1b881bb87074,ab97f146-7308-4a7e-9197-2ef5ee467a95,23
2e1211a4-9506-4dbe-ab15-1b881bb87074,ac61813c-2d49-4318-b5d0-32e3559b8db4,10
2e1211a4-9506-4dbe-ab15-1b881bb87074,ac969248-8799-4f53-ad71-76815c79da35,12
2e1211a4-9506-4dbe-ab15-1b881bb87074,ae91b7a3-544d-40c7-8373-815a0bd18cf0,5
2e1211a4-9506-4dbe-ab15-1b881bb87074,b1e4718d-bf16-4b46-91fd-946b42bed3af,5
2e1211a4-9506-4dbe-ab15-1b881bb87074,b29c0e00-7ac2-4c28-ab4f-8fceb156337b,3
2e1211a4-9506-4dbe-ab15-1b881bb87074,ba21eb65-8546-40e5-a425-0d228d0eaeac,10
2e1211a4-9506-4dbe-ab15-1b881bb87074,bb3a9cf3-6f64-4092-85a1-4318244ee603,4
2e1211a4-9506-4dbe-ab15-1b881bb87074,bd954447-a92c-4899-a9a8-4a58569fd4d2,14
2e1211a4-9506-4dbe-ab15-1b881bb87074,bf030048-0434-42f1-bbed-8b0c04014db4,3
2e1211a4-9506-4dbe-ab15-1b881bb87074,bf97025a-1c30-4042-bffe-948027f24e6c,3
2e1211a4-9506-4dbe-ab15-1b881bb87074,c01b88c4-5507-49c5-9ec3-f08af6e6eace,2
2e1211a4-9506-4dbe-ab15-1b881bb87074,c0d8ed4a-ec11-48e2-a468-6cd93327305b,3
2e1211a4-9506-4dbe-ab15-1b881bb87074,c1c11045-81c6-43a3-96e4-4cc6d5f2fbb4,6
2e1211a4-9506-4dbe-ab15-1b881bb87074,c606904d-daef-44ff-bd30-cfdc1e6b5185,4
2e1211a4-9506-4dbe-ab15-1b881bb87074,c6b2bdaf-8c1f-4b88-a8cb-167941b98bfb,3
2e1211a4-9506-4dbe-ab15-1b881bb87074,c955972d-2702-4d28-8461-262072218f3f,1
2e1211a4-9506-4dbe-ab15-1b881bb87074,caaae646-de85-453f-b6e0-9b9b4f710f03,72
2e1211a4-9506-4dbe-ab15-1b881bb87074,cefbf19c-653b-4af7-84a6-e17fba0e4a70,2
2e1211a4-9506-4dbe-ab15-1b881bb87074,d07ef52c-cc10-4445-a3a1-dfe50371f110,92
2e1211a4-9506-4dbe-ab15-1b881bb87074,d1bb566e-a111-43b7-8856-273ebac1f753,7
2e1211a4-9506-4dbe-ab15-1b881bb87074,d3eeba5c-e756-485b-978e-a91629c31e57,2
2e1211a4-9506-4dbe-ab15-1b881bb87074,d53f00ee-a955-434a-b636-f07d79859c49,4
2e1211a4-9506-4dbe-ab15-1b881bb87074,d653bf17-e60f-4512-9258-a68ec026e381,3
2e1211a4-9506-4dbe-ab15-1b881bb87074,d6c2b5eb-b21a-440a-b628-75492d313ffa,5
2e1211a4-9506-4dbe-ab15-1b881bb87074,d847851a-777b-43c6-83b3-392672659edc,2
2e1211a4-9506-4dbe-ab15-1b881bb87074,dc9f60e4-e1a4-487b-a002-40b3c77ba896,4
2e1211a4-9506-4dbe-ab15-1b881bb87074,ddaff486-ef62-4200-aeb9-eeb4bedcc620,11
2e1211a4-9506-4dbe-ab15-1b881bb87074,de674538-350f-4a5a-9f8e-fa8f7c4b93ca,5
2e1211a4-9506-4dbe-ab15-1b881bb87074,e5c9b4ba-9064-4858-a052-bb3bbecfac4b,11
2e1211a4-9506-4dbe-ab15-1b881bb87074,e6e673f5-f0a7-4d34-a6aa-d2f12fed24ed,1
2e1211a4-9506-4dbe-ab15-1b881bb87074,e7f0d8e8-4c52-4d0a-8b94-28729046f45b,3
2e1211a4-9506-4dbe-ab15-1b881bb87074,ec273841-069f-408b-b434-8524904ae314,1
2e1211a4-9506-4dbe-ab15-1b881bb87074,edefa48b-f14e-4ec3-ab3c-dfe2aa0126ec,1
2e1211a4-9506-4dbe-ab15-1b881bb87074,ee32e8d2-aa15-4603-901e-2cc3c72e9ead,98
2e1211a4-9506-4dbe-ab15-1b881bb87074,eef0e09f-c709-4de5-8b44-086876d5f631,11
2e1211a4-9506-4dbe-ab15-1b881bb87074,f0ff5ae5-e0e8-4a26-af3a-93c8b5947dc4,11
2e1211a4-9506-4dbe-ab15-1b881bb87074,fa4d473c-e553-439e-8f53-ca5f2b203dbd,4
2e1211a4-9506-4dbe-ab15-1b881bb87074,fac3056b-df3b-4712-9ae3-56472806747b,1
2e1211a4-9506-4dbe-ab15-1b881bb87074,fdc445bd-f8fe-4cfc-b387-7fd66a181674,33
306ecdd8-bc7c-4311-aaf0-ccc29222313f,6fc5878e-d76a-4e9d-a4e3-e5ef581bb2ff,2
306ecdd8-bc7c-4311-aaf0-ccc29222313f,7cbb2d95-46b2-4fcb-b129-9505f56e7f07,1
306ecdd8-bc7c-4311-aaf0-ccc29222313f,8ba16b4b-5dc1-441e-9229-8bb63c903ce1,2
306ecdd8-bc7c-4311-aaf0-ccc29222313f,d34e1efc-fbba-4ad8-823a-61bc3f25d580,1
3239df09-c975-4598-b608-b67c74a07e08,388e72cf-63dd-4839-9ce7-5491b6bdcfd8,1
3239df09-c975-4598-b608-b67c74a07e08,4bf69aa9-29a7-44db-b7ee-8bfa40e343dd,1
3239df09-c975-4598-b608-b67c74a07e08,551f9a19-738c-4298-afe1-5ca7959ab74b,1
3239df09-c975-4598-b608-b67c74a07e08,666f31ca-041f-466d-9e78-804317921d69,3
3239df09-c975-4598-b608-b67c74a07e08,7cbb2d95-46b2-4fcb-b129-9505f56e7f07,8
3239df09-c975-4598-b608-b67c74a07e08,8349fff0-99b3-449a-bd4d-932ae95b29da,1
3239df09-c975-4598-b608-b67c74a07e08,942a29b8-057f-4dba-a8cd-3c35e5a81aaf,1
3239df09-c975-4598-b608-b67c74a07e08,9e79de98-e914-4dc8-8dc7-6d7cb09b93d7,1
3239df09-c975-4598-b608-b67c74a07e08,a68468b6-51ea-440c-9387-b44ba10ad8b6,1
3239df09-c975-4598-b608-b67c74a07e08,b41b2403-9f06-4d55-adc5-b0777373ca7e,1
3239df09-c975-4598-b608-b67c74a07e08,d1bb566e-a111-43b7-8856-273ebac1f753,1
3239df09-c975-4598-b608-b67c74a07e08,d34e1efc-fbba-4ad8-823a-61bc3f25d580,1
3239df09-c975-4598-b608-b67c74a07e08,da9f33b0-80ca-49eb-a1ec-def3b46538d9,1
3239df09-c975-4598-b608-b67c74a07e08,dab4cf29-4843-4261-b09b-973fe98dbf65,2
3239df09-c975-4598-b608-b67c74a07e08,e6cc253d-14cb-437b-be88-4966f5fcb1f5,3
3239df09-c975-4598-b608-b67c74a07e08,ea21d788-7cfe-41ff-b22f-0664397139af,1
3239df09-c975-4598-b608-b67c74a07e08,fa4d473c-e553-439e-8f53-ca5f2b203dbd,1
3322191a-8ca5-4a69-bb2f-d516086c28ae,337a0873-453c-459f-99c7-2726975a71da,3
3322191a-8ca5-4a69-bb2f-d516086c28ae,666f31ca-041f-466d-9e78-804317921d69,2
3322191a-8ca5-4a69-bb2f-d516086c28ae,819764fa-3a17-467b-8327-30899ed083b6,5
3322191a-8ca5-4a69-bb2f-d516086c28ae,88e0734b-8c03-4daa-8ec5-055e36c07030,1
3322191a-8ca5-4a69-bb2f-d516086c28ae,8ee20f38-f3f0-4ff9-b5d9-84557b5ddcb1,1
3322191a-8ca5-4a69-bb2f-d516086c28ae,98aa8bde-85b0-49ed-9795-e2eeb206e3b8,1
3322191a-8ca5-4a69-bb2f-d516086c28ae,a0b48551-42b7-4c55-9556-6b997d978ff2,1
3322191a-8ca5-4a69-bb2f-d516086c28ae,ab15ce32-a527-4526-a5b2-0f2cdb92feeb,9
3322191a-8ca5-4a69-bb2f-d516086c28ae,b41b2403-9f06-4d55-adc5-b0777373ca7e,2
3322191a-8ca5-4a69-bb2f-d516086c28ae,b6c27e98-0f7f-42a2-9fae-50b5f8ca76cc,5
3322191a-8ca5-4a69-bb2f-d516086c28ae,c6e26bd3-724f-45d3-93af-ef431e6fcd42,4
3322191a-8ca5-4a69-bb2f-d516086c28ae,cd02edbc-106e-46d1-8d70-6594741356ea,2
3322191a-8ca5-4a69-bb2f-d516086c28ae,e70c3ee3-cca2-4521-abea-b124dcec0952,1
3322191a-8ca5-4a69-bb2f-d516086c28ae,fa4d473c-e553-439e-8f53-ca5f2b203dbd,1
33647c30-4edf-4fdf-93e5-5977180982a0,4bfc5a46-654d-445f-9b71-fc3e06d40ae4,2
33647c30-4edf-4fdf-93e5-5977180982a0,4c3e51e6-9f1e-49cc-a919-f74a8c88343e,4
33647c30-4edf-4fdf-93e5-5977180982a0,71cbc21c-4e36-4df7-9f58-e15a1c1f162c,1
33647c30-4edf-4fdf-93e5-5977180982a0,819764fa-3a17-467b-8327-30899ed083b6,1
33647c30-4edf-4fdf-93e5-5977180982a0,b7a52679-bac9-4e00-9dfd-06a22a7cf088,1
33647c30-4edf-4fdf-93e5-5977180982a0,cd5a2cfd-7689-4a6e-aed1-df2a773bab9c,1
33647c30-4edf-4fdf-93e5-5977180982a0,de674538-350f-4a5a-9f8e-fa8f7c4b93ca,1
33647c30-4edf-4fdf-93e5-5977180982a0,e7f0d8e8-4c52-4d0a-8b94-28729046f45b,1
337a0873-453c-459f-99c7-2726975a71da,356e5fc9-831f-4d9c-be2f-fd35a99e865b,4
337a0873-453c-459f-99c7-2726975a71da,397c857a-fda0-414d-8fdc-8288cd3284aa,2
337a0873-453c-459f-99c7-2726975a71da,3983584c-76b6-4a70-9040-dadc84949e88,3
337a0873-453c-459f-99c7-2726975a71da,3e48d4c9-0d66-4b50-9f9c-969b5e314a42,1
337a0873-453c-459f-99c7-2726975a71da,425ddb12-0b71-44b6-9875-70b075dc99f7,5
337a0873-453c-459f-99c7-2726975a71da,49be3576-cea3-46c0-87eb-89beb108248d,2
337a0873-453c-459f-99c7-2726975a71da,49e7fc50-90f5-4476-9275-c31f88864082,30
337a0873-453c-459f-99c7-2726975a71da,4a92f48a-0387-47c7-800e-cf59692e6411,6
337a0873-453c-459f-99c7-2726975a71da,4aa76e80-51db-4c6f-b97c-e7926b39a66c,1
337a0873-453c-459f-99c7-2726975a71da,4c3e51e6-9f1e-49cc-a919-f74a8c88343e,8
337a0873-453c-459f-99c7-2726975a71da,4eacd971-8961-4956-b73b-7de0745de280,13
337a0873-453c-459f-99c7-2726975a71da,522d59a0-10ba-488f-a27a-a1dda7581900,2
337a0873-453c-459f-99c7-2726975a71da,56a86879-60e4-4cdb-b5f1-b66d6d090798,9
337a0873-453c-459f-99c7-2726975a71da,581d8f64-6060-4cf0-b281-a46ad978cf0d,2
337a0873-453c-459f-99c7-2726975a71da,58e27c9a-59be-407b-8213-714cf1d3acc4,1
337a0873-453c-459f-99c7-2726975a71da,5ab23e3a-aed4-4713-9214-53336765be9d,5
337a0873-453c-459f-99c7-2726975a71da,5d54939f-2da7-4ca6-b159-4ef344336b21,5
337a0873-453c-459f-99c7-2726975a71da,666f31ca-041f-466d-9e78-804317921d69,1
337a0873-453c-459f-99c7-2726975a71da,68a869d7-3216-4208-9b57-e87405a11abb,10
337a0873-453c-459f-99c7-2726975a71da,6bfaf570-5b6f-41e1-baf2-b833f6203513,3
337a0873-453c-459f-99c7-2726975a71da,6d33b9bc-7d3a-4a60-b2d7-c2b70cd11ab1,2
337a0873-453c-459f-99c7-2726975a71da,71cbc21c-4e36-4df7-9f58-e15a1c1f162c,4
337a0873-453c-459f-99c7-2726975a71da,722997ad-c4fa-4012-9ea5-f1314978764b,3
337a0873-453c-459f-99c7-2726975a71da,74c13ffe-54e0-4cfd-a5fd-f21de61a0995,1
337a0873-453c-459f-99c7-2726975a71da,754f2d87-8990-4b77-8181-54d8df8fa63a,1
337a0873-453c-459f-99c7-2726975a71da,762e0f40-f100-4896-85a2-b1d8818fae41,4
337a0873-453c-459f-99c7-2726975a71da,7897cad0-5099-4630-9311-65cc01450063,1
337a0873-453c-459f-99c7-2726975a71da,7c43c8c2-1958-496c-8060-b0f3bf652992,3
337a0873-453c-459f-99c7-2726975a71da,7ca42fe3-e292-4aff-9275-57889d920853,2
337a0873-453c-459f-99c7-2726975a71da,7d18b6e3-de0c-4aea-bef8-242bbc38e936,1
337a0873-453c-459f-99c7-2726975a71da,808636f6-10d2-4ed6-a5fe-f98ab3fcbbee,22
337a0873-453c-459f-99c7-2726975a71da,819764fa-3a17-467b-8327-30899ed083b6,6
337a0873-453c-459f-99c7-2726975a71da,859e1824-cc60-4304-9293-dca932ebbed2,2
337a0873-453c-459f-99c7-2726975a71da,88bf9f29-aa91-4ddd-ad2d-b73dfe6706ef,8
337a0873-453c-459f-99c7-2726975a71da,88e0734b-8c03-4daa-8ec5-055e36c07030,22
337a0873-453c-459f-99c7-2726975a71da,89d70a20-bd10-46ed-866a-2c79362a0559,3
337a0873-453c-459f-99c7-2726975a71da,8ee20f38-f3f0-4ff9-b5d9-84557b5ddcb1,8
337a0873-453c-459f-99c7-2726975a71da,8f6a5115-367e-4dc2-88c5-1eae50593652,1
337a0873-453c-459f-99c7-2726975a71da,935fc903-0272-4f85-84e7-6c22aa9710f3,5
337a0873-453c-459f-99c7-2726975a71da,973da897-66c7-4010-a98d-505e0e97a60c,1
337a0873-453c-459f-99c7-2726975a71da,97ffe642-648f-4dab-a0e8-0720e96e3e35,17
337a0873-453c-459f-99c7-2726975a71da,98aa8bde-85b0-49ed-9795-e2eeb206e3b8,16
337a0873-453c-459f-99c7-2726975a71da,99c6218e-8f0c-45d4-bd24-f300c6cfcb2f,4
337a0873-453c-459f-99c7-2726975a71da,9ab41898-332f-4c08-a834-d58b4669c990,1
337a0873-453c-459f-99c7-2726975a71da,9b13c8c8-eba4-411e-b095-858e352d3178,19
337a0873-453c-459f-99c7-2726975a71da,9bf12da8-39ea-4505-9500-764bc440cfc9,1
337a0873-453c-459f-99c7-2726975a71da,9f0c39d6-4a57-4849-9215-aa1147c7e0f6,7
337a0873-453c-459f-99c7-2726975a71da,a4074721-5d4d-444a-bb98-1ddbc592a78a,18
337a0873-453c-459f-99c7-2726975a71da,a68468b6-51ea-440c-9387-b44ba10ad8b6,4
337a0873-453c-459f-99c7-2726975a71da,a8e4581d-5186-4367-95c5-0a754c60b276,2
337a0873-453c-459f-99c7-2726975a71da,a901d2d2-35f6-4341-bbfb-38e5d9b21d07,1
337a0873-453c-459f-99c7-2726975a71da,ab15ce32-a527-4526-a5b2-0f2cdb92feeb,6
337a0873-453c-459f-99c7-2726975a71da,ad44b24f-bb14-4f4a-a476-3cbbb3e9cdb0,4
337a0873-453c-459f-99c7-2726975a71da,ad8654f3-811a-4a63-ab7a-01bf76347caa,1
337a0873-453c-459f-99c7-2726975a71da,ae91b7a3-544d-40c7-8373-815a0bd18cf0,4
337a0873-453c-459f-99c7-2726975a71da,b29c0e00-7ac2-4c28-ab4f-8fceb156337b,2
337a0873-453c-459f-99c7-2726975a71da,b41b2403-9f06-4d55-adc5-b0777373ca7e,11
337a0873-453c-459f-99c7-2726975a71da,b4e1d8cf-e8cf-4b66-9ded-97fc8176fa4a,1
337a0873-453c-459f-99c7-2726975a71da,b4fdf408-8296-4d14-9e95-b4b96dc20751,2
337a0873-453c-459f-99c7-2726975a71da,b8d002bc-ea6c-4f57-b36e-38415b205e09,3
337a0873-453c-459f-99c7-2726975a71da,b9cfefa1-1e5e-4fd7-a9d5-458e4c3a20db,6
337a0873-453c-459f-99c7-2726975a71da,ba21eb65-8546-40e5-a425-0d228d0eaeac,26
337a0873-453c-459f-99c7-2726975a71da,bb3a9cf3-6f64-4092-85a1-4318244ee603,2
337a0873-453c-459f-99c7-2726975a71da,bb6801d4-f671-4ade-aa86-29aa89373dd9,3
337a0873-453c-459f-99c7-2726975a71da,bf97025a-1c30-4042-bffe-948027f24e6c,7
337a0873-453c-459f-99c7-2726975a71da,c0648a21-11c6-4b4f-a4be-205d7dcbb746,19
337a0873-453c-459f-99c7-2726975a71da,c0d8ed4a-ec11-48e2-a468-6cd93327305b,1
337a0873-453c-459f-99c7-2726975a71da,c3b1dca8-2cb4-4025-9527-36163a098c1f,26
337a0873-453c-459f-99c7-2726975a71da,c4f7c468-721e-4953-97f2-bff05fe570c4,12
337a0873-453c-459f-99c7-2726975a71da,c7822b58-103f-4612-87ef-648be97192c6,17
337a0873-453c-459f-99c7-2726975a71da,cabae19e-836c-48c4-903e-7357789f9260,1
337a0873-453c-459f-99c7-2726975a71da,ccea26dd-dcae-4174-8945-ec5cb568e951,3
337a0873-453c-459f-99c7-2726975a71da,cd02edbc-106e-46d1-8d70-6594741356ea,26
337a0873-453c-459f-99c7-2726975a71da,d07ef52c-cc10-4445-a3a1-dfe50371f110,4
337a0873-453c-459f-99c7-2726975a71da,d0d8dcbd-4818-4925-a684-13767c7dae0d,1
337a0873-453c-459f-99c7-2726975a71da,d1bb566e-a111-43b7-8856-273ebac1f753,1
337a0873-453c-459f-99c7-2726975a71da,d34e1efc-fbba-4ad8-823a-61bc3f25d580,1
337a0873-453c-459f-99c7-2726975a71da,d38ca3cf-9803-48dc-8592-c67c4430168e,7
337a0873-453c-459f-99c7-2726975a71da,d53f00ee-a955-434a-b636-f07d79859c49,1
337a0873-453c-459f-99c7-2726975a71da,d847851a-777b-43c6-83b3-392672659edc,4
337a0873-453c-459f-99c7-2726975a71da,da9f33b0-80ca-49eb-a1ec-def3b46538d9,11
337a0873-453c-459f-99c7-2726975a71da,dab4cf29-4843-4261-b09b-973fe98dbf65,2
337a0873-453c-459f-99c7-2726975a71da,dae67415-1ed1-4464-a59e-75170eb1925d,9
337a0873-453c-459f-99c7-2726975a71da,dc9f60e4-e1a4-487b-a002-40b3c77ba896,1
337a0873-453c-459f-99c7-2726975a71da,e70c3ee3-cca2-4521-abea-b124dcec0952,15
337a0873-453c-459f-99c7-2726975a71da,ec273841-069f-408b-b434-8524904ae314,1
337a0873-453c-459f-99c7-2726975a71da,ec571f94-11b8-47d7-bb47-fd0d2d7c7f07,1
337a0873-453c-459f-99c7-2726975a71da,ee32e8d2-aa15-4603-901e-2cc3c72e9ead,1
337a0873-453c-459f-99c7-2726975a71da,f29c0ba8-4d4a-4cca-bb1b-229f68b4ae6a,1
337a0873-453c-459f-99c7-2726975a71da,f31cabe4-e1f4-46db-88a9-b46ba44dded4,2
337a0873-453c-459f-99c7-2726975a71da,fa4d473c-e553-439e-8f53-ca5f2b203dbd,83
337a0873-453c-459f-99c7-2726975a71da,fb291eb2-962a-482f-971a-0b62673f9a86,3
337a0873-453c-459f-99c7-2726975a71da,fd45195f-c35d-47c9-844e-a5893e10839e,4
337a0873-453c-459f-99c7-2726975a71da,fdc445bd-f8fe-4cfc-b387-7fd66a181674,4
356e5fc9-831f-4d9c-be2f-fd35a99e865b,388e72cf-63dd-4839-9ce7-5491b6bdcfd8,13
356e5fc9-831f-4d9c-be2f-fd35a99e865b,397c857a-fda0-414d-8fdc-8288cd3284aa,11
356e5fc9-831f-4d9c-be2f-fd35a99e865b,3e48d4c9-0d66-4b50-9f9c-969b5e314a42,5
356e5fc9-831f-4d9c-be2f-fd35a99e865b,44081df1-828e-4d79-bd27-261be38f66f1,1
356e5fc9-831f-4d9c-be2f-fd35a99e865b,446e3e45-8e03-4f8d-bb52-ea092634378f,1
356e5fc9-831f-4d9c-be2f-fd35a99e865b,4d6bf62d-9d27-49b5-b00f-254d6ff6e4e1,1
356e5fc9-831f-4d9c-be2f-fd35a99e865b,551f9a19-738c-4298-afe1-5ca7959ab74b,5
356e5fc9-831f-4d9c-be2f-fd35a99e865b,5ab23e3a-aed4-4713-9214-53336765be9d,4
356e5fc9-831f-4d9c-be2f-fd35a99e865b,64522cbc-a297-4c67-a204-1e31deb91f68,2
356e5fc9-831f-4d9c-be2f-fd35a99e865b,666f31ca-041f-466d-9e78-804317921d69,4
356e5fc9-831f-4d9c-be2f-fd35a99e865b,66b2be3d-10f8-46a4-90c6-b86005df0a50,13
356e5fc9-831f-4d9c-be2f-fd35a99e865b,6a54c095-9872-4322-81be-114b74233d40,2
356e5fc9-831f-4d9c-be2f-fd35a99e865b,74b44968-d1f2-482a-a365-1fbb4cbda7f9,1
356e5fc9-831f-4d9c-be2f-fd35a99e865b,74c13ffe-54e0-4cfd-a5fd-f21de61a0995,1
356e5fc9-831f-4d9c-be2f-fd35a99e865b,7cbb2d95-46b2-4fcb-b129-9505f56e7f07,15
356e5fc9-831f-4d9c-be2f-fd35a99e865b,8349fff0-99b3-449a-bd4d-932ae95b29da,2
356e5fc9-831f-4d9c-be2f-fd35a99e865b,859e1824-cc60-4304-9293-dca932ebbed2,3
356e5fc9-831f-4d9c-be2f-fd35a99e865b,8767e9de-869e-4e8a-940f-1a63d15eab3c,3
356e5fc9-831f-4d9c-be2f-fd35a99e865b,88bf9f29-aa91-4ddd-ad2d-b73dfe6706ef,2
356e5fc9-831f-4d9c-be2f-fd35a99e865b,89d70a20-bd10-46ed-866a-2c79362a0559,1
356e5fc9-831f-4d9c-be2f-fd35a99e865b,8ba16b4b-5dc1-441e-9229-8bb63c903ce1,8
356e5fc9-831f-4d9c-be2f-fd35a99e865b,92fe14f9-9abe-4759-b311-8b635302c2f2,1
356e5fc9-831f-4d9c-be2f-fd35a99e865b,93ace320-ab4e-42d3-9783-b2e2e02eb546,1
356e5fc9-831f-4d9c-be2f-fd35a99e865b,973da897-66c7-4010-a98d-505e0e97a60c,6
356e5fc9-831f-4d9c-be2f-fd35a99e865b,97ffe642-648f-4dab-a0e8-0720e96e3e35,20
356e5fc9-831f-4d9c-be2f-fd35a99e865b,98aa8bde-85b0-49ed-9795-e2eeb206e3b8,12
356e5fc9-831f-4d9c-be2f-fd35a99e865b,9b13c8c8-eba4-411e-b095-858e352d3178,4
356e5fc9-831f-4d9c-be2f-fd35a99e865b,9e79de98-e914-4dc8-8dc7-6d7cb09b93d7,8
356e5fc9-831f-4d9c-be2f-fd35a99e865b,9f0c39d6-4a57-4849-9215-aa1147c7e0f6,5
356e5fc9-831f-4d9c-be2f-fd35a99e865b,a04d4b85-56f0-448f-b5e8-28b5340af204,5
356e5fc9-831f-4d9c-be2f-fd35a99e865b,a437e923-725f-415e-a01d-5588a7af933e,2
356e5fc9-831f-4d9c-be2f-fd35a99e865b,ab15ce32-a527-4526-a5b2-0f2cdb92feeb,2
356e5fc9-831f-4d9c-be2f-fd35a99e865b,b29c0e00-7ac2-4c28-ab4f-8fceb156337b,4
356e5fc9-831f-4d9c-be2f-fd35a99e865b,b41b2403-9f06-4d55-adc5-b0777373ca7e,6
356e5fc9-831f-4d9c-be2f-fd35a99e865b,b4fdf408-8296-4d14-9e95-b4b96dc20751,1
356e5fc9-831f-4d9c-be2f-fd35a99e865b,b50b3f0b-afc8-46e5-bfda-cb60e2935a5a,1
356e5fc9-831f-4d9c-be2f-fd35a99e865b,b8663b71-f92b-4d2b-a06b-f78dba168d98,2
356e5fc9-831f-4d9c-be2f-fd35a99e865b,b8d002bc-ea6c-4f57-b36e-38415b205e09,2
356e5fc9-831f-4d9c-be2f-fd35a99e865b,ba21eb65-8546-40e5-a425-0d228d0eaeac,26
356e5fc9-831f-4d9c-be2f-fd35a99e865b,bb3a9cf3-6f64-4092-85a1-4318244ee603,1
356e5fc9-831f-4d9c-be2f-fd35a99e865b,bf030048-0434-42f1-bbed-8b0c04014db4,2
356e5fc9-831f-4d9c-be2f-fd35a99e865b,c0d8ed4a-ec11-48e2-a468-6cd93327305b,9
356e5fc9-831f-4d9c-be2f-fd35a99e865b,c3b1dca8-2cb4-4025-9527-36163a098c1f,1
356e5fc9-831f-4d9c-be2f-fd35a99e865b,c4f7c468-721e-4953-97f2-bff05fe570c4,1
356e5fc9-831f-4d9c-be2f-fd35a99e865b,c6e26bd3-724f-45d3-93af-ef431e6fcd42,2
356e5fc9-831f-4d9c-be2f-fd35a99e865b,cabae19e-836c-48c4-903e-7357789f9260,11
356e5fc9-831f-4d9c-be2f-fd35a99e865b,d0d8dcbd-4818-4925-a684-13767c7dae0d,1
356e5fc9-831f-4d9c-be2f-fd35a99e865b,d1bb566e-a111-43b7-8856-273ebac1f753,24
356e5fc9-831f-4d9c-be2f-fd35a99e865b,d34e1efc-fbba-4ad8-823a-61bc3f25d580,3
356e5fc9-831f-4d9c-be2f-fd35a99e865b,d38ca3cf-9803-48dc-8592-c67c4430168e,2
356e5fc9-831f-4d9c-be2f-fd35a99e865b,d59d1492-57b6-482b-88b6-b2b77c45c33d,2
356e5fc9-831f-4d9c-be2f-fd35a99e865b,d847851a-777b-43c6-83b3-392672659edc,4
356e5fc9-831f-4d9c-be2f-fd35a99e865b,d89044ef-b7df-4a15-be10-d342fe381664,2
356e5fc9-831f-4d9c-be2f-fd35a99e865b,da9f33b0-80ca-49eb-a1ec-def3b46538d9,1
356e5fc9-831f-4d9c-be2f-fd35a99e865b,e10065e1-776d-4bf3-8669-56788c453079,3
356e5fc9-831f-4d9c-be2f-fd35a99e865b,ea21d788-7cfe-41ff-b22f-0664397139af,3
356e5fc9-831f-4d9c-be2f-fd35a99e865b,ee32e8d2-aa15-4603-901e-2cc3c72e9ead,3
356e5fc9-831f-4d9c-be2f-fd35a99e865b,f289b7eb-f6ba-415b-90d9-1124c652637c,2
356e5fc9-831f-4d9c-be2f-fd35a99e865b,face7642-1fd8-4ec1-a909-c2579b0bd8d2,1
356e5fc9-831f-4d9c-be2f-fd35a99e865b,fdc445bd-f8fe-4cfc-b387-7fd66a181674,5
359e90b6-6f1f-47e9-a46b-d0ff54836077,557f8bd5-9f66-4bed-9b5f-86746bb0600a,1
359e90b6-6f1f-47e9-a46b-d0ff54836077,64f39510-b420-4b01-8b5e-2b2f2b0aad91,2
359e90b6-6f1f-47e9-a46b-d0ff54836077,6d33b9bc-7d3a-4a60-b2d7-c2b70cd11ab1,2
359e90b6-6f1f-47e9-a46b-d0ff54836077,754f2d87-8990-4b77-8181-54d8df8fa63a,2
359e90b6-6f1f-47e9-a46b-d0ff54836077,7cbb2d95-46b2-4fcb-b129-9505f56e7f07,1
359e90b6-6f1f-47e9-a46b-d0ff54836077,7d18b6e3-de0c-4aea-bef8-242bbc38e936,1
359e90b6-6f1f-47e9-a46b-d0ff54836077,94f6aaa0-69ed-4721-a62c-c2b592bec175,3
359e90b6-6f1f-47e9-a46b-d0ff54836077,98aa8bde-85b0-49ed-9795-e2eeb206e3b8,2
359e90b6-6f1f-47e9-a46b-d0ff54836077,9f0c39d6-4a57-4849-9215-aa1147c7e0f6,1
359e90b6-6f1f-47e9-a46b-d0ff54836077,a437e923-725f-415e-a01d-5588a7af933e,1
359e90b6-6f1f-47e9-a46b-d0ff54836077,ab15ce32-a527-4526-a5b2-0f2cdb92feeb,7
359e90b6-6f1f-47e9-a46b-d0ff54836077,b41b2403-9f06-4d55-adc5-b0777373ca7e,4
359e90b6-6f1f-47e9-a46b-d0ff54836077,bb3a9cf3-6f64-4092-85a1-4318244ee603,2
359e90b6-6f1f-47e9-a46b-d0ff54836077,c6e26bd3-724f-45d3-93af-ef431e6fcd42,1
359e90b6-6f1f-47e9-a46b-d0ff54836077,eb79af3c-a66d-4374-b9e7-34d7f3e92dc7,2
35d9ddbe-1687-4f95-8821-d5b82c2cf205,3dd45c3b-636a-4f17-b11c-72e3cfc56330,9
35d9ddbe-1687-4f95-8821-d5b82c2cf205,412ecb41-f20c-477d-b8e7-d7b548a10a44,11
35d9ddbe-1687-4f95-8821-d5b82c2cf205,4aa76e80-51db-4c6f-b97c-e7926b39a66c,2
35d9ddbe-1687-4f95-8821-d5b82c2cf205,6d33b9bc-7d3a-4a60-b2d7-c2b70cd11ab1,1
35d9ddbe-1687-4f95-8821-d5b82c2cf205,8dcd68d9-3f9b-4c92-b3e6-9f6c48a3bdfe,15
35d9ddbe-1687-4f95-8821-d5b82c2cf205,aa612b6e-b61d-43a8-8775-c83839a9f6ef,1
35d9ddbe-1687-4f95-8821-d5b82c2cf205,ac61813c-2d49-4318-b5d0-32e3559b8db4,2
35d9ddbe-1687-4f95-8821-d5b82c2cf205,b4e1d8cf-e8cf-4b66-9ded-97fc8176fa4a,1
35d9ddbe-1687-4f95-8821-d5b82c2cf205,c6b2bdaf-8c1f-4b88-a8cb-167941b98bfb,1
35d9ddbe-1687-4f95-8821-d5b82c2cf205,cefbf19c-653b-4af7-84a6-e17fba0e4a70,8
35d9ddbe-1687-4f95-8821-d5b82c2cf205,ddaff486-ef62-4200-aeb9-eeb4bedcc620,21
35d9ddbe-1687-4f95-8821-d5b82c2cf205,e5c9b4ba-9064-4858-a052-bb3bbecfac4b,3
35d9ddbe-1687-4f95-8821-d5b82c2cf205,ec273841-069f-408b-b434-8524904ae314,8
36ff4d40-ec26-4ba3-9370-3ec3b73c42ff,39023322-8e6c-4cb4-b42d-c5bf80377dd6,7
36ff4d40-ec26-4ba3-9370-3ec3b73c42ff,3b8c5482-7bdb-414b-97c7-ca34fb10da6f,12
36ff4d40-ec26-4ba3-9370-3ec3b73c42ff,44081df1-828e-4d79-bd27-261be38f66f1,1
36ff4d40-ec26-4ba3-9370-3ec3b73c42ff,49f5b5f1-da8f-40a0-b78e-0616e2f30f78,1
36ff4d40-ec26-4ba3-9370-3ec3b73c42ff,4a92f48a-0387-47c7-800e-cf59692e6411,3
36ff4d40-ec26-4ba3-9370-3ec3b73c42ff,4c3e51e6-9f1e-49cc-a919-f74a8c88343e,1
36ff4d40-ec26-4ba3-9370-3ec3b73c42ff,4d73ea92-7e5c-4964-bc40-d80f38860ae4,3
36ff4d40-ec26-4ba3-9370-3ec3b73c42ff,4eacd971-8961-4956-b73b-7de0745de280,4
36ff4d40-ec26-4ba3-9370-3ec3b73c42ff,551f9a19-738c-4298-afe1-5ca7959ab74b,32
36ff4d40-ec26-4ba3-9370-3ec3b73c42ff,56cbb44d-9390-480d-b686-56da6c2d6d35,7
36ff4d40-ec26-4ba3-9370-3ec3b73c42ff,581d8f64-6060-4cf0-b281-a46ad978cf0d,3
36ff4d40-ec26-4ba3-9370-3ec3b73c42ff,58e27c9a-59be-407b-8213-714cf1d3acc4,1
36ff4d40-ec26-4ba3-9370-3ec3b73c42ff,5d54939f-2da7-4ca6-b159-4ef344336b21,3
36ff4d40-ec26-4ba3-9370-3ec3b73c42ff,5dfe97b2-fffb-4586-a999-1cbcfde80674,11
36ff4d40-ec26-4ba3-9370-3ec3b73c42ff,64522cbc-a297-4c67-a204-1e31deb91f68,7
36ff4d40-ec26-4ba3-9370-3ec3b73c42ff,6bfaf570-5b6f-41e1-baf2-b833f6203513,4
36ff4d40-ec26-4ba3-9370-3ec3b73c42ff,6c2ee55a-fa05-4a41-b522-c878c6a61ce8,1
36ff4d40-ec26-4ba3-9370-3ec3b73c42ff,71cbc21c-4e36-4df7-9f58-e15a1c1f162c,9
36ff4d40-ec26-4ba3-9370-3ec3b73c42ff,71df2edb-5973-46ec-82d7-c65ccd00abd4,1
36ff4d40-ec26-4ba3-9370-3ec3b73c42ff,74c13ffe-54e0-4cfd-a5fd-f21de61a0995,2
36ff4d40-ec26-4ba3-9370-3ec3b73c42ff,7dc8c80e-6b9a-47e5-b61f-d57bcb36158f,5
36ff4d40-ec26-4ba3-9370-3ec3b73c42ff,7f11ad79-297b-4b42-9fe0-f3fd38a470a9,2
36ff4d40-ec26-4ba3-9370-3ec3b73c42ff,808636f6-10d2-4ed6-a5fe-f98ab3fcbbee,1
36ff4d40-ec26-4ba3-9370-3ec3b73c42ff,81552958-ef83-4fab-8a92-6e5b1975c9ef,1
36ff4d40-ec26-4ba3-9370-3ec3b73c42ff,84e7ec53-7bec-491e-bec7-19b6b1d359b1,2
36ff4d40-ec26-4ba3-9370-3ec3b73c42ff,8711c928-b30d-4859-b091-74678ca63e5b,18
36ff4d40-ec26-4ba3-9370-3ec3b73c42ff,8ba16b4b-5dc1-441e-9229-8bb63c903ce1,2
36ff4d40-ec26-4ba3-9370-3ec3b73c42ff,93ace320-ab4e-42d3-9783-b2e2e02eb546,4
36ff4d40-ec26-4ba3-9370-3ec3b73c42ff,95b979e4-888d-402d-8167-4f817cea413b,6
36ff4d40-ec26-4ba3-9370-3ec3b73c42ff,974099ff-20a6-4119-84be-96e244befc55,1
36ff4d40-ec26-4ba3-9370-3ec3b73c42ff,98aa8bde-85b0-49ed-9795-e2eeb206e3b8,13
36ff4d40-ec26-4ba3-9370-3ec3b73c42ff,9bf12da8-39ea-4505-9500-764bc440cfc9,16
36ff4d40-ec26-4ba3-9370-3ec3b73c42ff,9c4710f5-fb0b-42cc-9d53-4cf5dfe6e27c,1
36ff4d40-ec26-4ba3-9370-3ec3b73c42ff,a4074721-5d4d-444a-bb98-1ddbc592a78a,5
36ff4d40-ec26-4ba3-9370-3ec3b73c42ff,a8e4581d-5186-4367-95c5-0a754c60b276,1
36ff4d40-ec26-4ba3-9370-3ec3b73c42ff,a901d2d2-35f6-4341-bbfb-38e5d9b21d07,20
36ff4d40-ec26-4ba3-9370-3ec3b73c42ff,aa0272f6-6e3c-41f7-b040-b774b30d2196,11
36ff4d40-ec26-4ba3-9370-3ec3b73c42ff,aa316142-d6ee-4138-bf48-37cd7d11d058,1
36ff4d40-ec26-4ba3-9370-3ec3b73c42ff,ab15ce32-a527-4526-a5b2-0f2cdb92feeb,2
36ff4d40-ec26-4ba3-9370-3ec3b73c42ff,ab97f146-7308-4a7e-9197-2ef5ee467a95,4
36ff4d40-ec26-4ba3-9370-3ec3b73c42ff,ac61813c-2d49-4318-b5d0-32e3559b8db4,4
36ff4d40-ec26-4ba3-9370-3ec3b73c42ff,ad8654f3-811a-4a63-ab7a-01bf76347caa,4
36ff4d40-ec26-4ba3-9370-3ec3b73c42ff,b3230578-426f-4b84-bfe2-6a8136c6a3af,4
36ff4d40-ec26-4ba3-9370-3ec3b73c42ff,b8663b71-f92b-4d2b-a06b-f78dba168d98,2
36ff4d40-ec26-4ba3-9370-3ec3b73c42ff,b9cfefa1-1e5e-4fd7-a9d5-458e4c3a20db,2
36ff4d40-ec26-4ba3-9370-3ec3b73c42ff,bb3a9cf3-6f64-4092-85a1-4318244ee603,3
36ff4d40-ec26-4ba3-9370-3ec3b73c42ff,bf030048-0434-42f1-bbed-8b0c04014db4,3
36ff4d40-ec26-4ba3-9370-3ec3b73c42ff,bf97025a-1c30-4042-bffe-948027f24e6c,13
36ff4d40-ec26-4ba3-9370-3ec3b73c42ff,c0d8ed4a-ec11-48e2-a468-6cd93327305b,14
36ff4d40-ec26-4ba3-9370-3ec3b73c42ff,c128a46d-ebd9-4ee9-80cc-16bfe505e539,5
36ff4d40-ec26-4ba3-9370-3ec3b73c42ff,c1c11045-81c6-43a3-96e4-4cc6d5f2fbb4,2
36ff4d40-ec26-4ba3-9370-3ec3b73c42ff,c4f7c468-721e-4953-97f2-bff05fe570c4,2
36ff4d40-ec26-4ba3-9370-3ec3b73c42ff,c60c655f-40ba-47b0-8e93-a2c8d1ff4743,1
36ff4d40-ec26-4ba3-9370-3ec3b73c42ff,c7822b58-103f-4612-87ef-648be97192c6,12
36ff4d40-ec26-4ba3-9370-3ec3b73c42ff,cefbf19c-653b-4af7-84a6-e17fba0e4a70,10
36ff4d40-ec26-4ba3-9370-3ec3b73c42ff,cf4c4d24-798d-4bbe-bf06-23ca674f0d28,10
36ff4d40-ec26-4ba3-9370-3ec3b73c42ff,d07ef52c-cc10-4445-a3a1-dfe50371f110,1
36ff4d40-ec26-4ba3-9370-3ec3b73c42ff,d0d8dcbd-4818-4925-a684-13767c7dae0d,3
36ff4d40-ec26-4ba3-9370-3ec3b73c42ff,d1bb566e-a111-43b7-8856-273ebac1f753,20
36ff4d40-ec26-4ba3-9370-3ec3b73c42ff,e10065e1-776d-4bf3-8669-56788c453079,9
36ff4d40-ec26-4ba3-9370-3ec3b73c42ff,e5c9b4ba-9064-4858-a052-bb3bbecfac4b,1
36ff4d40-ec26-4ba3-9370-3ec3b73c42ff,e6cc253d-14cb-437b-be88-4966f5fcb1f5,2
36ff4d40-ec26-4ba3-9370-3ec3b73c42ff,e7f0d8e8-4c52-4d0a-8b94-28729046f45b,17
36ff4d40-ec26-4ba3-9370-3ec3b73c42ff,f0ff5ae5-e0e8-4a26-af3a-93c8b5947dc4,1
36ff4d40-ec26-4ba3-9370-3ec3b73c42ff,f6e59e50-f22a-450c-8d4f-8a7072e50277,1
36ff4d40-ec26-4ba3-9370-3ec3b73c42ff,fa4d473c-e553-439e-8f53-ca5f2b203dbd,2
36ff4d40-ec26-4ba3-9370-3ec3b73c42ff,fcdd8eba-ce4c-40ad-b68e-4fe542abd6b3,1
36ff4d40-ec26-4ba3-9370-3ec3b73c42ff,fd45195f-c35d-47c9-844e-a5893e10839e,10
36ff4d40-ec26-4ba3-9370-3ec3b73c42ff,fd544ce8-6d2a-4d79-81e0-c240fcf1776e,7
388e72cf-63dd-4839-9ce7-5491b6bdcfd8,397c857a-fda0-414d-8fdc-8288cd3284aa,2
388e72cf-63dd-4839-9ce7-5491b6bdcfd8,3e48d4c9-0d66-4b50-9f9c-969b5e314a42,29
388e72cf-63dd-4839-9ce7-5491b6bdcfd8,44081df1-828e-4d79-bd27-261be38f66f1,4
388e72cf-63dd-4839-9ce7-5491b6bdcfd8,4c3e51e6-9f1e-49cc-a919-f74a8c88343e,33
388e72cf-63dd-4839-9ce7-5491b6bdcfd8,522d59a0-10ba-488f-a27a-a1dda7581900,3
388e72cf-63dd-4839-9ce7-5491b6bdcfd8,551f9a19-738c-4298-afe1-5ca7959ab74b,19
388e72cf-63dd-4839-9ce7-5491b6bdcfd8,56a86879-60e4-4cdb-b5f1-b66d6d090798,4
388e72cf-63dd-4839-9ce7-5491b6bdcfd8,666f31ca-041f-466d-9e78-804317921d69,3
388e72cf-63dd-4839-9ce7-5491b6bdcfd8,66b2be3d-10f8-46a4-90c6-b86005df0a50,2
388e72cf-63dd-4839-9ce7-5491b6bdcfd8,6a54c095-9872-4322-81be-114b74233d40,7
388e72cf-63dd-4839-9ce7-5491b6bdcfd8,6d33b9bc-7d3a-4a60-b2d7-c2b70cd11ab1,4
388e72cf-63dd-4839-9ce7-5491b6bdcfd8,74b44968-d1f2-482a-a365-1fbb4cbda7f9,1
388e72cf-63dd-4839-9ce7-5491b6bdcfd8,754f2d87-8990-4b77-8181-54d8df8fa63a,1
388e72cf-63dd-4839-9ce7-5491b6bdcfd8,7cbb2d95-46b2-4fcb-b129-9505f56e7f07,2
388e72cf-63dd-4839-9ce7-5491b6bdcfd8,7d18b6e3-de0c-4aea-bef8-242bbc38e936,1
388e72cf-63dd-4839-9ce7-5491b6bdcfd8,8509e44d-0f9b-413a-a2cd-f64d656c3955,5
388e72cf-63dd-4839-9ce7-5491b6bdcfd8,88bf9f29-aa91-4ddd-ad2d-b73dfe6706ef,46
388e72cf-63dd-4839-9ce7-5491b6bdcfd8,89d70a20-bd10-46ed-866a-2c79362a0559,3
388e72cf-63dd-4839-9ce7-5491b6bdcfd8,8dfa0156-0834-4c00-87e8-c4e9919f781f,4
388e72cf-63dd-4839-9ce7-5491b6bdcfd8,973da897-66c7-4010-a98d-505e0e97a60c,16
388e72cf-63dd-4839-9ce7-5491b6bdcfd8,97ffe642-648f-4dab-a0e8-0720e96e3e35,11
388e72cf-63dd-4839-9ce7-5491b6bdcfd8,98aa8bde-85b0-49ed-9795-e2eeb206e3b8,16
388e72cf-63dd-4839-9ce7-5491b6bdcfd8,9b13c8c8-eba4-411e-b095-858e352d3178,6
388e72cf-63dd-4839-9ce7-5491b6bdcfd8,9e79de98-e914-4dc8-8dc7-6d7cb09b93d7,11
388e72cf-63dd-4839-9ce7-5491b6bdcfd8,9f0c39d6-4a57-4849-9215-aa1147c7e0f6,35
388e72cf-63dd-4839-9ce7-5491b6bdcfd8,9f855643-68a2-409e-b4fe-81b92547212a,8
388e72cf-63dd-4839-9ce7-5491b6bdcfd8,a437e923-725f-415e-a01d-5588a7af933e,1
388e72cf-63dd-4839-9ce7-5491b6bdcfd8,a68468b6-51ea-440c-9387-b44ba10ad8b6,2
388e72cf-63dd-4839-9ce7-5491b6bdcfd8,a8e4581d-5186-4367-95c5-0a754c60b276,15
388e72cf-63dd-4839-9ce7-5491b6bdcfd8,ab15ce32-a527-4526-a5b2-0f2cdb92feeb,13
388e72cf-63dd-4839-9ce7-5491b6bdcfd8,b41b2403-9f06-4d55-adc5-b0777373ca7e,26
388e72cf-63dd-4839-9ce7-5491b6bdcfd8,b7a52679-bac9-4e00-9dfd-06a22a7cf088,3
388e72cf-63dd-4839-9ce7-5491b6bdcfd8,b8663b71-f92b-4d2b-a06b-f78dba168d98,3
388e72cf-63dd-4839-9ce7-5491b6bdcfd8,b8d002bc-ea6c-4f57-b36e-38415b205e09,8
388e72cf-63dd-4839-9ce7-5491b6bdcfd8,bb6801d4-f671-4ade-aa86-29aa89373dd9,1
388e72cf-63dd-4839-9ce7-5491b6bdcfd8,bf494e35-c009-4c74-a5c6-3cb2cd26bb51,1
388e72cf-63dd-4839-9ce7-5491b6bdcfd8,c0d8ed4a-ec11-48e2-a468-6cd93327305b,44
388e72cf-63dd-4839-9ce7-5491b6bdcfd8,c3b1dca8-2cb4-4025-9527-36163a098c1f,2
388e72cf-63dd-4839-9ce7-5491b6bdcfd8,c6e26bd3-724f-45d3-93af-ef431e6fcd42,5
388e72cf-63dd-4839-9ce7-5491b6bdcfd8,c7822b58-103f-4612-87ef-648be97192c6,33
388e72cf-63dd-4839-9ce7-5491b6bdcfd8,ccea26dd-dcae-4174-8945-ec5cb568e951,1
388e72cf-63dd-4839-9ce7-5491b6bdcfd8,cf4c4d24-798d-4bbe-bf06-23ca674f0d28,2
388e72cf-63dd-4839-9ce7-5491b6bdcfd8,d07ef52c-cc10-4445-a3a1-dfe50371f110,4
388e72cf-63dd-4839-9ce7-5491b6bdcfd8,d0d8dcbd-4818-4925-a684-13767c7dae0d,7
388e72cf-63dd-4839-9ce7-5491b6bdcfd8,d34e1efc-fbba-4ad8-823a-61bc3f25d580,8
388e72cf-63dd-4839-9ce7-5491b6bdcfd8,d38ca3cf-9803-48dc-8592-c67c4430168e,3
388e72cf-63dd-4839-9ce7-5491b6bdcfd8,d59d1492-57b6-482b-88b6-b2b77c45c33d,2
388e72cf-63dd-4839-9ce7-5491b6bdcfd8,d847851a-777b-43c6-83b3-392672659edc,8
388e72cf-63dd-4839-9ce7-5491b6bdcfd8,d89044ef-b7df-4a15-be10-d342fe381664,22
388e72cf-63dd-4839-9ce7-5491b6bdcfd8,da9f33b0-80ca-49eb-a1ec-def3b46538d9,4
388e72cf-63dd-4839-9ce7-5491b6bdcfd8,ea21d788-7cfe-41ff-b22f-0664397139af,3
388e72cf-63dd-4839-9ce7-5491b6bdcfd8,f289b7eb-f6ba-415b-90d9-1124c652637c,2
388e72cf-63dd-4839-9ce7-5491b6bdcfd8,f31cabe4-e1f4-46db-88a9-b46ba44dded4,20
388e72cf-63dd-4839-9ce7-5491b6bdcfd8,fa4d473c-e553-439e-8f53-ca5f2b203dbd,1
388e72cf-63dd-4839-9ce7-5491b6bdcfd8,fb291eb2-962a-482f-971a-0b62673f9a86,11
388e72cf-63dd-4839-9ce7-5491b6bdcfd8,fdc445bd-f8fe-4cfc-b387-7fd66a181674,28
39023322-8e6c-4cb4-b42d-c5bf80377dd6,3983584c-76b6-4a70-9040-dadc84949e88,1
39023322-8e6c-4cb4-b42d-c5bf80377dd6,3b8c5482-7bdb-414b-97c7-ca34fb10da6f,10
39023322-8e6c-4cb4-b42d-c5bf80377dd6,412ecb41-f20c-477d-b8e7-d7b548a10a44,1
39023322-8e6c-4cb4-b42d-c5bf80377dd6,43fd0a28-6a9c-4427-a55c-211fbae70091,15
39023322-8e6c-4cb4-b42d-c5bf80377dd6,44081df1-828e-4d79-bd27-261be38f66f1,34
39023322-8e6c-4cb4-b42d-c5bf80377dd6,44f6140e-9776-4c08-bd68-5dde99f2ab62,31
39023322-8e6c-4cb4-b42d-c5bf80377dd6,4a92f48a-0387-47c7-800e-cf59692e6411,1
39023322-8e6c-4cb4-b42d-c5bf80377dd6,4a9d1641-505a-4e22-96d3-36be9d1e6322,2
39023322-8e6c-4cb4-b42d-c5bf80377dd6,4aa76e80-51db-4c6f-b97c-e7926b39a66c,9
39023322-8e6c-4cb4-b42d-c5bf80377dd6,4bfc5a46-654d-445f-9b71-fc3e06d40ae4,1
39023322-8e6c-4cb4-b42d-c5bf80377dd6,4c3e51e6-9f1e-49cc-a919-f74a8c88343e,3
39023322-8e6c-4cb4-b42d-c5bf80377dd6,4d13ea1d-c9b6-4313-8ba0-fd040d8a319e,2
39023322-8e6c-4cb4-b42d-c5bf80377dd6,4d73ea92-7e5c-4964-bc40-d80f38860ae4,11
39023322-8e6c-4cb4-b42d-c5bf80377dd6,551f9a19-738c-4298-afe1-5ca7959ab74b,2
39023322-8e6c-4cb4-b42d-c5bf80377dd6,581d8f64-6060-4cf0-b281-a46ad978cf0d,1
39023322-8e6c-4cb4-b42d-c5bf80377dd6,58e27c9a-59be-407b-8213-714cf1d3acc4,1
39023322-8e6c-4cb4-b42d-c5bf80377dd6,5d54939f-2da7-4ca6-b159-4ef344336b21,3
39023322-8e6c-4cb4-b42d-c5bf80377dd6,64522cbc-a297-4c67-a204-1e31deb91f68,15
39023322-8e6c-4cb4-b42d-c5bf80377dd6,6c2ee55a-fa05-4a41-b522-c878c6a61ce8,3
39023322-8e6c-4cb4-b42d-c5bf80377dd6,6fc5878e-d76a-4e9d-a4e3-e5ef581bb2ff,3
39023322-8e6c-4cb4-b42d-c5bf80377dd6,71cbc21c-4e36-4df7-9f58-e15a1c1f162c,37
39023322-8e6c-4cb4-b42d-c5bf80377dd6,71df2edb-5973-46ec-82d7-c65ccd00abd4,1
39023322-8e6c-4cb4-b42d-c5bf80377dd6,74b44968-d1f2-482a-a365-1fbb4cbda7f9,1
39023322-8e6c-4cb4-b42d-c5bf80377dd6,75a44c3a-5914-4c8e-9ca4-d987853f5844,1
39023322-8e6c-4cb4-b42d-c5bf80377dd6,77c541d2-49e3-483f-869d-134df420c5ea,1
39023322-8e6c-4cb4-b42d-c5bf80377dd6,80d891ee-7f80-4d4f-b486-3b0d1a9fd67a,3
39023322-8e6c-4cb4-b42d-c5bf80377dd6,83a1ccbf-fe6a-4f7a-a0d0-4cf90337ab90,1
39023322-8e6c-4cb4-b42d-c5bf80377dd6,8711c928-b30d-4859-b091-74678ca63e5b,1
39023322-8e6c-4cb4-b42d-c5bf80377dd6,872e3c31-98a5-40cb-b7dc-9c821f3b1bca,7
39023322-8e6c-4cb4-b42d-c5bf80377dd6,88bf9f29-aa91-4ddd-ad2d-b73dfe6706ef,1
39023322-8e6c-4cb4-b42d-c5bf80377dd6,89d70a20-bd10-46ed-866a-2c79362a0559,1
39023322-8e6c-4cb4-b42d-c5bf80377dd6,8ba16b4b-5dc1-441e-9229-8bb63c903ce1,2
39023322-8e6c-4cb4-b42d-c5bf80377dd6,8c5a8186-8f46-4bca-956d-06d4fa521635,31
39023322-8e6c-4cb4-b42d-c5bf80377dd6,92fe14f9-9abe-4759-b311-8b635302c2f2,3
39023322-8e6c-4cb4-b42d-c5bf80377dd6,935fc903-0272-4f85-84e7-6c22aa9710f3,3
39023322-8e6c-4cb4-b42d-c5bf80377dd6,93ace320-ab4e-42d3-9783-b2e2e02eb546,1
39023322-8e6c-4cb4-b42d-c5bf80377dd6,95b979e4-888d-402d-8167-4f817cea413b,5
39023322-8e6c-4cb4-b42d-c5bf80377dd6,990c794a-2170-435a-8c43-97d4fd0e621e,1
39023322-8e6c-4cb4-b42d-c5bf80377dd6,9ab41898-332f-4c08-a834-d58b4669c990,2
39023322-8e6c-4cb4-b42d-c5bf80377dd6,9b13c8c8-eba4-411e-b095-858e352d3178,3
39023322-8e6c-4cb4-b42d-c5bf80377dd6,9bf12da8-39ea-4505-9500-764bc440cfc9,2
39023322-8e6c-4cb4-b42d-c5bf80377dd6,9c4710f5-fb0b-42cc-9d53-4cf5dfe6e27c,5
39023322-8e6c-4cb4-b42d-c5bf80377dd6,9d2229a5-c46a-485a-9b82-315e270c3e9a,1
39023322-8e6c-4cb4-b42d-c5bf80377dd6,9ea41959-b952-4e42-92fb-bc616ac17241,4
39023322-8e6c-4cb4-b42d-c5bf80377dd6,9f3aadb0-0f76-49b8-9e54-126c97fc0ae8,6
39023322-8e6c-4cb4-b42d-c5bf80377dd6,a900b4e7-92d9-4903-ab21-3189f17fe2e0,6
39023322-8e6c-4cb4-b42d-c5bf80377dd6,aa0272f6-6e3c-41f7-b040-b774b30d2196,44
39023322-8e6c-4cb4-b42d-c5bf80377dd6,ab97f146-7308-4a7e-9197-2ef5ee467a95,2
39023322-8e6c-4cb4-b42d-c5bf80377dd6,ac61813c-2d49-4318-b5d0-32e3559b8db4,92
39023322-8e6c-4cb4-b42d-c5bf80377dd6,ac969248-8799-4f53-ad71-76815c79da35,2
39023322-8e6c-4cb4-b42d-c5bf80377dd6,ae91b7a3-544d-40c7-8373-815a0bd18cf0,13
39023322-8e6c-4cb4-b42d-c5bf80377dd6,b29c0e00-7ac2-4c28-ab4f-8fceb156337b,21
39023322-8e6c-4cb4-b42d-c5bf80377dd6,b4fdf408-8296-4d14-9e95-b4b96dc20751,1
39023322-8e6c-4cb4-b42d-c5bf80377dd6,ba21eb65-8546-40e5-a425-0d228d0eaeac,10
39023322-8e6c-4cb4-b42d-c5bf80377dd6,bd954447-a92c-4899-a9a8-4a58569fd4d2,5
39023322-8e6c-4cb4-b42d-c5bf80377dd6,bf030048-0434-42f1-bbed-8b0c04014db4,33
39023322-8e6c-4cb4-b42d-c5bf80377dd6,bf97025a-1c30-4042-bffe-948027f24e6c,2
39023322-8e6c-4cb4-b42d-c5bf80377dd6,c128a46d-ebd9-4ee9-80cc-16bfe505e539,16
39023322-8e6c-4cb4-b42d-c5bf80377dd6,c1c11045-81c6-43a3-96e4-4cc6d5f2fbb4,26
39023322-8e6c-4cb4-b42d-c5bf80377dd6,c6b2bdaf-8c1f-4b88-a8cb-167941b98bfb,1
39023322-8e6c-4cb4-b42d-c5bf80377dd6,c7822b58-103f-4612-87ef-648be97192c6,1
39023322-8e6c-4cb4-b42d-c5bf80377dd6,cabae19e-836c-48c4-903e-7357789f9260,18
39023322-8e6c-4cb4-b42d-c5bf80377dd6,cf4c4d24-798d-4bbe-bf06-23ca674f0d28,17
39023322-8e6c-4cb4-b42d-c5bf80377dd6,cfb17042-9f10-4e44-99f4-358bad067455,2
39023322-8e6c-4cb4-b42d-c5bf80377dd6,cfd07390-25a9-4fdb-bced-8a463530bf51,8
39023322-8e6c-4cb4-b42d-c5bf80377dd6,d07ef52c-cc10-4445-a3a1-dfe50371f110,8
39023322-8e6c-4cb4-b42d-c5bf80377dd6,d1bb566e-a111-43b7-8856-273ebac1f753,20
39023322-8e6c-4cb4-b42d-c5bf80377dd6,ddaff486-ef62-4200-aeb9-eeb4bedcc620,1
39023322-8e6c-4cb4-b42d-c5bf80377dd6,e5c9b4ba-9064-4858-a052-bb3bbecfac4b,10
39023322-8e6c-4cb4-b42d-c5bf80377dd6,e6cc253d-14cb-437b-be88-4966f5fcb1f5,27
39023322-8e6c-4cb4-b42d-c5bf80377dd6,edb8800b-6f1b-4e13-be0a-5b88fbd13c82,5
39023322-8e6c-4cb4-b42d-c5bf80377dd6,ee32e8d2-aa15-4603-901e-2cc3c72e9ead,1
39023322-8e6c-4cb4-b42d-c5bf80377dd6,eef0e09f-c709-4de5-8b44-086876d5f631,4
39023322-8e6c-4cb4-b42d-c5bf80377dd6,fac3056b-df3b-4712-9ae3-56472806747b,2
39023322-8e6c-4cb4-b42d-c5bf80377dd6,fdc445bd-f8fe-4cfc-b387-7fd66a181674,6
39264f53-3ba8-4732-a408-afebe5bec233,409289ab-9547-46db-be9f-d8e3d7c1df41,1
39264f53-3ba8-4732-a408-afebe5bec233,58fc3889-ed2a-4cb0-bbd8-54ef85e3f9a1,1
39264f53-3ba8-4732-a408-afebe5bec233,618bbc2f-4dc0-41a2-8ae0-7dd1e4a76c90,1
39264f53-3ba8-4732-a408-afebe5bec233,efbd64bd-4263-433f-a3f2-67386477de49,1
397c857a-fda0-414d-8fdc-8288cd3284aa,3e48d4c9-0d66-4b50-9f9c-969b5e314a42,1
397c857a-fda0-414d-8fdc-8288cd3284aa,4c3e51e6-9f1e-49cc-a919-f74a8c88343e,1
397c857a-fda0-414d-8fdc-8288cd3284aa,4eacd971-8961-4956-b73b-7de0745de280,1
397c857a-fda0-414d-8fdc-8288cd3284aa,522d59a0-10ba-488f-a27a-a1dda7581900,1
397c857a-fda0-414d-8fdc-8288cd3284aa,551f9a19-738c-4298-afe1-5ca7959ab74b,1
397c857a-fda0-414d-8fdc-8288cd3284aa,5ab23e3a-aed4-4713-9214-53336765be9d,3
397c857a-fda0-414d-8fdc-8288cd3284aa,666f31ca-041f-466d-9e78-804317921d69,19
397c857a-fda0-414d-8fdc-8288cd3284aa,66b2be3d-10f8-46a4-90c6-b86005df0a50,6
397c857a-fda0-414d-8fdc-8288cd3284aa,6d33b9bc-7d3a-4a60-b2d7-c2b70cd11ab1,1
397c857a-fda0-414d-8fdc-8288cd3284aa,74c13ffe-54e0-4cfd-a5fd-f21de61a0995,6
397c857a-fda0-414d-8fdc-8288cd3284aa,75a44c3a-5914-4c8e-9ca4-d987853f5844,1
397c857a-fda0-414d-8fdc-8288cd3284aa,762e0f40-f100-4896-85a2-b1d8818fae41,1
397c857a-fda0-414d-8fdc-8288cd3284aa,819764fa-3a17-467b-8327-30899ed083b6,4
397c857a-fda0-414d-8fdc-8288cd3284aa,859e1824-cc60-4304-9293-dca932ebbed2,3
397c857a-fda0-414d-8fdc-8288cd3284aa,935fc903-0272-4f85-84e7-6c22aa9710f3,2
397c857a-fda0-414d-8fdc-8288cd3284aa,97ffe642-648f-4dab-a0e8-0720e96e3e35,1
397c857a-fda0-414d-8fdc-8288cd3284aa,98aa8bde-85b0-49ed-9795-e2eeb206e3b8,17
397c857a-fda0-414d-8fdc-8288cd3284aa,9ab41898-332f-4c08-a834-d58b4669c990,1
397c857a-fda0-414d-8fdc-8288cd3284aa,9b13c8c8-eba4-411e-b095-858e352d3178,2
397c857a-fda0-414d-8fdc-8288cd3284aa,9f0c39d6-4a57-4849-9215-aa1147c7e0f6,1
397c857a-fda0-414d-8fdc-8288cd3284aa,a1877608-2b03-4620-b854-d57de44cd52e,3
397c857a-fda0-414d-8fdc-8288cd3284aa,a396ae20-6309-456b-a5ae-e4068dea8a67,2
397c857a-fda0-414d-8fdc-8288cd3284aa,a68468b6-51ea-440c-9387-b44ba10ad8b6,2
397c857a-fda0-414d-8fdc-8288cd3284aa,a8e4581d-5186-4367-95c5-0a754c60b276,1
397c857a-fda0-414d-8fdc-8288cd3284aa,aa0272f6-6e3c-41f7-b040-b774b30d2196,1
397c857a-fda0-414d-8fdc-8288cd3284aa,ab15ce32-a527-4526-a5b2-0f2cdb92feeb,8
397c857a-fda0-414d-8fdc-8288cd3284aa,ad8654f3-811a-4a63-ab7a-01bf76347caa,4
397c857a-fda0-414d-8fdc-8288cd3284aa,b29c0e00-7ac2-4c28-ab4f-8fceb156337b,1
397c857a-fda0-414d-8fdc-8288cd3284aa,b41b2403-9f06-4d55-adc5-b0777373ca7e,3
397c857a-fda0-414d-8fdc-8288cd3284aa,b8d002bc-ea6c-4f57-b36e-38415b205e09,2
397c857a-fda0-414d-8fdc-8288cd3284aa,ba21eb65-8546-40e5-a425-0d228d0eaeac,13
397c857a-fda0-414d-8fdc-8288cd3284aa,bb3a9cf3-6f64-4092-85a1-4318244ee603,3
397c857a-fda0-414d-8fdc-8288cd3284aa,bf97025a-1c30-4042-bffe-948027f24e6c,1
397c857a-fda0-414d-8fdc-8288cd3284aa,c0d8ed4a-ec11-48e2-a468-6cd93327305b,2
397c857a-fda0-414d-8fdc-8288cd3284aa,c3b1dca8-2cb4-4025-9527-36163a098c1f,1
397c857a-fda0-414d-8fdc-8288cd3284aa,c6e26bd3-724f-45d3-93af-ef431e6fcd42,3
397c857a-fda0-414d-8fdc-8288cd3284aa,c7822b58-103f-4612-87ef-648be97192c6,1
397c857a-fda0-414d-8fdc-8288cd3284aa,cabae19e-836c-48c4-903e-7357789f9260,11
397c857a-fda0-414d-8fdc-8288cd3284aa,cf4c4d24-798d-4bbe-bf06-23ca674f0d28,2
397c857a-fda0-414d-8fdc-8288cd3284aa,d1bb566e-a111-43b7-8856-273ebac1f753,12
397c857a-fda0-414d-8fdc-8288cd3284aa,d38ca3cf-9803-48dc-8592-c67c4430168e,13
397c857a-fda0-414d-8fdc-8288cd3284aa,da756f9c-3f10-4ab8-9fa8-75812e248959,1
397c857a-fda0-414d-8fdc-8288cd3284aa,da9f33b0-80ca-49eb-a1ec-def3b46538d9,2
397c857a-fda0-414d-8fdc-8288cd3284aa,e10065e1-776d-4bf3-8669-56788c453079,1
397c857a-fda0-414d-8fdc-8288cd3284aa,fa4d473c-e553-439e-8f53-ca5f2b203dbd,3
3983584c-76b6-4a70-9040-dadc84949e88,44081df1-828e-4d79-bd27-261be38f66f1,3
3983584c-76b6-4a70-9040-dadc84949e88,4c3e51e6-9f1e-49cc-a919-f74a8c88343e,2
3983584c-76b6-4a70-9040-dadc84949e88,58e27c9a-59be-407b-8213-714cf1d3acc4,2
3983584c-76b6-4a70-9040-dadc84949e88,6bfaf570-5b6f-41e1-baf2-b833f6203513,1
3983584c-76b6-4a70-9040-dadc84949e88,71cbc21c-4e36-4df7-9f58-e15a1c1f162c,63
3983584c-76b6-4a70-9040-dadc84949e88,74c13ffe-54e0-4cfd-a5fd-f21de61a0995,10
3983584c-76b6-4a70-9040-dadc84949e88,75a44c3a-5914-4c8e-9ca4-d987853f5844,5
3983584c-76b6-4a70-9040-dadc84949e88,762e0f40-f100-4896-85a2-b1d8818fae41,1
3983584c-76b6-4a70-9040-dadc84949e88,7897cad0-5099-4630-9311-65cc01450063,1
3983584c-76b6-4a70-9040-dadc84949e88,88e0734b-8c03-4daa-8ec5-055e36c07030,27
3983584c-76b6-4a70-9040-dadc84949e88,89d70a20-bd10-46ed-866a-2c79362a0559,20
3983584c-76b6-4a70-9040-dadc84949e88,8f6a5115-367e-4dc2-88c5-1eae50593652,3
3983584c-76b6-4a70-9040-dadc84949e88,98aa8bde-85b0-49ed-9795-e2eeb206e3b8,1
3983584c-76b6-4a70-9040-dadc84949e88,9ab41898-332f-4c08-a834-d58b4669c990,1
3983584c-76b6-4a70-9040-dadc84949e88,9b13c8c8-eba4-411e-b095-858e352d3178,2
3983584c-76b6-4a70-9040-dadc84949e88,9bf12da8-39ea-4505-9500-764bc440cfc9,1
3983584c-76b6-4a70-9040-dadc84949e88,9d2229a5-c46a-485a-9b82-315e270c3e9a,2
3983584c-76b6-4a70-9040-dadc84949e88,9ea41959-b952-4e42-92fb-bc616ac17241,38
3983584c-76b6-4a70-9040-dadc84949e88,a4074721-5d4d-444a-bb98-1ddbc592a78a,2
3983584c-76b6-4a70-9040-dadc84949e88,a59b540b-1460-4aa0-b9ce-19356f87c77e,1
3983584c-76b6-4a70-9040-dadc84949e88,a8e4581d-5186-4367-95c5-0a754c60b276,1
3983584c-76b6-4a70-9040-dadc84949e88,b29c0e00-7ac2-4c28-ab4f-8fceb156337b,3
3983584c-76b6-4a70-9040-dadc84949e88,b3230578-426f-4b84-bfe2-6a8136c6a3af,2
3983584c-76b6-4a70-9040-dadc84949e88,ba21eb65-8546-40e5-a425-0d228d0eaeac,10
3983584c-76b6-4a70-9040-dadc84949e88,c0648a21-11c6-4b4f-a4be-205d7dcbb746,7
3983584c-76b6-4a70-9040-dadc84949e88,c0d8ed4a-ec11-48e2-a468-6cd93327305b,1
3983584c-76b6-4a70-9040-dadc84949e88,c3b1dca8-2cb4-4025-9527-36163a098c1f,2
3983584c-76b6-4a70-9040-dadc84949e88,c8935902-45d6-45d6-ac31-77bc0e143154,4
3983584c-76b6-4a70-9040-dadc84949e88,cabae19e-836c-48c4-903e-7357789f9260,3
3983584c-76b6-4a70-9040-dadc84949e88,d07ef52c-cc10-4445-a3a1-dfe50371f110,4
3983584c-76b6-4a70-9040-dadc84949e88,d53f00ee-a955-434a-b636-f07d79859c49,2
3983584c-76b6-4a70-9040-dadc84949e88,dc9f60e4-e1a4-487b-a002-40b3c77ba896,5
3983584c-76b6-4a70-9040-dadc84949e88,ee32e8d2-aa15-4603-901e-2cc3c72e9ead,9
3983584c-76b6-4a70-9040-dadc84949e88,fa4d473c-e553-439e-8f53-ca5f2b203dbd,7
3983584c-76b6-4a70-9040-dadc84949e88,fd544ce8-6d2a-4d79-81e0-c240fcf1776e,3
3b8c5482-7bdb-414b-97c7-ca34fb10da6f,44081df1-828e-4d79-bd27-261be38f66f1,13
3b8c5482-7bdb-414b-97c7-ca34fb10da6f,446e3e45-8e03-4f8d-bb52-ea092634378f,2
3b8c5482-7bdb-414b-97c7-ca34fb10da6f,49be3576-cea3-46c0-87eb-89beb108248d,2
3b8c5482-7bdb-414b-97c7-ca34fb10da6f,4a92f48a-0387-47c7-800e-cf59692e6411,3
3b8c5482-7bdb-414b-97c7-ca34fb10da6f,4a9d1641-505a-4e22-96d3-36be9d1e6322,5
3b8c5482-7bdb-414b-97c7-ca34fb10da6f,4aa76e80-51db-4c6f-b97c-e7926b39a66c,4
3b8c5482-7bdb-414b-97c7-ca34fb10da6f,4bfc5a46-654d-445f-9b71-fc3e06d40ae4,7
3b8c5482-7bdb-414b-97c7-ca34fb10da6f,4c3e51e6-9f1e-49cc-a919-f74a8c88343e,1
3b8c5482-7bdb-414b-97c7-ca34fb10da6f,4d73ea92-7e5c-4964-bc40-d80f38860ae4,4
3b8c5482-7bdb-414b-97c7-ca34fb10da6f,54cbf78c-ae5e-49b7-8fcc-41d0fb7b5855,17
3b8c5482-7bdb-414b-97c7-ca34fb10da6f,551f9a19-738c-4298-afe1-5ca7959ab74b,2
3b8c5482-7bdb-414b-97c7-ca34fb10da6f,581d8f64-6060-4cf0-b281-a46ad978cf0d,1
3b8c5482-7bdb-414b-97c7-ca34fb10da6f,5a2cb9b8-4a4c-4860-8793-59da092434b6,3
3b8c5482-7bdb-414b-97c7-ca34fb10da6f,5d54939f-2da7-4ca6-b159-4ef344336b21,3
3b8c5482-7bdb-414b-97c7-ca34fb10da6f,61721e3f-a394-42ff-9885-8a58aa1d1612,4
3b8c5482-7bdb-414b-97c7-ca34fb10da6f,6c2ee55a-fa05-4a41-b522-c878c6a61ce8,4
3b8c5482-7bdb-414b-97c7-ca34fb10da6f,71cbc21c-4e36-4df7-9f58-e15a1c1f162c,2
3b8c5482-7bdb-414b-97c7-ca34fb10da6f,7564c685-2691-4796-9159-ebd5df4fdc8d,2
3b8c5482-7bdb-414b-97c7-ca34fb10da6f,75a44c3a-5914-4c8e-9ca4-d987853f5844,3
3b8c5482-7bdb-414b-97c7-ca34fb10da6f,75c8786e-c5c2-4d12-95ff-4b804234f062,1
3b8c5482-7bdb-414b-97c7-ca34fb10da6f,7c43c8c2-1958-496c-8060-b0f3bf652992,2
3b8c5482-7bdb-414b-97c7-ca34fb10da6f,7f11ad79-297b-4b42-9fe0-f3fd38a470a9,1
3b8c5482-7bdb-414b-97c7-ca34fb10da6f,819764fa-3a17-467b-8327-30899ed083b6,2
3b8c5482-7bdb-414b-97c7-ca34fb10da6f,84e7ec53-7bec-491e-bec7-19b6b1d359b1,1
3b8c5482-7bdb-414b-97c7-ca34fb10da6f,88bf9f29-aa91-4ddd-ad2d-b73dfe6706ef,2
3b8c5482-7bdb-414b-97c7-ca34fb10da6f,8dfa0156-0834-4c00-87e8-c4e9919f781f,4
3b8c5482-7bdb-414b-97c7-ca34fb10da6f,935fc903-0272-4f85-84e7-6c22aa9710f3,4
3b8c5482-7bdb-414b-97c7-ca34fb10da6f,9522ae6b-a187-4f51-9df7-1b0feb767d6e,20
3b8c5482-7bdb-414b-97c7-ca34fb10da6f,95b979e4-888d-402d-8167-4f817cea413b,6
3b8c5482-7bdb-414b-97c7-ca34fb10da6f,98aa8bde-85b0-49ed-9795-e2eeb206e3b8,2
3b8c5482-7bdb-414b-97c7-ca34fb10da6f,990c794a-2170-435a-8c43-97d4fd0e621e,1
3b8c5482-7bdb-414b-97c7-ca34fb10da6f,9b13c8c8-eba4-411e-b095-858e352d3178,5
3b8c5482-7bdb-414b-97c7-ca34fb10da6f,9d2229a5-c46a-485a-9b82-315e270c3e9a,2
3b8c5482-7bdb-414b-97c7-ca34fb10da6f,9ea41959-b952-4e42-92fb-bc616ac17241,5
3b8c5482-7bdb-414b-97c7-ca34fb10da6f,a900b4e7-92d9-4903-ab21-3189f17fe2e0,1
3b8c5482-7bdb-414b-97c7-ca34fb10da6f,aa316142-d6ee-4138-bf48-37cd7d11d058,5
3b8c5482-7bdb-414b-97c7-ca34fb10da6f,aa612b6e-b61d-43a8-8775-c83839a9f6ef,3
3b8c5482-7bdb-414b-97c7-ca34fb10da6f,ab15ce32-a527-4526-a5b2-0f2cdb92feeb,1
3b8c5482-7bdb-414b-97c7-ca34fb10da6f,ab97f146-7308-4a7e-9197-2ef5ee467a95,39
3b8c5482-7bdb-414b-97c7-ca34fb10da6f,ac61813c-2d49-4318-b5d0-32e3559b8db4,7
3b8c5482-7bdb-414b-97c7-ca34fb10da6f,ac969248-8799-4f53-ad71-76815c79da35,1
3b8c5482-7bdb-414b-97c7-ca34fb10da6f,ae91b7a3-544d-40c7-8373-815a0bd18cf0,2
3b8c5482-7bdb-414b-97c7-ca34fb10da6f,b7a52679-bac9-4e00-9dfd-06a22a7cf088,2
3b8c5482-7bdb-414b-97c7-ca34fb10da6f,b8663b71-f92b-4d2b-a06b-f78dba168d98,2
3b8c5482-7bdb-414b-97c7-ca34fb10da6f,b8d002bc-ea6c-4f57-b36e-38415b205e09,1
3b8c5482-7bdb-414b-97c7-ca34fb10da6f,b9cfefa1-1e5e-4fd7-a9d5-458e4c3a20db,3
3b8c5482-7bdb-414b-97c7-ca34fb10da6f,bd954447-a92c-4899-a9a8-4a58569fd4d2,4
3b8c5482-7bdb-414b-97c7-ca34fb10da6f,c01b88c4-5507-49c5-9ec3-f08af6e6eace,1
3b8c5482-7bdb-414b-97c7-ca34fb10da6f,c128a46d-ebd9-4ee9-80cc-16bfe505e539,1
3b8c5482-7bdb-414b-97c7-ca34fb10da6f,c1c11045-81c6-43a3-96e4-4cc6d5f2fbb4,5
3b8c5482-7bdb-414b-97c7-ca34fb10da6f,c606904d-daef-44ff-bd30-cfdc1e6b5185,1
3b8c5482-7bdb-414b-97c7-ca34fb10da6f,c6b2bdaf-8c1f-4b88-a8cb-167941b98bfb,4
3b8c5482-7bdb-414b-97c7-ca34fb10da6f,cefbf19c-653b-4af7-84a6-e17fba0e4a70,3
3b8c5482-7bdb-414b-97c7-ca34fb10da6f,cf4c4d24-798d-4bbe-bf06-23ca674f0d28,28
3b8c5482-7bdb-414b-97c7-ca34fb10da6f,d1bb566e-a111-43b7-8856-273ebac1f753,37
3b8c5482-7bdb-414b-97c7-ca34fb10da6f,d847851a-777b-43c6-83b3-392672659edc,28
3b8c5482-7bdb-414b-97c7-ca34fb10da6f,ddaff486-ef62-4200-aeb9-eeb4bedcc620,1
3b8c5482-7bdb-414b-97c7-ca34fb10da6f,e5c9b4ba-9064-4858-a052-bb3bbecfac4b,5
3b8c5482-7bdb-414b-97c7-ca34fb10da6f,e6cc253d-14cb-437b-be88-4966f5fcb1f5,4
3b8c5482-7bdb-414b-97c7-ca34fb10da6f,ec273841-069f-408b-b434-8524904ae314,1
3b8c5482-7bdb-414b-97c7-ca34fb10da6f,edefa48b-f14e-4ec3-ab3c-dfe2aa0126ec,1
3b8c5482-7bdb-414b-97c7-ca34fb10da6f,ee32e8d2-aa15-4603-901e-2cc3c72e9ead,8
3b8c5482-7bdb-414b-97c7-ca34fb10da6f,fcdd8eba-ce4c-40ad-b68e-4fe542abd6b3,1
3c169621-1134-429d-939c-77bb6dfe3185,3e48d4c9-0d66-4b50-9f9c-969b5e314a42,2
3c169621-1134-429d-939c-77bb6dfe3185,64457f28-37b6-4948-860a-f28bc62b99ae,2
3c169621-1134-429d-939c-77bb6dfe3185,6d33b9bc-7d3a-4a60-b2d7-c2b70cd11ab1,2
3c169621-1134-429d-939c-77bb6dfe3185,8b3664bd-77e4-468b-af96-f3f4ec27fcce,2
3c169621-1134-429d-939c-77bb6dfe3185,b41b2403-9f06-4d55-adc5-b0777373ca7e,2
3c169621-1134-429d-939c-77bb6dfe3185,bb3a9cf3-6f64-4092-85a1-4318244ee603,2
3c169621-1134-429d-939c-77bb6dfe3185,bf8eb79e-5034-4882-a4c5-413baba477d5,2
3c169621-1134-429d-939c-77bb6dfe3185,c6e26bd3-724f-45d3-93af-ef431e6fcd42,2
3c3a7304-0f4d-4b1f-a953-a6515b8b7670,44081df1-828e-4d79-bd27-261be38f66f1,1
3c3a7304-0f4d-4b1f-a953-a6515b8b7670,49be3576-cea3-46c0-87eb-89beb108248d,3
3c3a7304-0f4d-4b1f-a953-a6515b8b7670,4aa76e80-51db-4c6f-b97c-e7926b39a66c,3
3c3a7304-0f4d-4b1f-a953-a6515b8b7670,4c3e51e6-9f1e-49cc-a919-f74a8c88343e,69
3c3a7304-0f4d-4b1f-a953-a6515b8b7670,4d13ea1d-c9b6-4313-8ba0-fd040d8a319e,1
3c3a7304-0f4d-4b1f-a953-a6515b8b7670,4eacd971-8961-4956-b73b-7de0745de280,1
3c3a7304-0f4d-4b1f-a953-a6515b8b7670,56a86879-60e4-4cdb-b5f1-b66d6d090798,1
3c3a7304-0f4d-4b1f-a953-a6515b8b7670,5ab23e3a-aed4-4713-9214-53336765be9d,9
3c3a7304-0f4d-4b1f-a953-a6515b8b7670,5d54939f-2da7-4ca6-b159-4ef344336b21,1
3c3a7304-0f4d-4b1f-a953-a6515b8b7670,5dfe97b2-fffb-4586-a999-1cbcfde80674,2
3c3a7304-0f4d-4b1f-a953-a6515b8b7670,6d33b9bc-7d3a-4a60-b2d7-c2b70cd11ab1,1
3c3a7304-0f4d-4b1f-a953-a6515b8b7670,6fc5878e-d76a-4e9d-a4e3-e5ef581bb2ff,1
3c3a7304-0f4d-4b1f-a953-a6515b8b7670,74b44968-d1f2-482a-a365-1fbb4cbda7f9,2
3c3a7304-0f4d-4b1f-a953-a6515b8b7670,754f2d87-8990-4b77-8181-54d8df8fa63a,1
3c3a7304-0f4d-4b1f-a953-a6515b8b7670,762e0f40-f100-4896-85a2-b1d8818fae41,2
3c3a7304-0f4d-4b1f-a953-a6515b8b7670,7d18b6e3-de0c-4aea-bef8-242bbc38e936,14
3c3a7304-0f4d-4b1f-a953-a6515b8b7670,808636f6-10d2-4ed6-a5fe-f98ab3fcbbee,9
3c3a7304-0f4d-4b1f-a953-a6515b8b7670,819764fa-3a17-467b-8327-30899ed083b6,3
3c3a7304-0f4d-4b1f-a953-a6515b8b7670,8711c928-b30d-4859-b091-74678ca63e5b,1
3c3a7304-0f4d-4b1f-a953-a6515b8b7670,8f6a5115-367e-4dc2-88c5-1eae50593652,5
3c3a7304-0f4d-4b1f-a953-a6515b8b7670,935fc903-0272-4f85-84e7-6c22aa9710f3,15
3c3a7304-0f4d-4b1f-a953-a6515b8b7670,99c6218e-8f0c-45d4-bd24-f300c6cfcb2f,1
3c3a7304-0f4d-4b1f-a953-a6515b8b7670,9ab41898-332f-4c08-a834-d58b4669c990,7
3c3a7304-0f4d-4b1f-a953-a6515b8b7670,9b13c8c8-eba4-411e-b095-858e352d3178,6
3c3a7304-0f4d-4b1f-a953-a6515b8b7670,9bf12da8-39ea-4505-9500-764bc440cfc9,2
3c3a7304-0f4d-4b1f-a953-a6515b8b7670,a04d4b85-56f0-448f-b5e8-28b5340af204,3
3c3a7304-0f4d-4b1f-a953-a6515b8b7670,a4074721-5d4d-444a-bb98-1ddbc592a78a,3
3c3a7304-0f4d-4b1f-a953-a6515b8b7670,aa0272f6-6e3c-41f7-b040-b774b30d2196,8
3c3a7304-0f4d-4b1f-a953-a6515b8b7670,ab15ce32-a527-4526-a5b2-0f2cdb92feeb,2
3c3a7304-0f4d-4b1f-a953-a6515b8b7670,ae91b7a3-544d-40c7-8373-815a0bd18cf0,8
3c3a7304-0f4d-4b1f-a953-a6515b8b7670,b221afb0-2758-4ace-846a-7bfc33389ad6,3
3c3a7304-0f4d-4b1f-a953-a6515b8b7670,b29c0e00-7ac2-4c28-ab4f-8fceb156337b,1
3c3a7304-0f4d-4b1f-a953-a6515b8b7670,b3230578-426f-4b84-bfe2-6a8136c6a3af,6
3c3a7304-0f4d-4b1f-a953-a6515b8b7670,b4e1d8cf-e8cf-4b66-9ded-97fc8176fa4a,1
3c3a7304-0f4d-4b1f-a953-a6515b8b7670,b4fdf408-8296-4d14-9e95-b4b96dc20751,15
3c3a7304-0f4d-4b1f-a953-a6515b8b7670,bd954447-a92c-4899-a9a8-4a58569fd4d2,21
3c3a7304-0f4d-4b1f-a953-a6515b8b7670,bf030048-0434-42f1-bbed-8b0c04014db4,3
3c3a7304-0f4d-4b1f-a953-a6515b8b7670,c0648a21-11c6-4b4f-a4be-205d7dcbb746,2
3c3a7304-0f4d-4b1f-a953-a6515b8b7670,c0d8ed4a-ec11-48e2-a468-6cd93327305b,1
3c3a7304-0f4d-4b1f-a953-a6515b8b7670,cefbf19c-653b-4af7-84a6-e17fba0e4a70,2
3c3a7304-0f4d-4b1f-a953-a6515b8b7670,cf4c4d24-798d-4bbe-bf06-23ca674f0d28,1
3c3a7304-0f4d-4b1f-a953-a6515b8b7670,cfb17042-9f10-4e44-99f4-358bad067455,1
3c3a7304-0f4d-4b1f-a953-a6515b8b7670,d07ef52c-cc10-4445-a3a1-dfe50371f110,1
3c3a7304-0f4d-4b1f-a953-a6515b8b7670,d847851a-777b-43c6-83b3-392672659edc,1
3c3a7304-0f4d-4b1f-a953-a6515b8b7670,dae67415-1ed1-4464-a59e-75170eb1925d,3
3c3a7304-0f4d-4b1f-a953-a6515b8b7670,e10065e1-776d-4bf3-8669-56788c453079,1
3c3a7304-0f4d-4b1f-a953-a6515b8b7670,e6cc253d-14cb-437b-be88-4966f5fcb1f5,1
3c3a7304-0f4d-4b1f-a953-a6515b8b7670,e7f0d8e8-4c52-4d0a-8b94-28729046f45b,1
3c3a7304-0f4d-4b1f-a953-a6515b8b7670,f29c0ba8-4d4a-4cca-bb1b-229f68b4ae6a,2
3c3a7304-0f4d-4b1f-a953-a6515b8b7670,fa4d473c-e553-439e-8f53-ca5f2b203dbd,17
3c3a7304-0f4d-4b1f-a953-a6515b8b7670,fdc445bd-f8fe-4cfc-b387-7fd66a181674,88
3c96ed5d-f7bf-4cae-9ec7-a5a29f5299da,4c3e51e6-9f1e-49cc-a919-f74a8c88343e,3
3c96ed5d-f7bf-4cae-9ec7-a5a29f5299da,4d6bf62d-9d27-49b5-b00f-254d6ff6e4e1,1
3c96ed5d-f7bf-4cae-9ec7-a5a29f5299da,551f9a19-738c-4298-afe1-5ca7959ab74b,1
3c96ed5d-f7bf-4cae-9ec7-a5a29f5299da,64522cbc-a297-4c67-a204-1e31deb91f68,2
3c96ed5d-f7bf-4cae-9ec7-a5a29f5299da,6d33b9bc-7d3a-4a60-b2d7-c2b70cd11ab1,2
3c96ed5d-f7bf-4cae-9ec7-a5a29f5299da,6fc5878e-d76a-4e9d-a4e3-e5ef581bb2ff,1
3c96ed5d-f7bf-4cae-9ec7-a5a29f5299da,71cbc21c-4e36-4df7-9f58-e15a1c1f162c,1
3c96ed5d-f7bf-4cae-9ec7-a5a29f5299da,8711c928-b30d-4859-b091-74678ca63e5b,3
3c96ed5d-f7bf-4cae-9ec7-a5a29f5299da,8ba16b4b-5dc1-441e-9229-8bb63c903ce1,1
3c96ed5d-f7bf-4cae-9ec7-a5a29f5299da,a8e4581d-5186-4367-95c5-0a754c60b276,1
3c96ed5d-f7bf-4cae-9ec7-a5a29f5299da,bf97025a-1c30-4042-bffe-948027f24e6c,2
3c96ed5d-f7bf-4cae-9ec7-a5a29f5299da,c0d8ed4a-ec11-48e2-a468-6cd93327305b,2
3c96ed5d-f7bf-4cae-9ec7-a5a29f5299da,c7822b58-103f-4612-87ef-648be97192c6,4
3c96ed5d-f7bf-4cae-9ec7-a5a29f5299da,fdc445bd-f8fe-4cfc-b387-7fd66a181674,2
3dbbf804-bad5-44f2-b8c7-091baf63758d,4aa76e80-51db-4c6f-b97c-e7926b39a66c,1
3dbbf804-bad5-44f2-b8c7-091baf63758d,4eacd971-8961-4956-b73b-7de0745de280,3
3dbbf804-bad5-44f2-b8c7-091baf63758d,5d54939f-2da7-4ca6-b159-4ef344336b21,2
3dbbf804-bad5-44f2-b8c7-091baf63758d,7265b8e8-62d4-4ba2-8117-8f758fbf606e,8
3dbbf804-bad5-44f2-b8c7-091baf63758d,7f3c60c7-b846-4f3a-a9f4-a18abf37bb3a,1
3dbbf804-bad5-44f2-b8c7-091baf63758d,8dfa0156-0834-4c00-87e8-c4e9919f781f,7
3dbbf804-bad5-44f2-b8c7-091baf63758d,9b13c8c8-eba4-411e-b095-858e352d3178,2
3dbbf804-bad5-44f2-b8c7-091baf63758d,ab97f146-7308-4a7e-9197-2ef5ee467a95,2
3dbbf804-bad5-44f2-b8c7-091baf63758d,b4fdf408-8296-4d14-9e95-b4b96dc20751,1
3dbbf804-bad5-44f2-b8c7-091baf63758d,bb3a9cf3-6f64-4092-85a1-4318244ee603,1
3dbbf804-bad5-44f2-b8c7-091baf63758d,bf030048-0434-42f1-bbed-8b0c04014db4,28
3dbbf804-bad5-44f2-b8c7-091baf63758d,c606904d-daef-44ff-bd30-cfdc1e6b5185,3
3dbbf804-bad5-44f2-b8c7-091baf63758d,c60c655f-40ba-47b0-8e93-a2c8d1ff4743,1
3dbbf804-bad5-44f2-b8c7-091baf63758d,cefbf19c-653b-4af7-84a6-e17fba0e4a70,6
3dbbf804-bad5-44f2-b8c7-091baf63758d,cfb17042-9f10-4e44-99f4-358bad067455,2
3dbbf804-bad5-44f2-b8c7-091baf63758d,d847851a-777b-43c6-83b3-392672659edc,6
3dbbf804-bad5-44f2-b8c7-091baf63758d,e5c9b4ba-9064-4858-a052-bb3bbecfac4b,2
3dbbf804-bad5-44f2-b8c7-091baf63758d,e6cc253d-14cb-437b-be88-4966f5fcb1f5,1
3dbbf804-bad5-44f2-b8c7-091baf63758d,e7f0d8e8-4c52-4d0a-8b94-28729046f45b,16
3dd45c3b-636a-4f17-b11c-72e3cfc56330,412ecb41-f20c-477d-b8e7-d7b548a10a44,23
3dd45c3b-636a-4f17-b11c-72e3cfc56330,4aa76e80-51db-4c6f-b97c-e7926b39a66c,26
3dd45c3b-636a-4f17-b11c-72e3cfc56330,4bfc5a46-654d-445f-9b71-fc3e06d40ae4,1
3dd45c3b-636a-4f17-b11c-72e3cfc56330,5ab23e3a-aed4-4713-9214-53336765be9d,16
3dd45c3b-636a-4f17-b11c-72e3cfc56330,6d33b9bc-7d3a-4a60-b2d7-c2b70cd11ab1,12
3dd45c3b-636a-4f17-b11c-72e3cfc56330,8dcd68d9-3f9b-4c92-b3e6-9f6c48a3bdfe,7
3dd45c3b-636a-4f17-b11c-72e3cfc56330,935fc903-0272-4f85-84e7-6c22aa9710f3,2
3dd45c3b-636a-4f17-b11c-72e3cfc56330,9b13c8c8-eba4-411e-b095-858e352d3178,2
3dd45c3b-636a-4f17-b11c-72e3cfc56330,aa612b6e-b61d-43a8-8775-c83839a9f6ef,1
3dd45c3b-636a-4f17-b11c-72e3cfc56330,bb3a9cf3-6f64-4092-85a1-4318244ee603,6
3dd45c3b-636a-4f17-b11c-72e3cfc56330,c606904d-daef-44ff-bd30-cfdc1e6b5185,3
3dd45c3b-636a-4f17-b11c-72e3cfc56330,c6b2bdaf-8c1f-4b88-a8cb-167941b98bfb,1
3dd45c3b-636a-4f17-b11c-72e3cfc56330,cefbf19c-653b-4af7-84a6-e17fba0e4a70,15
3dd45c3b-636a-4f17-b11c-72e3cfc56330,ddaff486-ef62-4200-aeb9-eeb4bedcc620,43
3dd45c3b-636a-4f17-b11c-72e3cfc56330,e5c9b4ba-9064-4858-a052-bb3bbecfac4b,7
3dd45c3b-636a-4f17-b11c-72e3cfc56330,ec273841-069f-408b-b434-8524904ae314,26
3e48d4c9-0d66-4b50-9f9c-969b5e314a42,44081df1-828e-4d79-bd27-261be38f66f1,21
3e48d4c9-0d66-4b50-9f9c-969b5e314a42,48d02bab-281c-4bd0-8a50-26bf90a38cc0,1
3e48d4c9-0d66-4b50-9f9c-969b5e314a42,49be3576-cea3-46c0-87eb-89beb108248d,3
3e48d4c9-0d66-4b50-9f9c-969b5e314a42,49e7fc50-90f5-4476-9275-c31f88864082,1
3e48d4c9-0d66-4b50-9f9c-969b5e314a42,4bf69aa9-29a7-44db-b7ee-8bfa40e343dd,2
3e48d4c9-0d66-4b50-9f9c-969b5e314a42,4c3e51e6-9f1e-49cc-a919-f74a8c88343e,55
3e48d4c9-0d66-4b50-9f9c-969b5e314a42,522d59a0-10ba-488f-a27a-a1dda7581900,2
3e48d4c9-0d66-4b50-9f9c-969b5e314a42,551f9a19-738c-4298-afe1-5ca7959ab74b,29
3e48d4c9-0d66-4b50-9f9c-969b5e314a42,56a86879-60e4-4cdb-b5f1-b66d6d090798,9
3e48d4c9-0d66-4b50-9f9c-969b5e314a42,5d54939f-2da7-4ca6-b159-4ef344336b21,26
3e48d4c9-0d66-4b50-9f9c-969b5e314a42,64457f28-37b6-4948-860a-f28bc62b99ae,2
3e48d4c9-0d66-4b50-9f9c-969b5e314a42,64f39510-b420-4b01-8b5e-2b2f2b0aad91,1
3e48d4c9-0d66-4b50-9f9c-969b5e314a42,666f31ca-041f-466d-9e78-804317921d69,1
3e48d4c9-0d66-4b50-9f9c-969b5e314a42,66b2be3d-10f8-46a4-90c6-b86005df0a50,12
3e48d4c9-0d66-4b50-9f9c-969b5e314a42,6a54c095-9872-4322-81be-114b74233d40,1
3e48d4c9-0d66-4b50-9f9c-969b5e314a42,6d33b9bc-7d3a-4a60-b2d7-c2b70cd11ab1,17
3e48d4c9-0d66-4b50-9f9c-969b5e314a42,6fc5878e-d76a-4e9d-a4e3-e5ef581bb2ff,1
3e48d4c9-0d66-4b50-9f9c-969b5e314a42,74b44968-d1f2-482a-a365-1fbb4cbda7f9,2
3e48d4c9-0d66-4b50-9f9c-969b5e314a42,754f2d87-8990-4b77-8181-54d8df8fa63a,1
3e48d4c9-0d66-4b50-9f9c-969b5e314a42,7564c685-2691-4796-9159-ebd5df4fdc8d,11
3e48d4c9-0d66-4b50-9f9c-969b5e314a42,75a44c3a-5914-4c8e-9ca4-d987853f5844,17
3e48d4c9-0d66-4b50-9f9c-969b5e314a42,762e0f40-f100-4896-85a2-b1d8818fae41,1
3e48d4c9-0d66-4b50-9f9c-969b5e314a42,7954eb2c-1bf5-42af-80dc-85f29b367db0,1
3e48d4c9-0d66-4b50-9f9c-969b5e314a42,7c43c8c2-1958-496c-8060-b0f3bf652992,1
3e48d4c9-0d66-4b50-9f9c-969b5e314a42,7cbb2d95-46b2-4fcb-b129-9505f56e7f07,22
3e48d4c9-0d66-4b50-9f9c-969b5e314a42,7d18b6e3-de0c-4aea-bef8-242bbc38e936,5
3e48d4c9-0d66-4b50-9f9c-969b5e314a42,8349fff0-99b3-449a-bd4d-932ae95b29da,1
3e48d4c9-0d66-4b50-9f9c-969b5e314a42,8509e44d-0f9b-413a-a2cd-f64d656c3955,5
3e48d4c9-0d66-4b50-9f9c-969b5e314a42,859e1824-cc60-4304-9293-dca932ebbed2,51
3e48d4c9-0d66-4b50-9f9c-969b5e314a42,88bf9f29-aa91-4ddd-ad2d-b73dfe6706ef,5
3e48d4c9-0d66-4b50-9f9c-969b5e314a42,89d70a20-bd10-46ed-866a-2c79362a0559,4
3e48d4c9-0d66-4b50-9f9c-969b5e314a42,8b3664bd-77e4-468b-af96-f3f4ec27fcce,2
3e48d4c9-0d66-4b50-9f9c-969b5e314a42,8ba16b4b-5dc1-441e-9229-8bb63c903ce1,6
3e48d4c9-0d66-4b50-9f9c-969b5e314a42,8ee20f38-f3f0-4ff9-b5d9-84557b5ddcb1,4
3e48d4c9-0d66-4b50-9f9c-969b5e314a42,92fe14f9-9abe-4759-b311-8b635302c2f2,1
3e48d4c9-0d66-4b50-9f9c-969b5e314a42,94f6aaa0-69ed-4721-a62c-c2b592bec175,7
3e48d4c9-0d66-4b50-9f9c-969b5e314a42,973da897-66c7-4010-a98d-505e0e97a60c,4
3e48d4c9-0d66-4b50-9f9c-969b5e314a42,97ffe642-648f-4dab-a0e8-0720e96e3e35,10
3e48d4c9-0d66-4b50-9f9c-969b5e314a42,980a8ae3-b1c7-4912-ab9e-be3e6fd20d36,2
3e48d4c9-0d66-4b50-9f9c-969b5e314a42,98aa8bde-85b0-49ed-9795-e2eeb206e3b8,35
3e48d4c9-0d66-4b50-9f9c-969b5e314a42,9b13c8c8-eba4-411e-b095-858e352d3178,13
3e48d4c9-0d66-4b50-9f9c-969b5e314a42,9e79de98-e914-4dc8-8dc7-6d7cb09b93d7,18
3e48d4c9-0d66-4b50-9f9c-969b5e314a42,9f0c39d6-4a57-4849-9215-aa1147c7e0f6,51
3e48d4c9-0d66-4b50-9f9c-969b5e314a42,9f855643-68a2-409e-b4fe-81b92547212a,4
3e48d4c9-0d66-4b50-9f9c-969b5e314a42,a04d4b85-56f0-448f-b5e8-28b5340af204,2
3e48d4c9-0d66-4b50-9f9c-969b5e314a42,a396ae20-6309-456b-a5ae-e4068dea8a67,3
3e48d4c9-0d66-4b50-9f9c-969b5e314a42,a437e923-725f-415e-a01d-5588a7af933e,11
3e48d4c9-0d66-4b50-9f9c-969b5e314a42,a68468b6-51ea-440c-9387-b44ba10ad8b6,53
3e48d4c9-0d66-4b50-9f9c-969b5e314a42,a8e4581d-5186-4367-95c5-0a754c60b276,44
3e48d4c9-0d66-4b50-9f9c-969b5e314a42,ab15ce32-a527-4526-a5b2-0f2cdb92feeb,48
3e48d4c9-0d66-4b50-9f9c-969b5e314a42,b41b2403-9f06-4d55-adc5-b0777373ca7e,124
3e48d4c9-0d66-4b50-9f9c-969b5e314a42,b50b3f0b-afc8-46e5-bfda-cb60e2935a5a,2
3e48d4c9-0d66-4b50-9f9c-969b5e314a42,b7a52679-bac9-4e00-9dfd-06a22a7cf088,13
3e48d4c9-0d66-4b50-9f9c-969b5e314a42,b8663b71-f92b-4d2b-a06b-f78dba168d98,7
3e48d4c9-0d66-4b50-9f9c-969b5e314a42,b8d002bc-ea6c-4f57-b36e-38415b205e09,6
3e48d4c9-0d66-4b50-9f9c-969b5e314a42,b9cfefa1-1e5e-4fd7-a9d5-458e4c3a20db,2
3e48d4c9-0d66-4b50-9f9c-969b5e314a42,bb3a9cf3-6f64-4092-85a1-4318244ee603,4
3e48d4c9-0d66-4b50-9f9c-969b5e314a42,bb6801d4-f671-4ade-aa86-29aa89373dd9,2
3e48d4c9-0d66-4b50-9f9c-969b5e314a42,bf030048-0434-42f1-bbed-8b0c04014db4,7
3e48d4c9-0d66-4b50-9f9c-969b5e314a42,bf8eb79e-5034-4882-a4c5-413baba477d5,2
3e48d4c9-0d66-4b50-9f9c-969b5e314a42,c0d8ed4a-ec11-48e2-a468-6cd93327305b,28
3e48d4c9-0d66-4b50-9f9c-969b5e314a42,c6e26bd3-724f-45d3-93af-ef431e6fcd42,34
3e48d4c9-0d66-4b50-9f9c-969b5e314a42,c7822b58-103f-4612-87ef-648be97192c6,40
3e48d4c9-0d66-4b50-9f9c-969b5e314a42,cabae19e-836c-48c4-903e-7357789f9260,3
3e48d4c9-0d66-4b50-9f9c-969b5e314a42,ccea26dd-dcae-4174-8945-ec5cb568e951,15
3e48d4c9-0d66-4b50-9f9c-969b5e314a42,cf4c4d24-798d-4bbe-bf06-23ca674f0d28,5
3e48d4c9-0d66-4b50-9f9c-969b5e314a42,d07ef52c-cc10-4445-a3a1-dfe50371f110,5
3e48d4c9-0d66-4b50-9f9c-969b5e314a42,d34e1efc-fbba-4ad8-823a-61bc3f25d580,25
3e48d4c9-0d66-4b50-9f9c-969b5e314a42,d38ca3cf-9803-48dc-8592-c67c4430168e,4
3e48d4c9-0d66-4b50-9f9c-969b5e314a42,d59d1492-57b6-482b-88b6-b2b77c45c33d,18
3e48d4c9-0d66-4b50-9f9c-969b5e314a42,d642dcc9-3f86-49d1-96c9-ae2771d1e89a,1
3e48d4c9-0d66-4b50-9f9c-969b5e314a42,d847851a-777b-43c6-83b3-392672659edc,58
3e48d4c9-0d66-4b50-9f9c-969b5e314a42,d89044ef-b7df-4a15-be10-d342fe381664,17
3e48d4c9-0d66-4b50-9f9c-969b5e314a42,d9e78b0a-0a3b-44ef-acd9-15d6e9e19d60,1
3e48d4c9-0d66-4b50-9f9c-969b5e314a42,da756f9c-3f10-4ab8-9fa8-75812e248959,8
3e48d4c9-0d66-4b50-9f9c-969b5e314a42,dab4cf29-4843-4261-b09b-973fe98dbf65,5
3e48d4c9-0d66-4b50-9f9c-969b5e314a42,e5c4753f-d2d8-4a4a-ae9d-62118892a731,1
3e48d4c9-0d66-4b50-9f9c-969b5e314a42,e5f316f0-e4e7-4cf0-a064-ed9321737487,1
3e48d4c9-0d66-4b50-9f9c-969b5e314a42,e6cc253d-14cb-437b-be88-4966f5fcb1f5,13
3e48d4c9-0d66-4b50-9f9c-969b5e314a42,e70c3ee3-cca2-4521-abea-b124dcec0952,4
3e48d4c9-0d66-4b50-9f9c-969b5e314a42,e85125f3-b7cf-426c-9355-412838893f55,1
3e48d4c9-0d66-4b50-9f9c-969b5e314a42,ec571f94-11b8-47d7-bb47-fd0d2d7c7f07,7
3e48d4c9-0d66-4b50-9f9c-969b5e314a42,ee32e8d2-aa15-4603-901e-2cc3c72e9ead,6
3e48d4c9-0d66-4b50-9f9c-969b5e314a42,f23be4bd-7b2b-45dd-be84-4f76f11b624a,1
3e48d4c9-0d66-4b50-9f9c-969b5e314a42,f289b7eb-f6ba-415b-90d9-1124c652637c,4
3e48d4c9-0d66-4b50-9f9c-969b5e314a42,f31cabe4-e1f4-46db-88a9-b46ba44dded4,78
3e48d4c9-0d66-4b50-9f9c-969b5e314a42,fa4d473c-e553-439e-8f53-ca5f2b203dbd,1
3e48d4c9-0d66-4b50-9f9c-969b5e314a42,fb291eb2-962a-482f-971a-0b62673f9a86,10
3e48d4c9-0d66-4b50-9f9c-969b5e314a42,fdc445bd-f8fe-4cfc-b387-7fd66a181674,5
409289ab-9547-46db-be9f-d8e3d7c1df41,58fc3889-ed2a-4cb0-bbd8-54ef85e3f9a1,1
409289ab-9547-46db-be9f-d8e3d7c1df41,618bbc2f-4dc0-41a2-8ae0-7dd1e4a76c90,1
409289ab-9547-46db-be9f-d8e3d7c1df41,efbd64bd-4263-433f-a3f2-67386477de49,1
412ecb41-f20c-477d-b8e7-d7b548a10a44,44081df1-828e-4d79-bd27-261be38f66f1,1
412ecb41-f20c-477d-b8e7-d7b548a10a44,44f6140e-9776-4c08-bd68-5dde99f2ab62,1
412ecb41-f20c-477d-b8e7-d7b548a10a44,4a92f48a-0387-47c7-800e-cf59692e6411,5
412ecb41-f20c-477d-b8e7-d7b548a10a44,4aa76e80-51db-4c6f-b97c-e7926b39a66c,5
412ecb41-f20c-477d-b8e7-d7b548a10a44,4d13ea1d-c9b6-4313-8ba0-fd040d8a319e,1
412ecb41-f20c-477d-b8e7-d7b548a10a44,551f9a19-738c-4298-afe1-5ca7959ab74b,1
412ecb41-f20c-477d-b8e7-d7b548a10a44,56cbb44d-9390-480d-b686-56da6c2d6d35,1
412ecb41-f20c-477d-b8e7-d7b548a10a44,5d3c16f6-cad0-432f-b850-8a62cfb6526c,1
412ecb41-f20c-477d-b8e7-d7b548a10a44,6d33b9bc-7d3a-4a60-b2d7-c2b70cd11ab1,2
412ecb41-f20c-477d-b8e7-d7b548a10a44,71cbc21c-4e36-4df7-9f58-e15a1c1f162c,3
412ecb41-f20c-477d-b8e7-d7b548a10a44,819764fa-3a17-467b-8327-30899ed083b6,2
412ecb41-f20c-477d-b8e7-d7b548a10a44,872e3c31-98a5-40cb-b7dc-9c821f3b1bca,3
412ecb41-f20c-477d-b8e7-d7b548a10a44,8dcd68d9-3f9b-4c92-b3e6-9f6c48a3bdfe,8
412ecb41-f20c-477d-b8e7-d7b548a10a44,9b13c8c8-eba4-411e-b095-858e352d3178,6
412ecb41-f20c-477d-b8e7-d7b548a10a44,9d2229a5-c46a-485a-9b82-315e270c3e9a,1
412ecb41-f20c-477d-b8e7-d7b548a10a44,9f3aadb0-0f76-49b8-9e54-126c97fc0ae8,1
412ecb41-f20c-477d-b8e7-d7b548a10a44,aa612b6e-b61d-43a8-8775-c83839a9f6ef,2
412ecb41-f20c-477d-b8e7-d7b548a10a44,ab97f146-7308-4a7e-9197-2ef5ee467a95,3
412ecb41-f20c-477d-b8e7-d7b548a10a44,ae91b7a3-544d-40c7-8373-815a0bd18cf0,1
412ecb41-f20c-477d-b8e7-d7b548a10a44,c128a46d-ebd9-4ee9-80cc-16bfe505e539,2
412ecb41-f20c-477d-b8e7-d7b548a10a44,c6b2bdaf-8c1f-4b88-a8cb-167941b98bfb,2
412ecb41-f20c-477d-b8e7-d7b548a10a44,caaae646-de85-453f-b6e0-9b9b4f710f03,1
412ecb41-f20c-477d-b8e7-d7b548a10a44,cefbf19c-653b-4af7-84a6-e17fba0e4a70,15
412ecb41-f20c-477d-b8e7-d7b548a10a44,cfd07390-25a9-4fdb-bced-8a463530bf51,1
412ecb41-f20c-477d-b8e7-d7b548a10a44,d6c2b5eb-b21a-440a-b628-75492d313ffa,1
412ecb41-f20c-477d-b8e7-d7b548a10a44,ddaff486-ef62-4200-aeb9-eeb4bedcc620,30
412ecb41-f20c-477d-b8e7-d7b548a10a44,e5c9b4ba-9064-4858-a052-bb3bbecfac4b,4
412ecb41-f20c-477d-b8e7-d7b548a10a44,e7f0d8e8-4c52-4d0a-8b94-28729046f45b,3
412ecb41-f20c-477d-b8e7-d7b548a10a44,ec273841-069f-408b-b434-8524904ae314,14
412ecb41-f20c-477d-b8e7-d7b548a10a44,ee32e8d2-aa15-4603-901e-2cc3c72e9ead,1
425ddb12-0b71-44b6-9875-70b075dc99f7,49e7fc50-90f5-4476-9275-c31f88864082,1
425ddb12-0b71-44b6-9875-70b075dc99f7,522d59a0-10ba-488f-a27a-a1dda7581900,1
425ddb12-0b71-44b6-9875-70b075dc99f7,56a86879-60e4-4cdb-b5f1-b66d6d090798,1
425ddb12-0b71-44b6-9875-70b075dc99f7,7564c685-2691-4796-9159-ebd5df4fdc8d,1
425ddb12-0b71-44b6-9875-70b075dc99f7,75a44c3a-5914-4c8e-9ca4-d987853f5844,1
425ddb12-0b71-44b6-9875-70b075dc99f7,7ca42fe3-e292-4aff-9275-57889d920853,6
425ddb12-0b71-44b6-9875-70b075dc99f7,859e1824-cc60-4304-9293-dca932ebbed2,1
425ddb12-0b71-44b6-9875-70b075dc99f7,89d70a20-bd10-46ed-866a-2c79362a0559,2
425ddb12-0b71-44b6-9875-70b075dc99f7,942a29b8-057f-4dba-a8cd-3c35e5a81aaf,4
425ddb12-0b71-44b6-9875-70b075dc99f7,98aa8bde-85b0-49ed-9795-e2eeb206e3b8,1
425ddb12-0b71-44b6-9875-70b075dc99f7,9b13c8c8-eba4-411e-b095-858e352d3178,1
425ddb12-0b71-44b6-9875-70b075dc99f7,a0b48551-42b7-4c55-9556-6b997d978ff2,4
425ddb12-0b71-44b6-9875-70b075dc99f7,a68468b6-51ea-440c-9387-b44ba10ad8b6,1
425ddb12-0b71-44b6-9875-70b075dc99f7,a8e4581d-5186-4367-95c5-0a754c60b276,10
425ddb12-0b71-44b6-9875-70b075dc99f7,ab15ce32-a527-4526-a5b2-0f2cdb92feeb,1
425ddb12-0b71-44b6-9875-70b075dc99f7,b41b2403-9f06-4d55-adc5-b0777373ca7e,2
425ddb12-0b71-44b6-9875-70b075dc99f7,bb6801d4-f671-4ade-aa86-29aa89373dd9,1
425ddb12-0b71-44b6-9875-70b075dc99f7,c4f7c468-721e-4953-97f2-bff05fe570c4,3
425ddb12-0b71-44b6-9875-70b075dc99f7,d38ca3cf-9803-48dc-8592-c67c4430168e,10
425ddb12-0b71-44b6-9875-70b075dc99f7,da9f33b0-80ca-49eb-a1ec-def3b46538d9,3
425ddb12-0b71-44b6-9875-70b075dc99f7,dab4cf29-4843-4261-b09b-973fe98dbf65,14
425ddb12-0b71-44b6-9875-70b075dc99f7,e70c3ee3-cca2-4521-abea-b124dcec0952,10
425ddb12-0b71-44b6-9875-70b075dc99f7,ee32e8d2-aa15-4603-901e-2cc3c72e9ead,17
425ddb12-0b71-44b6-9875-70b075dc99f7,fa4d473c-e553-439e-8f53-ca5f2b203dbd,10
43fd0a28-6a9c-4427-a55c-211fbae70091,4d13ea1d-c9b6-4313-8ba0-fd040d8a319e,3
43fd0a28-6a9c-4427-a55c-211fbae70091,551f9a19-738c-4298-afe1-5ca7959ab74b,2
43fd0a28-6a9c-4427-a55c-211fbae70091,581d8f64-6060-4cf0-b281-a46ad978cf0d,8
43fd0a28-6a9c-4427-a55c-211fbae70091,64522cbc-a297-4c67-a204-1e31deb91f68,1
43fd0a28-6a9c-4427-a55c-211fbae70091,6c2ee55a-fa05-4a41-b522-c878c6a61ce8,1
43fd0a28-6a9c-4427-a55c-211fbae70091,71cbc21c-4e36-4df7-9f58-e15a1c1f162c,13
43fd0a28-6a9c-4427-a55c-211fbae70091,872e3c31-98a5-40cb-b7dc-9c821f3b1bca,3
43fd0a28-6a9c-4427-a55c-211fbae70091,8c5a8186-8f46-4bca-956d-06d4fa521635,2
43fd0a28-6a9c-4427-a55c-211fbae70091,9ea41959-b952-4e42-92fb-bc616ac17241,1
43fd0a28-6a9c-4427-a55c-211fbae70091,a1811d65-87c9-484a-ac37-d0ba90214f91,2
43fd0a28-6a9c-4427-a55c-211fbae70091,a900b4e7-92d9-4903-ab21-3189f17fe2e0,2
43fd0a28-6a9c-4427-a55c-211fbae70091,aa0272f6-6e3c-41f7-b040-b774b30d2196,28
43fd0a28-6a9c-4427-a55c-211fbae70091,c128a46d-ebd9-4ee9-80cc-16bfe505e539,7
43fd0a28-6a9c-4427-a55c-211fbae70091,c6b2bdaf-8c1f-4b88-a8cb-167941b98bfb,2
43fd0a28-6a9c-4427-a55c-211fbae70091,cfd07390-25a9-4fdb-bced-8a463530bf51,1
43fd0a28-6a9c-4427-a55c-211fbae70091,d1bb566e-a111-43b7-8856-273ebac1f753,1
43fd0a28-6a9c-4427-a55c-211fbae70091,e6cc253d-14cb-437b-be88-4966f5fcb1f5,2
44081df1-828e-4d79-bd27-261be38f66f1,446e3e45-8e03-4f8d-bb52-ea092634378f,9
44081df1-828e-4d79-bd27-261be38f66f1,48d02bab-281c-4bd0-8a50-26bf90a38cc0,6
44081df1-828e-4d79-bd27-261be38f66f1,49be3576-cea3-46c0-87eb-89beb108248d,24
44081df1-828e-4d79-bd27-261be38f66f1,4a9d1641-505a-4e22-96d3-36be9d1e6322,2
44081df1-828e-4d79-bd27-261be38f66f1,4c3e51e6-9f1e-49cc-a919-f74a8c88343e,1
44081df1-828e-4d79-bd27-261be38f66f1,4d73ea92-7e5c-4964-bc40-d80f38860ae4,1
44081df1-828e-4d79-bd27-261be38f66f1,54cbf78c-ae5e-49b7-8fcc-41d0fb7b5855,7
44081df1-828e-4d79-bd27-261be38f66f1,551f9a19-738c-4298-afe1-5ca7959ab74b,16
44081df1-828e-4d79-bd27-261be38f66f1,56a86879-60e4-4cdb-b5f1-b66d6d090798,1
44081df1-828e-4d79-bd27-261be38f66f1,56cbb44d-9390-480d-b686-56da6c2d6d35,9
44081df1-828e-4d79-bd27-261be38f66f1,58e27c9a-59be-407b-8213-714cf1d3acc4,1
44081df1-828e-4d79-bd27-261be38f66f1,5a2cb9b8-4a4c-4860-8793-59da092434b6,8
44081df1-828e-4d79-bd27-261be38f66f1,5d54939f-2da7-4ca6-b159-4ef344336b21,141
44081df1-828e-4d79-bd27-261be38f66f1,61721e3f-a394-42ff-9885-8a58aa1d1612,4
44081df1-828e-4d79-bd27-261be38f66f1,64522cbc-a297-4c67-a204-1e31deb91f68,3
44081df1-828e-4d79-bd27-261be38f66f1,64f39510-b420-4b01-8b5e-2b2f2b0aad91,1
44081df1-828e-4d79-bd27-261be38f66f1,666f31ca-041f-466d-9e78-804317921d69,4
44081df1-828e-4d79-bd27-261be38f66f1,66b2be3d-10f8-46a4-90c6-b86005df0a50,63
44081df1-828e-4d79-bd27-261be38f66f1,6bfaf570-5b6f-41e1-baf2-b833f6203513,32
44081df1-828e-4d79-bd27-261be38f66f1,71cbc21c-4e36-4df7-9f58-e15a1c1f162c,70
44081df1-828e-4d79-bd27-261be38f66f1,71df2edb-5973-46ec-82d7-c65ccd00abd4,1
44081df1-828e-4d79-bd27-261be38f66f1,7564c685-2691-4796-9159-ebd5df4fdc8d,4
44081df1-828e-4d79-bd27-261be38f66f1,75a44c3a-5914-4c8e-9ca4-d987853f5844,147
44081df1-828e-4d79-bd27-261be38f66f1,77c541d2-49e3-483f-869d-134df420c5ea,58
44081df1-828e-4d79-bd27-261be38f66f1,7954eb2c-1bf5-42af-80dc-85f29b367db0,3
44081df1-828e-4d79-bd27-261be38f66f1,7cbb2d95-46b2-4fcb-b129-9505f56e7f07,1
44081df1-828e-4d79-bd27-261be38f66f1,7d18b6e3-de0c-4aea-bef8-242bbc38e936,6
44081df1-828e-4d79-bd27-261be38f66f1,7dc8c80e-6b9a-47e5-b61f-d57bcb36158f,13
44081df1-828e-4d79-bd27-261be38f66f1,819764fa-3a17-467b-8327-30899ed083b6,24
44081df1-828e-4d79-bd27-261be38f66f1,8349fff0-99b3-449a-bd4d-932ae95b29da,5
44081df1-828e-4d79-bd27-261be38f66f1,859e1824-cc60-4304-9293-dca932ebbed2,12
44081df1-828e-4d79-bd27-261be38f66f1,8711c928-b30d-4859-b091-74678ca63e5b,42
44081df1-828e-4d79-bd27-261be38f66f1,88bf9f29-aa91-4ddd-ad2d-b73dfe6706ef,2
44081df1-828e-4d79-bd27-261be38f66f1,88e0734b-8c03-4daa-8ec5-055e36c07030,4
44081df1-828e-4d79-bd27-261be38f66f1,89d70a20-bd10-46ed-866a-2c79362a0559,31
44081df1-828e-4d79-bd27-261be38f66f1,942a29b8-057f-4dba-a8cd-3c35e5a81aaf,2
44081df1-828e-4d79-bd27-261be38f66f1,94f6aaa0-69ed-4721-a62c-c2b592bec175,6
44081df1-828e-4d79-bd27-261be38f66f1,9522ae6b-a187-4f51-9df7-1b0feb767d6e,14
44081df1-828e-4d79-bd27-261be38f66f1,97ffe642-648f-4dab-a0e8-0720e96e3e35,1
44081df1-828e-4d79-bd27-261be38f66f1,98aa8bde-85b0-49ed-9795-e2eeb206e3b8,68
44081df1-828e-4d79-bd27-261be38f66f1,98cf30be-80d9-498a-966f-10f3ae8ffe22,2
44081df1-828e-4d79-bd27-261be38f66f1,990c794a-2170-435a-8c43-97d4fd0e621e,1
44081df1-828e-4d79-bd27-261be38f66f1,99c6218e-8f0c-45d4-bd24-f300c6cfcb2f,6
44081df1-828e-4d79-bd27-261be38f66f1,9ab41898-332f-4c08-a834-d58b4669c990,48
44081df1-828e-4d79-bd27-261be38f66f1,9b13c8c8-eba4-411e-b095-858e352d3178,23
44081df1-828e-4d79-bd27-261be38f66f1,9bf12da8-39ea-4505-9500-764bc440cfc9,8
44081df1-828e-4d79-bd27-261be38f66f1,9c8bc5bc-8d13-4c11-be37-57a43a1d734b,1
44081df1-828e-4d79-bd27-261be38f66f1,9d2229a5-c46a-485a-9b82-315e270c3e9a,10
44081df1-828e-4d79-bd27-261be38f66f1,9e79de98-e914-4dc8-8dc7-6d7cb09b93d7,1
44081df1-828e-4d79-bd27-261be38f66f1,9ea41959-b952-4e42-92fb-bc616ac17241,11
44081df1-828e-4d79-bd27-261be38f66f1,9f0c39d6-4a57-4849-9215-aa1147c7e0f6,3
44081df1-828e-4d79-bd27-261be38f66f1,a04d4b85-56f0-448f-b5e8-28b5340af204,2
44081df1-828e-4d79-bd27-261be38f66f1,a396ae20-6309-456b-a5ae-e4068dea8a67,9
44081df1-828e-4d79-bd27-261be38f66f1,a3b17348-54cf-4bca-82d4-e62bd46c2fbc,4
44081df1-828e-4d79-bd27-261be38f66f1,a68468b6-51ea-440c-9387-b44ba10ad8b6,26
44081df1-828e-4d79-bd27-261be38f66f1,a8e4581d-5186-4367-95c5-0a754c60b276,5
44081df1-828e-4d79-bd27-261be38f66f1,aa0272f6-6e3c-41f7-b040-b774b30d2196,4
44081df1-828e-4d79-bd27-261be38f66f1,ab15ce32-a527-4526-a5b2-0f2cdb92feeb,15
44081df1-828e-4d79-bd27-261be38f66f1,ab97f146-7308-4a7e-9197-2ef5ee467a95,1
44081df1-828e-4d79-bd27-261be38f66f1,ad8654f3-811a-4a63-ab7a-01bf76347caa,3
44081df1-828e-4d79-bd27-261be38f66f1,b221afb0-2758-4ace-846a-7bfc33389ad6,13
44081df1-828e-4d79-bd27-261be38f66f1,b29c0e00-7ac2-4c28-ab4f-8fceb156337b,6
44081df1-828e-4d79-bd27-261be38f66f1,b41b2403-9f06-4d55-adc5-b0777373ca7e,41
44081df1-828e-4d79-bd27-261be38f66f1,b50b3f0b-afc8-46e5-bfda-cb60e2935a5a,104
44081df1-828e-4d79-bd27-261be38f66f1,b8663b71-f92b-4d2b-a06b-f78dba168d98,2
44081df1-828e-4d79-bd27-261be38f66f1,b8d002bc-ea6c-4f57-b36e-38415b205e09,11
44081df1-828e-4d79-bd27-261be38f66f1,ba21eb65-8546-40e5-a425-0d228d0eaeac,21
44081df1-828e-4d79-bd27-261be38f66f1,bb3a9cf3-6f64-4092-85a1-4318244ee603,6
44081df1-828e-4d79-bd27-261be38f66f1,bb6801d4-f671-4ade-aa86-29aa89373dd9,54
44081df1-828e-4d79-bd27-261be38f66f1,bd954447-a92c-4899-a9a8-4a58569fd4d2,1
44081df1-828e-4d79-bd27-261be38f66f1,c01b88c4-5507-49c5-9ec3-f08af6e6eace,3
44081df1-828e-4d79-bd27-261be38f66f1,c0d8ed4a-ec11-48e2-a468-6cd93327305b,5
44081df1-828e-4d79-bd27-261be38f66f1,c6e26bd3-724f-45d3-93af-ef431e6fcd42,8
44081df1-828e-4d79-bd27-261be38f66f1,c7822b58-103f-4612-87ef-648be97192c6,1
44081df1-828e-4d79-bd27-261be38f66f1,caaae646-de85-453f-b6e0-9b9b4f710f03,3
44081df1-828e-4d79-bd27-261be38f66f1,cabae19e-836c-48c4-903e-7357789f9260,4
44081df1-828e-4d79-bd27-261be38f66f1,ccea26dd-dcae-4174-8945-ec5cb568e951,40
44081df1-828e-4d79-bd27-261be38f66f1,cefbf19c-653b-4af7-84a6-e17fba0e4a70,2
44081df1-828e-4d79-bd27-261be38f66f1,cf4c4d24-798d-4bbe-bf06-23ca674f0d28,1
44081df1-828e-4d79-bd27-261be38f66f1,cfb17042-9f10-4e44-99f4-358bad067455,25
44081df1-828e-4d79-bd27-261be38f66f1,d07ef52c-cc10-4445-a3a1-dfe50371f110,90
44081df1-828e-4d79-bd27-261be38f66f1,d0d8dcbd-4818-4925-a684-13767c7dae0d,6
44081df1-828e-4d79-bd27-261be38f66f1,d1bb566e-a111-43b7-8856-273ebac1f753,17
44081df1-828e-4d79-bd27-261be38f66f1,d38ca3cf-9803-48dc-8592-c67c4430168e,31
44081df1-828e-4d79-bd27-261be38f66f1,d53f00ee-a955-434a-b636-f07d79859c49,43
44081df1-828e-4d79-bd27-261be38f66f1,d59d1492-57b6-482b-88b6-b2b77c45c33d,9
44081df1-828e-4d79-bd27-261be38f66f1,d847851a-777b-43c6-83b3-392672659edc,49
44081df1-828e-4d79-bd27-261be38f66f1,da9f33b0-80ca-49eb-a1ec-def3b46538d9,11
44081df1-828e-4d79-bd27-261be38f66f1,dab4cf29-4843-4261-b09b-973fe98dbf65,1
44081df1-828e-4d79-bd27-261be38f66f1,dae67415-1ed1-4464-a59e-75170eb1925d,1
44081df1-828e-4d79-bd27-261be38f66f1,dc9f60e4-e1a4-487b-a002-40b3c77ba896,1
44081df1-828e-4d79-bd27-261be38f66f1,e6cc253d-14cb-437b-be88-4966f5fcb1f5,67
44081df1-828e-4d79-bd27-261be38f66f1,e70c3ee3-cca2-4521-abea-b124dcec0952,6
44081df1-828e-4d79-bd27-261be38f66f1,e85125f3-b7cf-426c-9355-412838893f55,10
44081df1-828e-4d79-bd27-261be38f66f1,ec571f94-11b8-47d7-bb47-fd0d2d7c7f07,1
44081df1-828e-4d79-bd27-261be38f66f1,edb8800b-6f1b-4e13-be0a-5b88fbd13c82,1
44081df1-828e-4d79-bd27-261be38f66f1,ee32e8d2-aa15-4603-901e-2cc3c72e9ead,82
44081df1-828e-4d79-bd27-261be38f66f1,f067f702-8e06-491a-9498-462205d1aaec,1
44081df1-828e-4d79-bd27-261be38f66f1,f31cabe4-e1f4-46db-88a9-b46ba44dded4,20
44081df1-828e-4d79-bd27-261be38f66f1,fa4d473c-e553-439e-8f53-ca5f2b203dbd,3
44081df1-828e-4d79-bd27-261be38f66f1,fb291eb2-962a-482f-971a-0b62673f9a86,5
44081df1-828e-4d79-bd27-261be38f66f1,fdc445bd-f8fe-4cfc-b387-7fd66a181674,3
446e3e45-8e03-4f8d-bb52-ea092634378f,44f6140e-9776-4c08-bd68-5dde99f2ab62,2
446e3e45-8e03-4f8d-bb52-ea092634378f,48d02bab-281c-4bd0-8a50-26bf90a38cc0,1
446e3e45-8e03-4f8d-bb52-ea092634378f,56cbb44d-9390-480d-b686-56da6c2d6d35,3
446e3e45-8e03-4f8d-bb52-ea092634378f,5d54939f-2da7-4ca6-b159-4ef344336b21,6
446e3e45-8e03-4f8d-bb52-ea092634378f,64522cbc-a297-4c67-a204-1e31deb91f68,1
446e3e45-8e03-4f8d-bb52-ea092634378f,6bfaf570-5b6f-41e1-baf2-b833f6203513,10
446e3e45-8e03-4f8d-bb52-ea092634378f,6e4027b2-cb08-44ca-b030-07d9074512d1,2
446e3e45-8e03-4f8d-bb52-ea092634378f,71cbc21c-4e36-4df7-9f58-e15a1c1f162c,23
446e3e45-8e03-4f8d-bb52-ea092634378f,74c13ffe-54e0-4cfd-a5fd-f21de61a0995,5
446e3e45-8e03-4f8d-bb52-ea092634378f,762e0f40-f100-4896-85a2-b1d8818fae41,18
446e3e45-8e03-4f8d-bb52-ea092634378f,77d2c6f1-3af4-4256-b52f-23fcb7bb8be2,1
446e3e45-8e03-4f8d-bb52-ea092634378f,819764fa-3a17-467b-8327-30899ed083b6,12
446e3e45-8e03-4f8d-bb52-ea092634378f,95b979e4-888d-402d-8167-4f817cea413b,1
446e3e45-8e03-4f8d-bb52-ea092634378f,98aa8bde-85b0-49ed-9795-e2eeb206e3b8,10
446e3e45-8e03-4f8d-bb52-ea092634378f,9b13c8c8-eba4-411e-b095-858e352d3178,9
446e3e45-8e03-4f8d-bb52-ea092634378f,9bf12da8-39ea-4505-9500-764bc440cfc9,4
446e3e45-8e03-4f8d-bb52-ea092634378f,9d2229a5-c46a-485a-9b82-315e270c3e9a,1
446e3e45-8e03-4f8d-bb52-ea092634378f,aa316142-d6ee-4138-bf48-37cd7d11d058,7
446e3e45-8e03-4f8d-bb52-ea092634378f,aa612b6e-b61d-43a8-8775-c83839a9f6ef,3
446e3e45-8e03-4f8d-bb52-ea092634378f,ab97f146-7308-4a7e-9197-2ef5ee467a95,29
446e3e45-8e03-4f8d-bb52-ea092634378f,b1e4718d-bf16-4b46-91fd-946b42bed3af,1
446e3e45-8e03-4f8d-bb52-ea092634378f,b50b3f0b-afc8-46e5-bfda-cb60e2935a5a,13
446e3e45-8e03-4f8d-bb52-ea092634378f,b8d002bc-ea6c-4f57-b36e-38415b205e09,2
446e3e45-8e03-4f8d-bb52-ea092634378f,ba21eb65-8546-40e5-a425-0d228d0eaeac,26
446e3e45-8e03-4f8d-bb52-ea092634378f,bb6801d4-f671-4ade-aa86-29aa89373dd9,2
446e3e45-8e03-4f8d-bb52-ea092634378f,bd954447-a92c-4899-a9a8-4a58569fd4d2,1
446e3e45-8e03-4f8d-bb52-ea092634378f,c1c11045-81c6-43a3-96e4-4cc6d5f2fbb4,4
446e3e45-8e03-4f8d-bb52-ea092634378f,c6b2bdaf-8c1f-4b88-a8cb-167941b98bfb,3
446e3e45-8e03-4f8d-bb52-ea092634378f,c8935902-45d6-45d6-ac31-77bc0e143154,5
446e3e45-8e03-4f8d-bb52-ea092634378f,c955972d-2702-4d28-8461-262072218f3f,3
446e3e45-8e03-4f8d-bb52-ea092634378f,cabae19e-836c-48c4-903e-7357789f9260,2
446e3e45-8e03-4f8d-bb52-ea092634378f,ccea26dd-dcae-4174-8945-ec5cb568e951,2
446e3e45-8e03-4f8d-bb52-ea092634378f,cd5a2cfd-7689-4a6e-aed1-df2a773bab9c,3
446e3e45-8e03-4f8d-bb52-ea092634378f,cfb17042-9f10-4e44-99f4-358bad067455,1
446e3e45-8e03-4f8d-bb52-ea092634378f,d0d8dcbd-4818-4925-a684-13767c7dae0d,8
446e3e45-8e03-4f8d-bb52-ea092634378f,d1bb566e-a111-43b7-8856-273ebac1f753,45
446e3e45-8e03-4f8d-bb52-ea092634378f,d847851a-777b-43c6-83b3-392672659edc,48
446e3e45-8e03-4f8d-bb52-ea092634378f,da9f33b0-80ca-49eb-a1ec-def3b46538d9,1
446e3e45-8e03-4f8d-bb52-ea092634378f,dae67415-1ed1-4464-a59e-75170eb1925d,6
446e3e45-8e03-4f8d-bb52-ea092634378f,e5c9b4ba-9064-4858-a052-bb3bbecfac4b,1
446e3e45-8e03-4f8d-bb52-ea092634378f,e6cc253d-14cb-437b-be88-4966f5fcb1f5,12
446e3e45-8e03-4f8d-bb52-ea092634378f,ee32e8d2-aa15-4603-901e-2cc3c72e9ead,5
44d2b41e-0e28-46c4-972b-daf49b4d9824,44f6140e-9776-4c08-bd68-5dde99f2ab62,3
44d2b41e-0e28-46c4-972b-daf49b4d9824,49f5b5f1-da8f-40a0-b78e-0616e2f30f78,7
44d2b41e-0e28-46c4-972b-daf49b4d9824,4a9d1641-505a-4e22-96d3-36be9d1e6322,1
44d2b41e-0e28-46c4-972b-daf49b4d9824,4aa76e80-51db-4c6f-b97c-e7926b39a66c,14
44d2b41e-0e28-46c4-972b-daf49b4d9824,4bfc5a46-654d-445f-9b71-fc3e06d40ae4,2
44d2b41e-0e28-46c4-972b-daf49b4d9824,4c3e51e6-9f1e-49cc-a919-f74a8c88343e,1
44d2b41e-0e28-46c4-972b-daf49b4d9824,56cbb44d-9390-480d-b686-56da6c2d6d35,7
44d2b41e-0e28-46c4-972b-daf49b4d9824,58e27c9a-59be-407b-8213-714cf1d3acc4,2
44d2b41e-0e28-46c4-972b-daf49b4d9824,64522cbc-a297-4c67-a204-1e31deb91f68,18
44d2b41e-0e28-46c4-972b-daf49b4d9824,6c2ee55a-fa05-4a41-b522-c878c6a61ce8,14
44d2b41e-0e28-46c4-972b-daf49b4d9824,6e4027b2-cb08-44ca-b030-07d9074512d1,1
44d2b41e-0e28-46c4-972b-daf49b4d9824,71cbc21c-4e36-4df7-9f58-e15a1c1f162c,94
44d2b41e-0e28-46c4-972b-daf49b4d9824,77d2c6f1-3af4-4256-b52f-23fcb7bb8be2,10
44d2b41e-0e28-46c4-972b-daf49b4d9824,7897cad0-5099-4630-9311-65cc01450063,2
44d2b41e-0e28-46c4-972b-daf49b4d9824,9522ae6b-a187-4f51-9df7-1b0feb767d6e,1
44d2b41e-0e28-46c4-972b-daf49b4d9824,95b979e4-888d-402d-8167-4f817cea413b,1
44d2b41e-0e28-46c4-972b-daf49b4d9824,9b13c8c8-eba4-411e-b095-858e352d3178,13
44d2b41e-0e28-46c4-972b-daf49b4d9824,9d2229a5-c46a-485a-9b82-315e270c3e9a,112
44d2b41e-0e28-46c4-972b-daf49b4d9824,9ea41959-b952-4e42-92fb-bc616ac17241,4
44d2b41e-0e28-46c4-972b-daf49b4d9824,ab97f146-7308-4a7e-9197-2ef5ee467a95,20
44d2b41e-0e28-46c4-972b-daf49b4d9824,ac61813c-2d49-4318-b5d0-32e3559b8db4,1
44d2b41e-0e28-46c4-972b-daf49b4d9824,b1e4718d-bf16-4b46-91fd-946b42bed3af,25
44d2b41e-0e28-46c4-972b-daf49b4d9824,ba21eb65-8546-40e5-a425-0d228d0eaeac,7
44d2b41e-0e28-46c4-972b-daf49b4d9824,bf030048-0434-42f1-bbed-8b0c04014db4,6
44d2b41e-0e28-46c4-972b-daf49b4d9824,c1c11045-81c6-43a3-96e4-4cc6d5f2fbb4,4
44d2b41e-0e28-46c4-972b-daf49b4d9824,c6b2bdaf-8c1f-4b88-a8cb-167941b98bfb,2
44d2b41e-0e28-46c4-972b-daf49b4d9824,c955972d-2702-4d28-8461-262072218f3f,9
44d2b41e-0e28-46c4-972b-daf49b4d9824,caaae646-de85-453f-b6e0-9b9b4f710f03,32
44d2b41e-0e28-46c4-972b-daf49b4d9824,cd5a2cfd-7689-4a6e-aed1-df2a773bab9c,1
44d2b41e-0e28-46c4-972b-daf49b4d9824,cefbf19c-653b-4af7-84a6-e17fba0e4a70,4
44d2b41e-0e28-46c4-972b-daf49b4d9824,d07ef52c-cc10-4445-a3a1-dfe50371f110,24
44d2b41e-0e28-46c4-972b-daf49b4d9824,d1bb566e-a111-43b7-8856-273ebac1f753,1
44d2b41e-0e28-46c4-972b-daf49b4d9824,d3023879-e3c7-411b-bb8a-1a0be0ca6035,8
44d2b41e-0e28-46c4-972b-daf49b4d9824,d653bf17-e60f-4512-9258-a68ec026e381,5
44d2b41e-0e28-46c4-972b-daf49b4d9824,d6c2b5eb-b21a-440a-b628-75492d313ffa,4
44d2b41e-0e28-46c4-972b-daf49b4d9824,d847851a-777b-43c6-83b3-392672659edc,1
44d2b41e-0e28-46c4-972b-daf49b4d9824,de674538-350f-4a5a-9f8e-fa8f7c4b93ca,7
44d2b41e-0e28-46c4-972b-daf49b4d9824,e5c9b4ba-9064-4858-a052-bb3bbecfac4b,3
44d2b41e-0e28-46c4-972b-daf49b4d9824,e7f0d8e8-4c52-4d0a-8b94-28729046f45b,13
44d2b41e-0e28-46c4-972b-daf49b4d9824,ee32e8d2-aa15-4603-901e-2cc3c72e9ead,79
44d2b41e-0e28-46c4-972b-daf49b4d9824,f0ff5ae5-e0e8-4a26-af3a-93c8b5947dc4,7
44f6140e-9776-4c08-bd68-5dde99f2ab62,4aa76e80-51db-4c6f-b97c-e7926b39a66c,3
44f6140e-9776-4c08-bd68-5dde99f2ab62,4c3e51e6-9f1e-49cc-a919-f74a8c88343e,1
44f6140e-9776-4c08-bd68-5dde99f2ab62,551f9a19-738c-4298-afe1-5ca7959ab74b,6
44f6140e-9776-4c08-bd68-5dde99f2ab62,61721e3f-a394-42ff-9885-8a58aa1d1612,1
44f6140e-9776-4c08-bd68-5dde99f2ab62,64522cbc-a297-4c67-a204-1e31deb91f68,5
44f6140e-9776-4c08-bd68-5dde99f2ab62,6e4027b2-cb08-44ca-b030-07d9074512d1,2
44f6140e-9776-4c08-bd68-5dde99f2ab62,71cbc21c-4e36-4df7-9f58-e15a1c1f162c,4
44f6140e-9776-4c08-bd68-5dde99f2ab62,71df2edb-5973-46ec-82d7-c65ccd00abd4,1
44f6140e-9776-4c08-bd68-5dde99f2ab62,7265b8e8-62d4-4ba2-8117-8f758fbf606e,1
44f6140e-9776-4c08-bd68-5dde99f2ab62,78464103-e740-4fff-b508-c5377a089cb7,3
44f6140e-9776-4c08-bd68-5dde99f2ab62,80d891ee-7f80-4d4f-b486-3b0d1a9fd67a,1
44f6140e-9776-4c08-bd68-5dde99f2ab62,81d3a9a6-03c1-424b-873f-2df53af69e6c,4
44f6140e-9776-4c08-bd68-5dde99f2ab62,83a1ccbf-fe6a-4f7a-a0d0-4cf90337ab90,3
44f6140e-9776-4c08-bd68-5dde99f2ab62,8c5a8186-8f46-4bca-956d-06d4fa521635,2
44f6140e-9776-4c08-bd68-5dde99f2ab62,935fc903-0272-4f85-84e7-6c22aa9710f3,1
44f6140e-9776-4c08-bd68-5dde99f2ab62,98cf30be-80d9-498a-966f-10f3ae8ffe22,2
44f6140e-9776-4c08-bd68-5dde99f2ab62,9b13c8c8-eba4-411e-b095-858e352d3178,10
44f6140e-9776-4c08-bd68-5dde99f2ab62,9d2229a5-c46a-485a-9b82-315e270c3e9a,1
44f6140e-9776-4c08-bd68-5dde99f2ab62,9f3aadb0-0f76-49b8-9e54-126c97fc0ae8,12
44f6140e-9776-4c08-bd68-5dde99f2ab62,aa0272f6-6e3c-41f7-b040-b774b30d2196,2
44f6140e-9776-4c08-bd68-5dde99f2ab62,ab97f146-7308-4a7e-9197-2ef5ee467a95,4
44f6140e-9776-4c08-bd68-5dde99f2ab62,ac61813c-2d49-4318-b5d0-32e3559b8db4,35
44f6140e-9776-4c08-bd68-5dde99f2ab62,ae91b7a3-544d-40c7-8373-815a0bd18cf0,15
44f6140e-9776-4c08-bd68-5dde99f2ab62,bd954447-a92c-4899-a9a8-4a58569fd4d2,20
44f6140e-9776-4c08-bd68-5dde99f2ab62,c01b88c4-5507-49c5-9ec3-f08af6e6eace,1
44f6140e-9776-4c08-bd68-5dde99f2ab62,c128a46d-ebd9-4ee9-80cc-16bfe505e539,1
44f6140e-9776-4c08-bd68-5dde99f2ab62,cefbf19c-653b-4af7-84a6-e17fba0e4a70,1
44f6140e-9776-4c08-bd68-5dde99f2ab62,d3023879-e3c7-411b-bb8a-1a0be0ca6035,1
44f6140e-9776-4c08-bd68-5dde99f2ab62,d3eeba5c-e756-485b-978e-a91629c31e57,1
44f6140e-9776-4c08-bd68-5dde99f2ab62,d847851a-777b-43c6-83b3-392672659edc,2
44f6140e-9776-4c08-bd68-5dde99f2ab62,ddaff486-ef62-4200-aeb9-eeb4bedcc620,1
44f6140e-9776-4c08-bd68-5dde99f2ab62,e5c9b4ba-9064-4858-a052-bb3bbecfac4b,1
44f6140e-9776-4c08-bd68-5dde99f2ab62,e6e673f5-f0a7-4d34-a6aa-d2f12fed24ed,3
44f6140e-9776-4c08-bd68-5dde99f2ab62,ec273841-069f-408b-b434-8524904ae314,1
44f6140e-9776-4c08-bd68-5dde99f2ab62,edb8800b-6f1b-4e13-be0a-5b88fbd13c82,4
44f6140e-9776-4c08-bd68-5dde99f2ab62,ee32e8d2-aa15-4603-901e-2cc3c72e9ead,1
44f6140e-9776-4c08-bd68-5dde99f2ab62,eef0e09f-c709-4de5-8b44-086876d5f631,6
44f6140e-9776-4c08-bd68-5dde99f2ab62,fdc445bd-f8fe-4cfc-b387-7fd66a181674,16
48d02bab-281c-4bd0-8a50-26bf90a38cc0,56a86879-60e4-4cdb-b5f1-b66d6d090798,1
48d02bab-281c-4bd0-8a50-26bf90a38cc0,5d54939f-2da7-4ca6-b159-4ef344336b21,4
48d02bab-281c-4bd0-8a50-26bf90a38cc0,66b2be3d-10f8-46a4-90c6-b86005df0a50,1
48d02bab-281c-4bd0-8a50-26bf90a38cc0,6bfaf570-5b6f-41e1-baf2-b833f6203513,3
48d02bab-281c-4bd0-8a50-26bf90a38cc0,6d33b9bc-7d3a-4a60-b2d7-c2b70cd11ab1,5
48d02bab-281c-4bd0-8a50-26bf90a38cc0,75c8786e-c5c2-4d12-95ff-4b804234f062,1
48d02bab-281c-4bd0-8a50-26bf90a38cc0,77c541d2-49e3-483f-869d-134df420c5ea,8
48d02bab-281c-4bd0-8a50-26bf90a38cc0,7c43c8c2-1958-496c-8060-b0f3bf652992,1
48d02bab-281c-4bd0-8a50-26bf90a38cc0,92fe14f9-9abe-4759-b311-8b635302c2f2,2
48d02bab-281c-4bd0-8a50-26bf90a38cc0,98aa8bde-85b0-49ed-9795-e2eeb206e3b8,2
48d02bab-281c-4bd0-8a50-26bf90a38cc0,9b13c8c8-eba4-411e-b095-858e352d3178,1
48d02bab-281c-4bd0-8a50-26bf90a38cc0,a396ae20-6309-456b-a5ae-e4068dea8a67,12
48d02bab-281c-4bd0-8a50-26bf90a38cc0,a59b540b-1460-4aa0-b9ce-19356f87c77e,1
48d02bab-281c-4bd0-8a50-26bf90a38cc0,b41b2403-9f06-4d55-adc5-b0777373ca7e,2
48d02bab-281c-4bd0-8a50-26bf90a38cc0,b50b3f0b-afc8-46e5-bfda-cb60e2935a5a,4
48d02bab-281c-4bd0-8a50-26bf90a38cc0,bb3a9cf3-6f64-4092-85a1-4318244ee603,1
48d02bab-281c-4bd0-8a50-26bf90a38cc0,bf494e35-c009-4c74-a5c6-3cb2cd26bb51,1
48d02bab-281c-4bd0-8a50-26bf90a38cc0,cfb17042-9f10-4e44-99f4-358bad067455,1
48d02bab-281c-4bd0-8a50-26bf90a38cc0,d1bb566e-a111-43b7-8856-273ebac1f753,1
48d02bab-281c-4bd0-8a50-26bf90a38cc0,d847851a-777b-43c6-83b3-392672659edc,2
48d02bab-281c-4bd0-8a50-26bf90a38cc0,e5f316f0-e4e7-4cf0-a064-ed9321737487,1
48d02bab-281c-4bd0-8a50-26bf90a38cc0,e6cc253d-14cb-437b-be88-4966f5fcb1f5,4
48d02bab-281c-4bd0-8a50-26bf90a38cc0,ef8d31db-0876-4998-b0d9-056643260d46,1
48d02bab-281c-4bd0-8a50-26bf90a38cc0,f31cabe4-e1f4-46db-88a9-b46ba44dded4,1
49be3576-cea3-46c0-87eb-89beb108248d,4aa76e80-51db-4c6f-b97c-e7926b39a66c,6
49be3576-cea3-46c0-87eb-89beb108248d,4c3e51e6-9f1e-49cc-a919-f74a8c88343e,5
49be3576-cea3-46c0-87eb-89beb108248d,4eacd971-8961-4956-b73b-7de0745de280,2
49be3576-cea3-46c0-87eb-89beb108248d,551f9a19-738c-4298-afe1-5ca7959ab74b,4
49be3576-cea3-46c0-87eb-89beb108248d,56a86879-60e4-4cdb-b5f1-b66d6d090798,1
49be3576-cea3-46c0-87eb-89beb108248d,5ab23e3a-aed4-4713-9214-53336765be9d,50
49be3576-cea3-46c0-87eb-89beb108248d,5d54939f-2da7-4ca6-b159-4ef344336b21,7
49be3576-cea3-46c0-87eb-89beb108248d,6bfaf570-5b6f-41e1-baf2-b833f6203513,7
49be3576-cea3-46c0-87eb-89beb108248d,6ce9c9e8-daec-4ef0-b975-f372e100d3e6,3
49be3576-cea3-46c0-87eb-89beb108248d,6d33b9bc-7d3a-4a60-b2d7-c2b70cd11ab1,23
49be3576-cea3-46c0-87eb-89beb108248d,71cbc21c-4e36-4df7-9f58-e15a1c1f162c,61
49be3576-cea3-46c0-87eb-89beb108248d,74c13ffe-54e0-4cfd-a5fd-f21de61a0995,4
49be3576-cea3-46c0-87eb-89beb108248d,7564c685-2691-4796-9159-ebd5df4fdc8d,2
49be3576-cea3-46c0-87eb-89beb108248d,75a44c3a-5914-4c8e-9ca4-d987853f5844,21
49be3576-cea3-46c0-87eb-89beb108248d,762e0f40-f100-4896-85a2-b1d8818fae41,2
49be3576-cea3-46c0-87eb-89beb108248d,77c541d2-49e3-483f-869d-134df420c5ea,6
49be3576-cea3-46c0-87eb-89beb108248d,7897cad0-5099-4630-9311-65cc01450063,4
49be3576-cea3-46c0-87eb-89beb108248d,8129f279-1ddd-45e3-8de4-e9ceb5a68d34,1
49be3576-cea3-46c0-87eb-89beb108248d,819764fa-3a17-467b-8327-30899ed083b6,4
49be3576-cea3-46c0-87eb-89beb108248d,8711c928-b30d-4859-b091-74678ca63e5b,27
49be3576-cea3-46c0-87eb-89beb108248d,88bf9f29-aa91-4ddd-ad2d-b73dfe6706ef,5
49be3576-cea3-46c0-87eb-89beb108248d,89d70a20-bd10-46ed-866a-2c79362a0559,11
49be3576-cea3-46c0-87eb-89beb108248d,98aa8bde-85b0-49ed-9795-e2eeb206e3b8,13
49be3576-cea3-46c0-87eb-89beb108248d,9ab41898-332f-4c08-a834-d58b4669c990,49
49be3576-cea3-46c0-87eb-89beb108248d,9b13c8c8-eba4-411e-b095-858e352d3178,18
49be3576-cea3-46c0-87eb-89beb108248d,9bf12da8-39ea-4505-9500-764bc440cfc9,21
49be3576-cea3-46c0-87eb-89beb108248d,9d2229a5-c46a-485a-9b82-315e270c3e9a,1
49be3576-cea3-46c0-87eb-89beb108248d,9f0c39d6-4a57-4849-9215-aa1147c7e0f6,2
49be3576-cea3-46c0-87eb-89beb108248d,a59b540b-1460-4aa0-b9ce-19356f87c77e,1
49be3576-cea3-46c0-87eb-89beb108248d,a68468b6-51ea-440c-9387-b44ba10ad8b6,4
49be3576-cea3-46c0-87eb-89beb108248d,a8e4581d-5186-4367-95c5-0a754c60b276,10
49be3576-cea3-46c0-87eb-89beb108248d,aa0272f6-6e3c-41f7-b040-b774b30d2196,1
49be3576-cea3-46c0-87eb-89beb108248d,ab15ce32-a527-4526-a5b2-0f2cdb92feeb,14
49be3576-cea3-46c0-87eb-89beb108248d,b29c0e00-7ac2-4c28-ab4f-8fceb156337b,10
49be3576-cea3-46c0-87eb-89beb108248d,b41b2403-9f06-4d55-adc5-b0777373ca7e,2
49be3576-cea3-46c0-87eb-89beb108248d,b4e1d8cf-e8cf-4b66-9ded-97fc8176fa4a,31
49be3576-cea3-46c0-87eb-89beb108248d,b8663b71-f92b-4d2b-a06b-f78dba168d98,4
49be3576-cea3-46c0-87eb-89beb108248d,ba21eb65-8546-40e5-a425-0d228d0eaeac,13
49be3576-cea3-46c0-87eb-89beb108248d,bb3a9cf3-6f64-4092-85a1-4318244ee603,15
49be3576-cea3-46c0-87eb-89beb108248d,bd954447-a92c-4899-a9a8-4a58569fd4d2,1
49be3576-cea3-46c0-87eb-89beb108248d,c0648a21-11c6-4b4f-a4be-205d7dcbb746,3
49be3576-cea3-46c0-87eb-89beb108248d,c0d8ed4a-ec11-48e2-a468-6cd93327305b,4
49be3576-cea3-46c0-87eb-89beb108248d,c3b1dca8-2cb4-4025-9527-36163a098c1f,2
49be3576-cea3-46c0-87eb-89beb108248d,c4f7c468-721e-4953-97f2-bff05fe570c4,1
49be3576-cea3-46c0-87eb-89beb108248d,c955972d-2702-4d28-8461-262072218f3f,11
49be3576-cea3-46c0-87eb-89beb108248d,cabae19e-836c-48c4-903e-7357789f9260,4
49be3576-cea3-46c0-87eb-89beb108248d,cefbf19c-653b-4af7-84a6-e17fba0e4a70,7
49be3576-cea3-46c0-87eb-89beb108248d,cf4c4d24-798d-4bbe-bf06-23ca674f0d28,51
49be3576-cea3-46c0-87eb-89beb108248d,d07ef52c-cc10-4445-a3a1-dfe50371f110,20
49be3576-cea3-46c0-87eb-89beb108248d,d53f00ee-a955-434a-b636-f07d79859c49,4
49be3576-cea3-46c0-87eb-89beb108248d,d847851a-777b-43c6-83b3-392672659edc,8
49be3576-cea3-46c0-87eb-89beb108248d,e6cc253d-14cb-437b-be88-4966f5fcb1f5,6
49be3576-cea3-46c0-87eb-89beb108248d,e7f0d8e8-4c52-4d0a-8b94-28729046f45b,9
49be3576-cea3-46c0-87eb-89beb108248d,ec273841-069f-408b-b434-8524904ae314,1
49be3576-cea3-46c0-87eb-89beb108248d,ec571f94-11b8-47d7-bb47-fd0d2d7c7f07,1
49be3576-cea3-46c0-87eb-89beb108248d,ee32e8d2-aa15-4603-901e-2cc3c72e9ead,48
49be3576-cea3-46c0-87eb-89beb108248d,f29c0ba8-4d4a-4cca-bb1b-229f68b4ae6a,1
49be3576-cea3-46c0-87eb-89beb108248d,fa4d473c-e553-439e-8f53-ca5f2b203dbd,22
49e7fc50-90f5-4476-9275-c31f88864082,4bf69aa9-29a7-44db-b7ee-8bfa40e343dd,14
49e7fc50-90f5-4476-9275-c31f88864082,5d54939f-2da7-4ca6-b159-4ef344336b21,8
49e7fc50-90f5-4476-9275-c31f88864082,666f31ca-041f-466d-9e78-804317921d69,1
49e7fc50-90f5-4476-9275-c31f88864082,75a44c3a-5914-4c8e-9ca4-d987853f5844,3
49e7fc50-90f5-4476-9275-c31f88864082,7cbb2d95-46b2-4fcb-b129-9505f56e7f07,10
49e7fc50-90f5-4476-9275-c31f88864082,859e1824-cc60-4304-9293-dca932ebbed2,3
49e7fc50-90f5-4476-9275-c31f88864082,88e0734b-8c03-4daa-8ec5-055e36c07030,8
49e7fc50-90f5-4476-9275-c31f88864082,89d70a20-bd10-46ed-866a-2c79362a0559,8
49e7fc50-90f5-4476-9275-c31f88864082,942a29b8-057f-4dba-a8cd-3c35e5a81aaf,9
49e7fc50-90f5-4476-9275-c31f88864082,98aa8bde-85b0-49ed-9795-e2eeb206e3b8,7
49e7fc50-90f5-4476-9275-c31f88864082,9e79de98-e914-4dc8-8dc7-6d7cb09b93d7,10
49e7fc50-90f5-4476-9275-c31f88864082,9f0c39d6-4a57-4849-9215-aa1147c7e0f6,3
49e7fc50-90f5-4476-9275-c31f88864082,a437e923-725f-415e-a01d-5588a7af933e,3
49e7fc50-90f5-4476-9275-c31f88864082,a68468b6-51ea-440c-9387-b44ba10ad8b6,2
49e7fc50-90f5-4476-9275-c31f88864082,ab15ce32-a527-4526-a5b2-0f2cdb92feeb,1
49e7fc50-90f5-4476-9275-c31f88864082,b41b2403-9f06-4d55-adc5-b0777373ca7e,6
49e7fc50-90f5-4476-9275-c31f88864082,bb6801d4-f671-4ade-aa86-29aa89373dd9,6
49e7fc50-90f5-4476-9275-c31f88864082,c6e26bd3-724f-45d3-93af-ef431e6fcd42,1
49e7fc50-90f5-4476-9275-c31f88864082,cd02edbc-106e-46d1-8d70-6594741356ea,21
49e7fc50-90f5-4476-9275-c31f88864082,d34e1efc-fbba-4ad8-823a-61bc3f25d580,7
49e7fc50-90f5-4476-9275-c31f88864082,d38ca3cf-9803-48dc-8592-c67c4430168e,5
49e7fc50-90f5-4476-9275-c31f88864082,dab4cf29-4843-4261-b09b-973fe98dbf65,14
49e7fc50-90f5-4476-9275-c31f88864082,e6cc253d-14cb-437b-be88-4966f5fcb1f5,10
49e7fc50-90f5-4476-9275-c31f88864082,e70c3ee3-cca2-4521-abea-b124dcec0952,13
49e7fc50-90f5-4476-9275-c31f88864082,ea21d788-7cfe-41ff-b22f-0664397139af,4
49e7fc50-90f5-4476-9275-c31f88864082,ec571f94-11b8-47d7-bb47-fd0d2d7c7f07,1
49e7fc50-90f5-4476-9275-c31f88864082,ef8d31db-0876-4998-b0d9-056643260d46,2
49e7fc50-90f5-4476-9275-c31f88864082,f31cabe4-e1f4-46db-88a9-b46ba44dded4,1
49e7fc50-90f5-4476-9275-c31f88864082,fa4d473c-e553-439e-8f53-ca5f2b203dbd,25
49e7fc50-90f5-4476-9275-c31f88864082,fb291eb2-962a-482f-971a-0b62673f9a86,1
49e7fc50-90f5-4476-9275-c31f88864082,fdc445bd-f8fe-4cfc-b387-7fd66a181674,1
49f5b5f1-da8f-40a0-b78e-0616e2f30f78,58e27c9a-59be-407b-8213-714cf1d3acc4,1
49f5b5f1-da8f-40a0-b78e-0616e2f30f78,6c2ee55a-fa05-4a41-b522-c878c6a61ce8,3
49f5b5f1-da8f-40a0-b78e-0616e2f30f78,71cbc21c-4e36-4df7-9f58-e15a1c1f162c,6
49f5b5f1-da8f-40a0-b78e-0616e2f30f78,7897cad0-5099-4630-9311-65cc01450063,16
49f5b5f1-da8f-40a0-b78e-0616e2f30f78,9d2229a5-c46a-485a-9b82-315e270c3e9a,38
49f5b5f1-da8f-40a0-b78e-0616e2f30f78,b1e4718d-bf16-4b46-91fd-946b42bed3af,5
49f5b5f1-da8f-40a0-b78e-0616e2f30f78,c1c11045-81c6-43a3-96e4-4cc6d5f2fbb4,2
49f5b5f1-da8f-40a0-b78e-0616e2f30f78,caaae646-de85-453f-b6e0-9b9b4f710f03,1
49f5b5f1-da8f-40a0-b78e-0616e2f30f78,d6c2b5eb-b21a-440a-b628-75492d313ffa,2
49f5b5f1-da8f-40a0-b78e-0616e2f30f78,e5c9b4ba-9064-4858-a052-bb3bbecfac4b,1
49f5b5f1-da8f-40a0-b78e-0616e2f30f78,ee32e8d2-aa15-4603-901e-2cc3c72e9ead,7
4a92f48a-0387-47c7-800e-cf59692e6411,4c3e51e6-9f1e-49cc-a919-f74a8c88343e,1
4a92f48a-0387-47c7-800e-cf59692e6411,4d13ea1d-c9b6-4313-8ba0-fd040d8a319e,1
4a92f48a-0387-47c7-800e-cf59692e6411,4d73ea92-7e5c-4964-bc40-d80f38860ae4,2
4a92f48a-0387-47c7-800e-cf59692e6411,4eacd971-8961-4956-b73b-7de0745de280,4
4a92f48a-0387-47c7-800e-cf59692e6411,522d59a0-10ba-488f-a27a-a1dda7581900,24
4a92f48a-0387-47c7-800e-cf59692e6411,551f9a19-738c-4298-afe1-5ca7959ab74b,3
4a92f48a-0387-47c7-800e-cf59692e6411,56a86879-60e4-4cdb-b5f1-b66d6d090798,10
4a92f48a-0387-47c7-800e-cf59692e6411,5ab23e3a-aed4-4713-9214-53336765be9d,4
4a92f48a-0387-47c7-800e-cf59692e6411,5d3c16f6-cad0-432f-b850-8a62cfb6526c,5
4a92f48a-0387-47c7-800e-cf59692e6411,5d54939f-2da7-4ca6-b159-4ef344336b21,2
4a92f48a-0387-47c7-800e-cf59692e6411,61721e3f-a394-42ff-9885-8a58aa1d1612,1
4a92f48a-0387-47c7-800e-cf59692e6411,68a869d7-3216-4208-9b57-e87405a11abb,1
4a92f48a-0387-47c7-800e-cf59692e6411,71cbc21c-4e36-4df7-9f58-e15a1c1f162c,6
4a92f48a-0387-47c7-800e-cf59692e6411,83a1ccbf-fe6a-4f7a-a0d0-4cf90337ab90,1
4a92f48a-0387-47c7-800e-cf59692e6411,872e3c31-98a5-40cb-b7dc-9c821f3b1bca,21
4a92f48a-0387-47c7-800e-cf59692e6411,88bf9f29-aa91-4ddd-ad2d-b73dfe6706ef,8
4a92f48a-0387-47c7-800e-cf59692e6411,8ba16b4b-5dc1-441e-9229-8bb63c903ce1,1
4a92f48a-0387-47c7-800e-cf59692e6411,990c794a-2170-435a-8c43-97d4fd0e621e,5
4a92f48a-0387-47c7-800e-cf59692e6411,99c6218e-8f0c-45d4-bd24-f300c6cfcb2f,3
4a92f48a-0387-47c7-800e-cf59692e6411,9b13c8c8-eba4-411e-b095-858e352d3178,77
4a92f48a-0387-47c7-800e-cf59692e6411,a962ffcb-a300-45e1-8850-70c7173c233e,1
4a92f48a-0387-47c7-800e-cf59692e6411,aa0272f6-6e3c-41f7-b040-b774b30d2196,5
4a92f48a-0387-47c7-800e-cf59692e6411,ab15ce32-a527-4526-a5b2-0f2cdb92feeb,1
4a92f48a-0387-47c7-800e-cf59692e6411,ad8654f3-811a-4a63-ab7a-01bf76347caa,1
4a92f48a-0387-47c7-800e-cf59692e6411,b7a52679-bac9-4e00-9dfd-06a22a7cf088,8
4a92f48a-0387-47c7-800e-cf59692e6411,b9cfefa1-1e5e-4fd7-a9d5-458e4c3a20db,16
4a92f48a-0387-47c7-800e-cf59692e6411,ba21eb65-8546-40e5-a425-0d228d0eaeac,63
4a92f48a-0387-47c7-800e-cf59692e6411,bb3a9cf3-6f64-4092-85a1-4318244ee603,1
4a92f48a-0387-47c7-800e-cf59692e6411,bf97025a-1c30-4042-bffe-948027f24e6c,2
4a92f48a-0387-47c7-800e-cf59692e6411,c128a46d-ebd9-4ee9-80cc-16bfe505e539,1
4a92f48a-0387-47c7-800e-cf59692e6411,c3adeaa2-c232-48f9-967d-caf4b0b51719,3
4a92f48a-0387-47c7-800e-cf59692e6411,c3b1dca8-2cb4-4025-9527-36163a098c1f,1
4a92f48a-0387-47c7-800e-cf59692e6411,c4f7c468-721e-4953-97f2-bff05fe570c4,2
4a92f48a-0387-47c7-800e-cf59692e6411,c7822b58-103f-4612-87ef-648be97192c6,9
4a92f48a-0387-47c7-800e-cf59692e6411,dae67415-1ed1-4464-a59e-75170eb1925d,1
4a92f48a-0387-47c7-800e-cf59692e6411,de674538-350f-4a5a-9f8e-fa8f7c4b93ca,1
4a92f48a-0387-47c7-800e-cf59692e6411,e5c9b4ba-9064-4858-a052-bb3bbecfac4b,2
4a92f48a-0387-47c7-800e-cf59692e6411,edefa48b-f14e-4ec3-ab3c-dfe2aa0126ec,1
4a92f48a-0387-47c7-800e-cf59692e6411,ee32e8d2-aa15-4603-901e-2cc3c72e9ead,1
4a92f48a-0387-47c7-800e-cf59692e6411,fac3056b-df3b-4712-9ae3-56472806747b,1
4a92f48a-0387-47c7-800e-cf59692e6411,fd544ce8-6d2a-4d79-81e0-c240fcf1776e,1
4a9d1641-505a-4e22-96d3-36be9d1e6322,4aa76e80-51db-4c6f-b97c-e7926b39a66c,3
4a9d1641-505a-4e22-96d3-36be9d1e6322,4bfc5a46-654d-445f-9b71-fc3e06d40ae4,5
4a9d1641-505a-4e22-96d3-36be9d1e6322,54cbf78c-ae5e-49b7-8fcc-41d0fb7b5855,4
4a9d1641-505a-4e22-96d3-36be9d1e6322,71cbc21c-4e36-4df7-9f58-e15a1c1f162c,1
4a9d1641-505a-4e22-96d3-36be9d1e6322,9522ae6b-a187-4f51-9df7-1b0feb767d6e,1
4a9d1641-505a-4e22-96d3-36be9d1e6322,98cf30be-80d9-498a-966f-10f3ae8ffe22,1
4a9d1641-505a-4e22-96d3-36be9d1e6322,990c794a-2170-435a-8c43-97d4fd0e621e,1
4a9d1641-505a-4e22-96d3-36be9d1e6322,ab97f146-7308-4a7e-9197-2ef5ee467a95,1
4a9d1641-505a-4e22-96d3-36be9d1e6322,ac61813c-2d49-4318-b5d0-32e3559b8db4,2
4a9d1641-505a-4e22-96d3-36be9d1e6322,b8d002bc-ea6c-4f57-b36e-38415b205e09,2
4a9d1641-505a-4e22-96d3-36be9d1e6322,ba21eb65-8546-40e5-a425-0d228d0eaeac,2
4a9d1641-505a-4e22-96d3-36be9d1e6322,c6b2bdaf-8c1f-4b88-a8cb-167941b98bfb,3
4a9d1641-505a-4e22-96d3-36be9d1e6322,d07ef52c-cc10-4445-a3a1-dfe50371f110,1
4a9d1641-505a-4e22-96d3-36be9d1e6322,d1bb566e-a111-43b7-8856-273ebac1f753,7
4a9d1641-505a-4e22-96d3-36be9d1e6322,d847851a-777b-43c6-83b3-392672659edc,6
4a9d1641-505a-4e22-96d3-36be9d1e6322,ee32e8d2-aa15-4603-901e-2cc3c72e9ead,2
4aa76e80-51db-4c6f-b97c-e7926b39a66c,4bfc5a46-654d-445f-9b71-fc3e06d40ae4,2
4aa76e80-51db-4c6f-b97c-e7926b39a66c,4c3e51e6-9f1e-49cc-a919-f74a8c88343e,2
4aa76e80-51db-4c6f-b97c-e7926b39a66c,522d59a0-10ba-488f-a27a-a1dda7581900,1
4aa76e80-51db-4c6f-b97c-e7926b39a66c,54cbf78c-ae5e-49b7-8fcc-41d0fb7b5855,5
4aa76e80-51db-4c6f-b97c-e7926b39a66c,551f9a19-738c-4298-afe1-5ca7959ab74b,1
4aa76e80-51db-4c6f-b97c-e7926b39a66c,5ab23e3a-aed4-4713-9214-53336765be9d,36
4aa76e80-51db-4c6f-b97c-e7926b39a66c,5d54939f-2da7-4ca6-b159-4ef344336b21,8
4aa76e80-51db-4c6f-b97c-e7926b39a66c,64522cbc-a297-4c67-a204-1e31deb91f68,6
4aa76e80-51db-4c6f-b97c-e7926b39a66c,6bfaf570-5b6f-41e1-baf2-b833f6203513,1
4aa76e80-51db-4c6f-b97c-e7926b39a66c,6d33b9bc-7d3a-4a60-b2d7-c2b70cd11ab1,23
4aa76e80-51db-4c6f-b97c-e7926b39a66c,71cbc21c-4e36-4df7-9f58-e15a1c1f162c,7
4aa76e80-51db-4c6f-b97c-e7926b39a66c,7265b8e8-62d4-4ba2-8117-8f758fbf606e,8
4aa76e80-51db-4c6f-b97c-e7926b39a66c,75c8786e-c5c2-4d12-95ff-4b804234f062,1
4aa76e80-51db-4c6f-b97c-e7926b39a66c,8133067c-1a90-482b-9ee4-e585a096ffb5,1
4aa76e80-51db-4c6f-b97c-e7926b39a66c,819764fa-3a17-467b-8327-30899ed083b6,1
4aa76e80-51db-4c6f-b97c-e7926b39a66c,81d3a9a6-03c1-424b-873f-2df53af69e6c,1
4aa76e80-51db-4c6f-b97c-e7926b39a66c,935fc903-0272-4f85-84e7-6c22aa9710f3,2
4aa76e80-51db-4c6f-b97c-e7926b39a66c,9522ae6b-a187-4f51-9df7-1b0feb767d6e,1
4aa76e80-51db-4c6f-b97c-e7926b39a66c,95b979e4-888d-402d-8167-4f817cea413b,1
4aa76e80-51db-4c6f-b97c-e7926b39a66c,98aa8bde-85b0-49ed-9795-e2eeb206e3b8,1
4aa76e80-51db-4c6f-b97c-e7926b39a66c,990c794a-2170-435a-8c43-97d4fd0e621e,1
4aa76e80-51db-4c6f-b97c-e7926b39a66c,9b13c8c8-eba4-411e-b095-858e352d3178,3
4aa76e80-51db-4c6f-b97c-e7926b39a66c,9bf12da8-39ea-4505-9500-764bc440cfc9,6
4aa76e80-51db-4c6f-b97c-e7926b39a66c,9d2229a5-c46a-485a-9b82-315e270c3e9a,13
4aa76e80-51db-4c6f-b97c-e7926b39a66c,9f3aadb0-0f76-49b8-9e54-126c97fc0ae8,1
4aa76e80-51db-4c6f-b97c-e7926b39a66c,aa0272f6-6e3c-41f7-b040-b774b30d2196,2
4aa76e80-51db-4c6f-b97c-e7926b39a66c,aa612b6e-b61d-43a8-8775-c83839a9f6ef,3
4aa76e80-51db-4c6f-b97c-e7926b39a66c,ab97f146-7308-4a7e-9197-2ef5ee467a95,12
4aa76e80-51db-4c6f-b97c-e7926b39a66c,ac61813c-2d49-4318-b5d0-32e3559b8db4,8
4aa76e80-51db-4c6f-b97c-e7926b39a66c,ac969248-8799-4f53-ad71-76815c79da35,4
4aa76e80-51db-4c6f-b97c-e7926b39a66c,ae91b7a3-544d-40c7-8373-815a0bd18cf0,2
4aa76e80-51db-4c6f-b97c-e7926b39a66c,b4e1d8cf-e8cf-4b66-9ded-97fc8176fa4a,6
4aa76e80-51db-4c6f-b97c-e7926b39a66c,ba21eb65-8546-40e5-a425-0d228d0eaeac,12
4aa76e80-51db-4c6f-b97c-e7926b39a66c,bb3a9cf3-6f64-4092-85a1-4318244ee603,16
4aa76e80-51db-4c6f-b97c-e7926b39a66c,bd954447-a92c-4899-a9a8-4a58569fd4d2,1
4aa76e80-51db-4c6f-b97c-e7926b39a66c,bf030048-0434-42f1-bbed-8b0c04014db4,7
4aa76e80-51db-4c6f-b97c-e7926b39a66c,c01b88c4-5507-49c5-9ec3-f08af6e6eace,2
4aa76e80-51db-4c6f-b97c-e7926b39a66c,c1c11045-81c6-43a3-96e4-4cc6d5f2fbb4,3
4aa76e80-51db-4c6f-b97c-e7926b39a66c,c606904d-daef-44ff-bd30-cfdc1e6b5185,3
4aa76e80-51db-4c6f-b97c-e7926b39a66c,c6b2bdaf-8c1f-4b88-a8cb-167941b98bfb,4
4aa76e80-51db-4c6f-b97c-e7926b39a66c,caaae646-de85-453f-b6e0-9b9b4f710f03,3
4aa76e80-51db-4c6f-b97c-e7926b39a66c,cefbf19c-653b-4af7-84a6-e17fba0e4a70,10
4aa76e80-51db-4c6f-b97c-e7926b39a66c,cf4c4d24-798d-4bbe-bf06-23ca674f0d28,4
4aa76e80-51db-4c6f-b97c-e7926b39a66c,d07ef52c-cc10-4445-a3a1-dfe50371f110,32
4aa76e80-51db-4c6f-b97c-e7926b39a66c,d1bb566e-a111-43b7-8856-273ebac1f753,2
4aa76e80-51db-4c6f-b97c-e7926b39a66c,d3023879-e3c7-411b-bb8a-1a0be0ca6035,2
4aa76e80-51db-4c6f-b97c-e7926b39a66c,d847851a-777b-43c6-83b3-392672659edc,4
4aa76e80-51db-4c6f-b97c-e7926b39a66c,ddaff486-ef62-4200-aeb9-eeb4bedcc620,17
4aa76e80-51db-4c6f-b97c-e7926b39a66c,e5c9b4ba-9064-4858-a052-bb3bbecfac4b,8
4aa76e80-51db-4c6f-b97c-e7926b39a66c,ec273841-069f-408b-b434-8524904ae314,8
4aa76e80-51db-4c6f-b97c-e7926b39a66c,ec571f94-11b8-47d7-bb47-fd0d2d7c7f07,1
4aa76e80-51db-4c6f-b97c-e7926b39a66c,ee32e8d2-aa15-4603-901e-2cc3c72e9ead,13
4aa76e80-51db-4c6f-b97c-e7926b39a66c,eef0e09f-c709-4de5-8b44-086876d5f631,2
4aa76e80-51db-4c6f-b97c-e7926b39a66c,fdc445bd-f8fe-4cfc-b387-7fd66a181674,6
4bf69aa9-29a7-44db-b7ee-8bfa40e343dd,5d54939f-2da7-4ca6-b159-4ef344336b21,3
4bf69aa9-29a7-44db-b7ee-8bfa40e343dd,75a44c3a-5914-4c8e-9ca4-d987853f5844,1
4bf69aa9-29a7-44db-b7ee-8bfa40e343dd,7cbb2d95-46b2-4fcb-b129-9505f56e7f07,14
4bf69aa9-29a7-44db-b7ee-8bfa40e343dd,859e1824-cc60-4304-9293-dca932ebbed2,2
4bf69aa9-29a7-44db-b7ee-8bfa40e343dd,942a29b8-057f-4dba-a8cd-3c35e5a81aaf,16
4bf69aa9-29a7-44db-b7ee-8bfa40e343dd,98aa8bde-85b0-49ed-9795-e2eeb206e3b8,1
4bf69aa9-29a7-44db-b7ee-8bfa40e343dd,9e79de98-e914-4dc8-8dc7-6d7cb09b93d7,12
4bf69aa9-29a7-44db-b7ee-8bfa40e343dd,a68468b6-51ea-440c-9387-b44ba10ad8b6,1
4bf69aa9-29a7-44db-b7ee-8bfa40e343dd,b41b2403-9f06-4d55-adc5-b0777373ca7e,2
4bf69aa9-29a7-44db-b7ee-8bfa40e343dd,c6e26bd3-724f-45d3-93af-ef431e6fcd42,1
4bf69aa9-29a7-44db-b7ee-8bfa40e343dd,d34e1efc-fbba-4ad8-823a-61bc3f25d580,7
4bf69aa9-29a7-44db-b7ee-8bfa40e343dd,d38ca3cf-9803-48dc-8592-c67c4430168e,6
4bf69aa9-29a7-44db-b7ee-8bfa40e343dd,dab4cf29-4843-4261-b09b-973fe98dbf65,6
4bf69aa9-29a7-44db-b7ee-8bfa40e343dd,e6cc253d-14cb-437b-be88-4966f5fcb1f5,13
4bf69aa9-29a7-44db-b7ee-8bfa40e343dd,ea21d788-7cfe-41ff-b22f-0664397139af,2
4bf69aa9-29a7-44db-b7ee-8bfa40e343dd,ec571f94-11b8-47d7-bb47-fd0d2d7c7f07,1
4bf69aa9-29a7-44db-b7ee-8bfa40e343dd,ef8d31db-0876-4998-b0d9-056643260d46,3
4bfc5a46-654d-445f-9b71-fc3e06d40ae4,64522cbc-a297-4c67-a204-1e31deb91f68,3
4bfc5a46-654d-445f-9b71-fc3e06d40ae4,6c2ee55a-fa05-4a41-b522-c878c6a61ce8,3
4bfc5a46-654d-445f-9b71-fc3e06d40ae4,71cbc21c-4e36-4df7-9f58-e15a1c1f162c,5
4bfc5a46-654d-445f-9b71-fc3e06d40ae4,819764fa-3a17-467b-8327-30899ed083b6,4
4bfc5a46-654d-445f-9b71-fc3e06d40ae4,935fc903-0272-4f85-84e7-6c22aa9710f3,1
4bfc5a46-654d-445f-9b71-fc3e06d40ae4,9522ae6b-a187-4f51-9df7-1b0feb767d6e,1
4bfc5a46-654d-445f-9b71-fc3e06d40ae4,95b979e4-888d-402d-8167-4f817cea413b,1
4bfc5a46-654d-445f-9b71-fc3e06d40ae4,9b13c8c8-eba4-411e-b095-858e352d3178,7
4bfc5a46-654d-445f-9b71-fc3e06d40ae4,9d2229a5-c46a-485a-9b82-315e270c3e9a,6
4bfc5a46-654d-445f-9b71-fc3e06d40ae4,9ea41959-b952-4e42-92fb-bc616ac17241,3
4bfc5a46-654d-445f-9b71-fc3e06d40ae4,ab97f146-7308-4a7e-9197-2ef5ee467a95,2
4bfc5a46-654d-445f-9b71-fc3e06d40ae4,ac61813c-2d49-4318-b5d0-32e3559b8db4,1
4bfc5a46-654d-445f-9b71-fc3e06d40ae4,b1e4718d-bf16-4b46-91fd-946b42bed3af,6
4bfc5a46-654d-445f-9b71-fc3e06d40ae4,c6b2bdaf-8c1f-4b88-a8cb-167941b98bfb,8
4bfc5a46-654d-445f-9b71-fc3e06d40ae4,cd5a2cfd-7689-4a6e-aed1-df2a773bab9c,1
4bfc5a46-654d-445f-9b71-fc3e06d40ae4,d1bb566e-a111-43b7-8856-273ebac1f753,13
4bfc5a46-654d-445f-9b71-fc3e06d40ae4,d847851a-777b-43c6-83b3-392672659edc,5
4bfc5a46-654d-445f-9b71-fc3e06d40ae4,de674538-350f-4a5a-9f8e-fa8f7c4b93ca,3
4bfc5a46-654d-445f-9b71-fc3e06d40ae4,e5c9b4ba-9064-4858-a052-bb3bbecfac4b,1
4bfc5a46-654d-445f-9b71-fc3e06d40ae4,e7f0d8e8-4c52-4d0a-8b94-28729046f45b,13
4bfc5a46-654d-445f-9b71-fc3e06d40ae4,edefa48b-f14e-4ec3-ab3c-dfe2aa0126ec,2
4bfc5a46-654d-445f-9b71-fc3e06d40ae4,ee32e8d2-aa15-4603-901e-2cc3c72e9ead,3
4bfc5a46-654d-445f-9b71-fc3e06d40ae4,f0ff5ae5-e0e8-4a26-af3a-93c8b5947dc4,3
4c3e51e6-9f1e-49cc-a919-f74a8c88343e,4d13ea1d-c9b6-4313-8ba0-fd040d8a319e,2
4c3e51e6-9f1e-49cc-a919-f74a8c88343e,4d6bf62d-9d27-49b5-b00f-254d6ff6e4e1,1
4c3e51e6-9f1e-49cc-a919-f74a8c88343e,4eacd971-8961-4956-b73b-7de0745de280,2
4c3e51e6-9f1e-49cc-a919-f74a8c88343e,522d59a0-10ba-488f-a27a-a1dda7581900,5
4c3e51e6-9f1e-49cc-a919-f74a8c88343e,551f9a19-738c-4298-afe1-5ca7959ab74b,25
4c3e51e6-9f1e-49cc-a919-f74a8c88343e,56a86879-60e4-4cdb-b5f1-b66d6d090798,14
4c3e51e6-9f1e-49cc-a919-f74a8c88343e,56cbb44d-9390-480d-b686-56da6c2d6d35,14
4c3e51e6-9f1e-49cc-a919-f74a8c88343e,581d8f64-6060-4cf0-b281-a46ad978cf0d,1
4c3e51e6-9f1e-49cc-a919-f74a8c88343e,58e27c9a-59be-407b-8213-714cf1d3acc4,2
4c3e51e6-9f1e-49cc-a919-f74a8c88343e,5d54939f-2da7-4ca6-b159-4ef344336b21,5
4c3e51e6-9f1e-49cc-a919-f74a8c88343e,64522cbc-a297-4c67-a204-1e31deb91f68,2
4c3e51e6-9f1e-49cc-a919-f74a8c88343e,64f39510-b420-4b01-8b5e-2b2f2b0aad91,1
4c3e51e6-9f1e-49cc-a919-f74a8c88343e,666f31ca-041f-466d-9e78-804317921d69,3
4c3e51e6-9f1e-49cc-a919-f74a8c88343e,66b2be3d-10f8-46a4-90c6-b86005df0a50,2
4c3e51e6-9f1e-49cc-a919-f74a8c88343e,6a54c095-9872-4322-81be-114b74233d40,1
4c3e51e6-9f1e-49cc-a919-f74a8c88343e,6bfaf570-5b6f-41e1-baf2-b833f6203513,5
4c3e51e6-9f1e-49cc-a919-f74a8c88343e,6d33b9bc-7d3a-4a60-b2d7-c2b70cd11ab1,10
4c3e51e6-9f1e-49cc-a919-f74a8c88343e,6fc5878e-d76a-4e9d-a4e3-e5ef581bb2ff,2
4c3e51e6-9f1e-49cc-a919-f74a8c88343e,71cbc21c-4e36-4df7-9f58-e15a1c1f162c,10
4c3e51e6-9f1e-49cc-a919-f74a8c88343e,74b44968-d1f2-482a-a365-1fbb4cbda7f9,12
4c3e51e6-9f1e-49cc-a919-f74a8c88343e,754f2d87-8990-4b77-8181-54d8df8fa63a,4
4c3e51e6-9f1e-49cc-a919-f74a8c88343e,75a44c3a-5914-4c8e-9ca4-d987853f5844,1
4c3e51e6-9f1e-49cc-a919-f74a8c88343e,75c8786e-c5c2-4d12-95ff-4b804234f062,2
4c3e51e6-9f1e-49cc-a919-f74a8c88343e,7cbb2d95-46b2-4fcb-b129-9505f56e7f07,7
4c3e51e6-9f1e-49cc-a919-f74a8c88343e,7d18b6e3-de0c-4aea-bef8-242bbc38e936,21
4c3e51e6-9f1e-49cc-a919-f74a8c88343e,808636f6-10d2-4ed6-a5fe-f98ab3fcbbee,6
4c3e51e6-9f1e-49cc-a919-f74a8c88343e,80d891ee-7f80-4d4f-b486-3b0d1a9fd67a,1
4c3e51e6-9f1e-49cc-a919-f74a8c88343e,819764fa-3a17-467b-8327-30899ed083b6,4
4c3e51e6-9f1e-49cc-a919-f74a8c88343e,8509e44d-0f9b-413a-a2cd-f64d656c3955,4
4c3e51e6-9f1e-49cc-a919-f74a8c88343e,8711c928-b30d-4859-b091-74678ca63e5b,16
4c3e51e6-9f1e-49cc-a919-f74a8c88343e,88bf9f29-aa91-4ddd-ad2d-b73dfe6706ef,14
4c3e51e6-9f1e-49cc-a919-f74a8c88343e,89d70a20-bd10-46ed-866a-2c79362a0559,12
4c3e51e6-9f1e-49cc-a919-f74a8c88343e,8ba16b4b-5dc1-441e-9229-8bb63c903ce1,17
4c3e51e6-9f1e-49cc-a919-f74a8c88343e,8ee20f38-f3f0-4ff9-b5d9-84557b5ddcb1,1
4c3e51e6-9f1e-49cc-a919-f74a8c88343e,8f6a5115-367e-4dc2-88c5-1eae50593652,4
4c3e51e6-9f1e-49cc-a919-f74a8c88343e,935fc903-0272-4f85-84e7-6c22aa9710f3,8
4c3e51e6-9f1e-49cc-a919-f74a8c88343e,9431dc1b-9891-4d15-aaf1-b98e347c3b46,4
4c3e51e6-9f1e-49cc-a919-f74a8c88343e,973da897-66c7-4010-a98d-505e0e97a60c,1
4c3e51e6-9f1e-49cc-a919-f74a8c88343e,974099ff-20a6-4119-84be-96e244befc55,4
4c3e51e6-9f1e-49cc-a919-f74a8c88343e,97ffe642-648f-4dab-a0e8-0720e96e3e35,6
4c3e51e6-9f1e-49cc-a919-f74a8c88343e,98aa8bde-85b0-49ed-9795-e2eeb206e3b8,7
4c3e51e6-9f1e-49cc-a919-f74a8c88343e,99c6218e-8f0c-45d4-bd24-f300c6cfcb2f,39
4c3e51e6-9f1e-49cc-a919-f74a8c88343e,9ab41898-332f-4c08-a834-d58b4669c990,5
4c3e51e6-9f1e-49cc-a919-f74a8c88343e,9b13c8c8-eba4-411e-b095-858e352d3178,25
4c3e51e6-9f1e-49cc-a919-f74a8c88343e,9bf12da8-39ea-4505-9500-764bc440cfc9,23
4c3e51e6-9f1e-49cc-a919-f74a8c88343e,9f0c39d6-4a57-4849-9215-aa1147c7e0f6,26
4c3e51e6-9f1e-49cc-a919-f74a8c88343e,a04d4b85-56f0-448f-b5e8-28b5340af204,3
4c3e51e6-9f1e-49cc-a919-f74a8c88343e,a4074721-5d4d-444a-bb98-1ddbc592a78a,24
4c3e51e6-9f1e-49cc-a919-f74a8c88343e,a437e923-725f-415e-a01d-5588a7af933e,2
4c3e51e6-9f1e-49cc-a919-f74a8c88343e,a59b540b-1460-4aa0-b9ce-19356f87c77e,1
4c3e51e6-9f1e-49cc-a919-f74a8c88343e,a68468b6-51ea-440c-9387-b44ba10ad8b6,11
4c3e51e6-9f1e-49cc-a919-f74a8c88343e,a8e4581d-5186-4367-95c5-0a754c60b276,40
4c3e51e6-9f1e-49cc-a919-f74a8c88343e,a962ffcb-a300-45e1-8850-70c7173c233e,4
4c3e51e6-9f1e-49cc-a919-f74a8c88343e,aa0272f6-6e3c-41f7-b040-b774b30d2196,11
4c3e51e6-9f1e-49cc-a919-f74a8c88343e,ab15ce32-a527-4526-a5b2-0f2cdb92feeb,17
4c3e51e6-9f1e-49cc-a919-f74a8c88343e,ac61813c-2d49-4318-b5d0-32e3559b8db4,3
4c3e51e6-9f1e-49cc-a919-f74a8c88343e,ad44b24f-bb14-4f4a-a476-3cbbb3e9cdb0,6
4c3e51e6-9f1e-49cc-a919-f74a8c88343e,ae91b7a3-544d-40c7-8373-815a0bd18cf0,28
4c3e51e6-9f1e-49cc-a919-f74a8c88343e,b221afb0-2758-4ace-846a-7bfc33389ad6,4
4c3e51e6-9f1e-49cc-a919-f74a8c88343e,b29c0e00-7ac2-4c28-ab4f-8fceb156337b,8
4c3e51e6-9f1e-49cc-a919-f74a8c88343e,b3230578-426f-4b84-bfe2-6a8136c6a3af,3
4c3e51e6-9f1e-49cc-a919-f74a8c88343e,b41b2403-9f06-4d55-adc5-b0777373ca7e,28
4c3e51e6-9f1e-49cc-a919-f74a8c88343e,b4fdf408-8296-4d14-9e95-b4b96dc20751,25
4c3e51e6-9f1e-49cc-a919-f74a8c88343e,b8663b71-f92b-4d2b-a06b-f78dba168d98,3
4c3e51e6-9f1e-49cc-a919-f74a8c88343e,b8d002bc-ea6c-4f57-b36e-38415b205e09,10
4c3e51e6-9f1e-49cc-a919-f74a8c88343e,ba21eb65-8546-40e5-a425-0d228d0eaeac,7
4c3e51e6-9f1e-49cc-a919-f74a8c88343e,bb3a9cf3-6f64-4092-85a1-4318244ee603,4
4c3e51e6-9f1e-49cc-a919-f74a8c88343e,bb6801d4-f671-4ade-aa86-29aa89373dd9,1
4c3e51e6-9f1e-49cc-a919-f74a8c88343e,bd954447-a92c-4899-a9a8-4a58569fd4d2,48
4c3e51e6-9f1e-49cc-a919-f74a8c88343e,bf030048-0434-42f1-bbed-8b0c04014db4,7
4c3e51e6-9f1e-49cc-a919-f74a8c88343e,bf97025a-1c30-4042-bffe-948027f24e6c,26
4c3e51e6-9f1e-49cc-a919-f74a8c88343e,c0648a21-11c6-4b4f-a4be-205d7dcbb746,2
4c3e51e6-9f1e-49cc-a919-f74a8c88343e,c0d8ed4a-ec11-48e2-a468-6cd93327305b,47
4c3e51e6-9f1e-49cc-a919-f74a8c88343e,c1554da8-5650-43fe-893a-2cd8f5f8b4d5,1
4c3e51e6-9f1e-49cc-a919-f74a8c88343e,c6e26bd3-724f-45d3-93af-ef431e6fcd42,6
4c3e51e6-9f1e-49cc-a919-f74a8c88343e,c7822b58-103f-4612-87ef-648be97192c6,104
4c3e51e6-9f1e-49cc-a919-f74a8c88343e,c955972d-2702-4d28-8461-262072218f3f,4
4c3e51e6-9f1e-49cc-a919-f74a8c88343e,cabae19e-836c-48c4-903e-7357789f9260,1
4c3e51e6-9f1e-49cc-a919-f74a8c88343e,ccea26dd-dcae-4174-8945-ec5cb568e951,2
4c3e51e6-9f1e-49cc-a919-f74a8c88343e,cefbf19c-653b-4af7-84a6-e17fba0e4a70,35
4c3e51e6-9f1e-49cc-a919-f74a8c88343e,d07ef52c-cc10-4445-a3a1-dfe50371f110,17
4c3e51e6-9f1e-49cc-a919-f74a8c88343e,d34e1efc-fbba-4ad8-823a-61bc3f25d580,2
4c3e51e6-9f1e-49cc-a919-f74a8c88343e,d38ca3cf-9803-48dc-8592-c67c4430168e,1
4c3e51e6-9f1e-49cc-a919-f74a8c88343e,d59d1492-57b6-482b-88b6-b2b77c45c33d,1
4c3e51e6-9f1e-49cc-a919-f74a8c88343e,d847851a-777b-43c6-83b3-392672659edc,11
4c3e51e6-9f1e-49cc-a919-f74a8c88343e,d89044ef-b7df-4a15-be10-d342fe381664,18
4c3e51e6-9f1e-49cc-a919-f74a8c88343e,da26504f-588f-4f69-85bd-1e2b627441e2,1
4c3e51e6-9f1e-49cc-a919-f74a8c88343e,da756f9c-3f10-4ab8-9fa8-75812e248959,3
4c3e51e6-9f1e-49cc-a919-f74a8c88343e,da9f33b0-80ca-49eb-a1ec-def3b46538d9,3
4c3e51e6-9f1e-49cc-a919-f74a8c88343e,dab4cf29-4843-4261-b09b-973fe98dbf65,1
4c3e51e6-9f1e-49cc-a919-f74a8c88343e,dae67415-1ed1-4464-a59e-75170eb1925d,1
4c3e51e6-9f1e-49cc-a919-f74a8c88343e,dc9f60e4-e1a4-487b-a002-40b3c77ba896,5
4c3e51e6-9f1e-49cc-a919-f74a8c88343e,e10065e1-776d-4bf3-8669-56788c453079,17
4c3e51e6-9f1e-49cc-a919-f74a8c88343e,e5f316f0-e4e7-4cf0-a064-ed9321737487,3
4c3e51e6-9f1e-49cc-a919-f74a8c88343e,e6cc253d-14cb-437b-be88-4966f5fcb1f5,5
4c3e51e6-9f1e-49cc-a919-f74a8c88343e,e7f0d8e8-4c52-4d0a-8b94-28729046f45b,4
4c3e51e6-9f1e-49cc-a919-f74a8c88343e,ea21d788-7cfe-41ff-b22f-0664397139af,1
4c3e51e6-9f1e-49cc-a919-f74a8c88343e,efd89dff-2cde-4afc-ab14-e4f9795d1407,2
4c3e51e6-9f1e-49cc-a919-f74a8c88343e,f289b7eb-f6ba-415b-90d9-1124c652637c,1
4c3e51e6-9f1e-49cc-a919-f74a8c88343e,f29c0ba8-4d4a-4cca-bb1b-229f68b4ae6a,2
4c3e51e6-9f1e-49cc-a919-f74a8c88343e,f31cabe4-e1f4-46db-88a9-b46ba44dded4,42
4c3e51e6-9f1e-49cc-a919-f74a8c88343e,fa4d473c-e553-439e-8f53-ca5f2b203dbd,64
4c3e51e6-9f1e-49cc-a919-f74a8c88343e,fb291eb2-962a-482f-971a-0b62673f9a86,10
4c3e51e6-9f1e-49cc-a919-f74a8c88343e,fd544ce8-6d2a-4d79-81e0-c240fcf1776e,4
4c3e51e6-9f1e-49cc-a919-f74a8c88343e,fdc445bd-f8fe-4cfc-b387-7fd66a181674,136
4d13ea1d-c9b6-4313-8ba0-fd040d8a319e,551f9a19-738c-4298-afe1-5ca7959ab74b,8
4d13ea1d-c9b6-4313-8ba0-fd040d8a319e,5ab23e3a-aed4-4713-9214-53336765be9d,2
4d13ea1d-c9b6-4313-8ba0-fd040d8a319e,64522cbc-a297-4c67-a204-1e31deb91f68,3
4d13ea1d-c9b6-4313-8ba0-fd040d8a319e,6fc5878e-d76a-4e9d-a4e3-e5ef581bb2ff,9
4d13ea1d-c9b6-4313-8ba0-fd040d8a319e,71cbc21c-4e36-4df7-9f58-e15a1c1f162c,14
4d13ea1d-c9b6-4313-8ba0-fd040d8a319e,74b44968-d1f2-482a-a365-1fbb4cbda7f9,1
4d13ea1d-c9b6-4313-8ba0-fd040d8a319e,7dc8c80e-6b9a-47e5-b61f-d57bcb36158f,3
4d13ea1d-c9b6-4313-8ba0-fd040d8a319e,8c5a8186-8f46-4bca-956d-06d4fa521635,3
4d13ea1d-c9b6-4313-8ba0-fd040d8a319e,935fc903-0272-4f85-84e7-6c22aa9710f3,2
4d13ea1d-c9b6-4313-8ba0-fd040d8a319e,9522ae6b-a187-4f51-9df7-1b0feb767d6e,1
4d13ea1d-c9b6-4313-8ba0-fd040d8a319e,9b13c8c8-eba4-411e-b095-858e352d3178,2
4d13ea1d-c9b6-4313-8ba0-fd040d8a319e,9c4710f5-fb0b-42cc-9d53-4cf5dfe6e27c,4
4d13ea1d-c9b6-4313-8ba0-fd040d8a319e,aa0272f6-6e3c-41f7-b040-b774b30d2196,7
4d13ea1d-c9b6-4313-8ba0-fd040d8a319e,b4fdf408-8296-4d14-9e95-b4b96dc20751,2
4d13ea1d-c9b6-4313-8ba0-fd040d8a319e,b7a52679-bac9-4e00-9dfd-06a22a7cf088,1
4d13ea1d-c9b6-4313-8ba0-fd040d8a319e,bd954447-a92c-4899-a9a8-4a58569fd4d2,4
4d13ea1d-c9b6-4313-8ba0-fd040d8a319e,c0d8ed4a-ec11-48e2-a468-6cd93327305b,8
4d13ea1d-c9b6-4313-8ba0-fd040d8a319e,c128a46d-ebd9-4ee9-80cc-16bfe505e539,8
4d13ea1d-c9b6-4313-8ba0-fd040d8a319e,cfd07390-25a9-4fdb-bced-8a463530bf51,7
4d13ea1d-c9b6-4313-8ba0-fd040d8a319e,de674538-350f-4a5a-9f8e-fa8f7c4b93ca,2
4d13ea1d-c9b6-4313-8ba0-fd040d8a319e,fa4d473c-e553-439e-8f53-ca5f2b203dbd,3
4d13ea1d-c9b6-4313-8ba0-fd040d8a319e,fac3056b-df3b-4712-9ae3-56472806747b,1
4d6bf62d-9d27-49b5-b00f-254d6ff6e4e1,6fc5878e-d76a-4e9d-a4e3-e5ef581bb2ff,6
4d6bf62d-9d27-49b5-b00f-254d6ff6e4e1,74c13ffe-54e0-4cfd-a5fd-f21de61a0995,1
4d6bf62d-9d27-49b5-b00f-254d6ff6e4e1,75a44c3a-5914-4c8e-9ca4-d987853f5844,3
4d6bf62d-9d27-49b5-b00f-254d6ff6e4e1,819764fa-3a17-467b-8327-30899ed083b6,2
4d6bf62d-9d27-49b5-b00f-254d6ff6e4e1,8711c928-b30d-4859-b091-74678ca63e5b,1
4d6bf62d-9d27-49b5-b00f-254d6ff6e4e1,8ba16b4b-5dc1-441e-9229-8bb63c903ce1,13
4d6bf62d-9d27-49b5-b00f-254d6ff6e4e1,935fc903-0272-4f85-84e7-6c22aa9710f3,1
4d6bf62d-9d27-49b5-b00f-254d6ff6e4e1,98aa8bde-85b0-49ed-9795-e2eeb206e3b8,1
4d6bf62d-9d27-49b5-b00f-254d6ff6e4e1,a04d4b85-56f0-448f-b5e8-28b5340af204,9
4d6bf62d-9d27-49b5-b00f-254d6ff6e4e1,aa0272f6-6e3c-41f7-b040-b774b30d2196,5
4d6bf62d-9d27-49b5-b00f-254d6ff6e4e1,ba21eb65-8546-40e5-a425-0d228d0eaeac,3
4d6bf62d-9d27-49b5-b00f-254d6ff6e4e1,bf030048-0434-42f1-bbed-8b0c04014db4,2
4d6bf62d-9d27-49b5-b00f-254d6ff6e4e1,c0d8ed4a-ec11-48e2-a468-6cd93327305b,4
4d6bf62d-9d27-49b5-b00f-254d6ff6e4e1,c7822b58-103f-4612-87ef-648be97192c6,10
4d6bf62d-9d27-49b5-b00f-254d6ff6e4e1,da9f33b0-80ca-49eb-a1ec-def3b46538d9,1
4d6bf62d-9d27-49b5-b00f-254d6ff6e4e1,e10065e1-776d-4bf3-8669-56788c453079,4
4d73ea92-7e5c-4964-bc40-d80f38860ae4,581d8f64-6060-4cf0-b281-a46ad978cf0d,3
4d73ea92-7e5c-4964-bc40-d80f38860ae4,7d18b6e3-de0c-4aea-bef8-242bbc38e936,2
4d73ea92-7e5c-4964-bc40-d80f38860ae4,872e3c31-98a5-40cb-b7dc-9c821f3b1bca,4
4d73ea92-7e5c-4964-bc40-d80f38860ae4,95b979e4-888d-402d-8167-4f817cea413b,1
4d73ea92-7e5c-4964-bc40-d80f38860ae4,974099ff-20a6-4119-84be-96e244befc55,2
4d73ea92-7e5c-4964-bc40-d80f38860ae4,aa0272f6-6e3c-41f7-b040-b774b30d2196,2
4d73ea92-7e5c-4964-bc40-d80f38860ae4,c1c11045-81c6-43a3-96e4-4cc6d5f2fbb4,4
4d73ea92-7e5c-4964-bc40-d80f38860ae4,cefbf19c-653b-4af7-84a6-e17fba0e4a70,1
4d73ea92-7e5c-4964-bc40-d80f38860ae4,cf4c4d24-798d-4bbe-bf06-23ca674f0d28,7
4d73ea92-7e5c-4964-bc40-d80f38860ae4,d1bb566e-a111-43b7-8856-273ebac1f753,10
4eacd971-8961-4956-b73b-7de0745de280,522d59a0-10ba-488f-a27a-a1dda7581900,7
4eacd971-8961-4956-b73b-7de0745de280,551f9a19-738c-4298-afe1-5ca7959ab74b,1
4eacd971-8961-4956-b73b-7de0745de280,56a86879-60e4-4cdb-b5f1-b66d6d090798,156
4eacd971-8961-4956-b73b-7de0745de280,58e27c9a-59be-407b-8213-714cf1d3acc4,5
4eacd971-8961-4956-b73b-7de0745de280,5ab23e3a-aed4-4713-9214-53336765be9d,2
4eacd971-8961-4956-b73b-7de0745de280,5d54939f-2da7-4ca6-b159-4ef344336b21,43
4eacd971-8961-4956-b73b-7de0745de280,5dfe97b2-fffb-4586-a999-1cbcfde80674,24
4eacd971-8961-4956-b73b-7de0745de280,68a869d7-3216-4208-9b57-e87405a11abb,19
4eacd971-8961-4956-b73b-7de0745de280,6bfaf570-5b6f-41e1-baf2-b833f6203513,1
4eacd971-8961-4956-b73b-7de0745de280,6ce9c9e8-daec-4ef0-b975-f372e100d3e6,15
4eacd971-8961-4956-b73b-7de0745de280,808636f6-10d2-4ed6-a5fe-f98ab3fcbbee,2
4eacd971-8961-4956-b73b-7de0745de280,8711c928-b30d-4859-b091-74678ca63e5b,2
4eacd971-8961-4956-b73b-7de0745de280,88bf9f29-aa91-4ddd-ad2d-b73dfe6706ef,13
4eacd971-8961-4956-b73b-7de0745de280,8dfa0156-0834-4c00-87e8-c4e9919f781f,1
4eacd971-8961-4956-b73b-7de0745de280,97ffe642-648f-4dab-a0e8-0720e96e3e35,3
4eacd971-8961-4956-b73b-7de0745de280,98aa8bde-85b0-49ed-9795-e2eeb206e3b8,3
4eacd971-8961-4956-b73b-7de0745de280,99c6218e-8f0c-45d4-bd24-f300c6cfcb2f,15
4eacd971-8961-4956-b73b-7de0745de280,9ab41898-332f-4c08-a834-d58b4669c990,3
4eacd971-8961-4956-b73b-7de0745de280,9b13c8c8-eba4-411e-b095-858e352d3178,11
4eacd971-8961-4956-b73b-7de0745de280,9bf12da8-39ea-4505-9500-764bc440cfc9,7
4eacd971-8961-4956-b73b-7de0745de280,a4074721-5d4d-444a-bb98-1ddbc592a78a,52
4eacd971-8961-4956-b73b-7de0745de280,a901d2d2-35f6-4341-bbfb-38e5d9b21d07,38
4eacd971-8961-4956-b73b-7de0745de280,a962ffcb-a300-45e1-8850-70c7173c233e,3
4eacd971-8961-4956-b73b-7de0745de280,aa0272f6-6e3c-41f7-b040-b774b30d2196,33
4eacd971-8961-4956-b73b-7de0745de280,ab97f146-7308-4a7e-9197-2ef5ee467a95,2
4eacd971-8961-4956-b73b-7de0745de280,ad8654f3-811a-4a63-ab7a-01bf76347caa,1
4eacd971-8961-4956-b73b-7de0745de280,b29c0e00-7ac2-4c28-ab4f-8fceb156337b,4
4eacd971-8961-4956-b73b-7de0745de280,b9cfefa1-1e5e-4fd7-a9d5-458e4c3a20db,17
4eacd971-8961-4956-b73b-7de0745de280,ba21eb65-8546-40e5-a425-0d228d0eaeac,10
4eacd971-8961-4956-b73b-7de0745de280,bb6801d4-f671-4ade-aa86-29aa89373dd9,20
4eacd971-8961-4956-b73b-7de0745de280,bd954447-a92c-4899-a9a8-4a58569fd4d2,1
4eacd971-8961-4956-b73b-7de0745de280,bf030048-0434-42f1-bbed-8b0c04014db4,5
4eacd971-8961-4956-b73b-7de0745de280,bf97025a-1c30-4042-bffe-948027f24e6c,6
4eacd971-8961-4956-b73b-7de0745de280,c128a46d-ebd9-4ee9-80cc-16bfe505e539,1
4eacd971-8961-4956-b73b-7de0745de280,c3b1dca8-2cb4-4025-9527-36163a098c1f,9
4eacd971-8961-4956-b73b-7de0745de280,c4f7c468-721e-4953-97f2-bff05fe570c4,6
4eacd971-8961-4956-b73b-7de0745de280,c7822b58-103f-4612-87ef-648be97192c6,238
4eacd971-8961-4956-b73b-7de0745de280,cabae19e-836c-48c4-903e-7357789f9260,2
4eacd971-8961-4956-b73b-7de0745de280,cefbf19c-653b-4af7-84a6-e17fba0e4a70,17
4eacd971-8961-4956-b73b-7de0745de280,cfb17042-9f10-4e44-99f4-358bad067455,1
4eacd971-8961-4956-b73b-7de0745de280,d1bb566e-a111-43b7-8856-273ebac1f753,3
4eacd971-8961-4956-b73b-7de0745de280,d642dcc9-3f86-49d1-96c9-ae2771d1e89a,2
4eacd971-8961-4956-b73b-7de0745de280,d847851a-777b-43c6-83b3-392672659edc,2
4eacd971-8961-4956-b73b-7de0745de280,da9f33b0-80ca-49eb-a1ec-def3b46538d9,2
4eacd971-8961-4956-b73b-7de0745de280,dae67415-1ed1-4464-a59e-75170eb1925d,31
4eacd971-8961-4956-b73b-7de0745de280,e10065e1-776d-4bf3-8669-56788c453079,3
4eacd971-8961-4956-b73b-7de0745de280,e6cc253d-14cb-437b-be88-4966f5fcb1f5,5
4eacd971-8961-4956-b73b-7de0745de280,e7f0d8e8-4c52-4d0a-8b94-28729046f45b,5
4eacd971-8961-4956-b73b-7de0745de280,f29c0ba8-4d4a-4cca-bb1b-229f68b4ae6a,2
4eacd971-8961-4956-b73b-7de0745de280,fa4d473c-e553-439e-8f53-ca5f2b203dbd,7
4eacd971-8961-4956-b73b-7de0745de280,fd45195f-c35d-47c9-844e-a5893e10839e,1
522d59a0-10ba-488f-a27a-a1dda7581900,56a86879-60e4-4cdb-b5f1-b66d6d090798,10
522d59a0-10ba-488f-a27a-a1dda7581900,5d54939f-2da7-4ca6-b159-4ef344336b21,5
522d59a0-10ba-488f-a27a-a1dda7581900,71cbc21c-4e36-4df7-9f58-e15a1c1f162c,2
522d59a0-10ba-488f-a27a-a1dda7581900,74b44968-d1f2-482a-a365-1fbb4cbda7f9,1
522d59a0-10ba-488f-a27a-a1dda7581900,74c13ffe-54e0-4cfd-a5fd-f21de61a0995,5
522d59a0-10ba-488f-a27a-a1dda7581900,762e0f40-f100-4896-85a2-b1d8818fae41,3
522d59a0-10ba-488f-a27a-a1dda7581900,819764fa-3a17-467b-8327-30899ed083b6,2
522d59a0-10ba-488f-a27a-a1dda7581900,8ba16b4b-5dc1-441e-9229-8bb63c903ce1,1
522d59a0-10ba-488f-a27a-a1dda7581900,973da897-66c7-4010-a98d-505e0e97a60c,1
522d59a0-10ba-488f-a27a-a1dda7581900,97ffe642-648f-4dab-a0e8-0720e96e3e35,2
522d59a0-10ba-488f-a27a-a1dda7581900,98aa8bde-85b0-49ed-9795-e2eeb206e3b8,1
522d59a0-10ba-488f-a27a-a1dda7581900,9b13c8c8-eba4-411e-b095-858e352d3178,6
522d59a0-10ba-488f-a27a-a1dda7581900,9f0c39d6-4a57-4849-9215-aa1147c7e0f6,2
522d59a0-10ba-488f-a27a-a1dda7581900,9f855643-68a2-409e-b4fe-81b92547212a,2
522d59a0-10ba-488f-a27a-a1dda7581900,a59b540b-1460-4aa0-b9ce-19356f87c77e,1
522d59a0-10ba-488f-a27a-a1dda7581900,ab97f146-7308-4a7e-9197-2ef5ee467a95,3
522d59a0-10ba-488f-a27a-a1dda7581900,b1e4718d-bf16-4b46-91fd-946b42bed3af,3
522d59a0-10ba-488f-a27a-a1dda7581900,b29c0e00-7ac2-4c28-ab4f-8fceb156337b,1
522d59a0-10ba-488f-a27a-a1dda7581900,b41b2403-9f06-4d55-adc5-b0777373ca7e,1
522d59a0-10ba-488f-a27a-a1dda7581900,b7a52679-bac9-4e00-9dfd-06a22a7cf088,4
522d59a0-10ba-488f-a27a-a1dda7581900,b9cfefa1-1e5e-4fd7-a9d5-458e4c3a20db,4
522d59a0-10ba-488f-a27a-a1dda7581900,ba21eb65-8546-40e5-a425-0d228d0eaeac,12
522d59a0-10ba-488f-a27a-a1dda7581900,bb6801d4-f671-4ade-aa86-29aa89373dd9,1
522d59a0-10ba-488f-a27a-a1dda7581900,bf97025a-1c30-4042-bffe-948027f24e6c,18
522d59a0-10ba-488f-a27a-a1dda7581900,c01b88c4-5507-49c5-9ec3-f08af6e6eace,6
522d59a0-10ba-488f-a27a-a1dda7581900,c0d8ed4a-ec11-48e2-a468-6cd93327305b,1
522d59a0-10ba-488f-a27a-a1dda7581900,c128a46d-ebd9-4ee9-80cc-16bfe505e539,13
522d59a0-10ba-488f-a27a-a1dda7581900,c3b1dca8-2cb4-4025-9527-36163a098c1f,2
522d59a0-10ba-488f-a27a-a1dda7581900,c7822b58-103f-4612-87ef-648be97192c6,19
522d59a0-10ba-488f-a27a-a1dda7581900,ccea26dd-dcae-4174-8945-ec5cb568e951,1
522d59a0-10ba-488f-a27a-a1dda7581900,d1bb566e-a111-43b7-8856-273ebac1f753,1
522d59a0-10ba-488f-a27a-a1dda7581900,d38ca3cf-9803-48dc-8592-c67c4430168e,1
522d59a0-10ba-488f-a27a-a1dda7581900,d89044ef-b7df-4a15-be10-d342fe381664,1
522d59a0-10ba-488f-a27a-a1dda7581900,de674538-350f-4a5a-9f8e-fa8f7c4b93ca,1
522d59a0-10ba-488f-a27a-a1dda7581900,face7642-1fd8-4ec1-a909-c2579b0bd8d2,1
522d59a0-10ba-488f-a27a-a1dda7581900,fb291eb2-962a-482f-971a-0b62673f9a86,14
522d59a0-10ba-488f-a27a-a1dda7581900,fdc445bd-f8fe-4cfc-b387-7fd66a181674,15
54cbf78c-ae5e-49b7-8fcc-41d0fb7b5855,5a2cb9b8-4a4c-4860-8793-59da092434b6,1
54cbf78c-ae5e-49b7-8fcc-41d0fb7b5855,61721e3f-a394-42ff-9885-8a58aa1d1612,6
54cbf78c-ae5e-49b7-8fcc-41d0fb7b5855,9522ae6b-a187-4f51-9df7-1b0feb767d6e,14
54cbf78c-ae5e-49b7-8fcc-41d0fb7b5855,98cf30be-80d9-498a-966f-10f3ae8ffe22,1
54cbf78c-ae5e-49b7-8fcc-41d0fb7b5855,990c794a-2170-435a-8c43-97d4fd0e621e,1
54cbf78c-ae5e-49b7-8fcc-41d0fb7b5855,9ea41959-b952-4e42-92fb-bc616ac17241,2
54cbf78c-ae5e-49b7-8fcc-41d0fb7b5855,a396ae20-6309-456b-a5ae-e4068dea8a67,1
54cbf78c-ae5e-49b7-8fcc-41d0fb7b5855,ab97f146-7308-4a7e-9197-2ef5ee467a95,6
54cbf78c-ae5e-49b7-8fcc-41d0fb7b5855,b8d002bc-ea6c-4f57-b36e-38415b205e09,3
54cbf78c-ae5e-49b7-8fcc-41d0fb7b5855,bd954447-a92c-4899-a9a8-4a58569fd4d2,2
54cbf78c-ae5e-49b7-8fcc-41d0fb7b5855,bf030048-0434-42f1-bbed-8b0c04014db4,1
54cbf78c-ae5e-49b7-8fcc-41d0fb7b5855,c128a46d-ebd9-4ee9-80cc-16bfe505e539,2
54cbf78c-ae5e-49b7-8fcc-41d0fb7b5855,c606904d-daef-44ff-bd30-cfdc1e6b5185,1
54cbf78c-ae5e-49b7-8fcc-41d0fb7b5855,cefbf19c-653b-4af7-84a6-e17fba0e4a70,1
54cbf78c-ae5e-49b7-8fcc-41d0fb7b5855,d1bb566e-a111-43b7-8856-273ebac1f753,11
54cbf78c-ae5e-49b7-8fcc-41d0fb7b5855,d847851a-777b-43c6-83b3-392672659edc,18
54cbf78c-ae5e-49b7-8fcc-41d0fb7b5855,ddaff486-ef62-4200-aeb9-eeb4bedcc620,1
54cbf78c-ae5e-49b7-8fcc-41d0fb7b5855,e7f0d8e8-4c52-4d0a-8b94-28729046f45b,1
54cbf78c-ae5e-49b7-8fcc-41d0fb7b5855,ee32e8d2-aa15-4603-901e-2cc3c72e9ead,2
551f9a19-738c-4298-afe1-5ca7959ab74b,56a86879-60e4-4cdb-b5f1-b66d6d090798,23
551f9a19-738c-4298-afe1-5ca7959ab74b,5ab23e3a-aed4-4713-9214-53336765be9d,44
551f9a19-738c-4298-afe1-5ca7959ab74b,5d54939f-2da7-4ca6-b159-4ef344336b21,7
551f9a19-738c-4298-afe1-5ca7959ab74b,64522cbc-a297-4c67-a204-1e31deb91f68,23
551f9a19-738c-4298-afe1-5ca7959ab74b,66b2be3d-10f8-46a4-90c6-b86005df0a50,1
551f9a19-738c-4298-afe1-5ca7959ab74b,68a869d7-3216-4208-9b57-e87405a11abb,1
551f9a19-738c-4298-afe1-5ca7959ab74b,6a54c095-9872-4322-81be-114b74233d40,4
551f9a19-738c-4298-afe1-5ca7959ab74b,6d33b9bc-7d3a-4a60-b2d7-c2b70cd11ab1,4
551f9a19-738c-4298-afe1-5ca7959ab74b,6fc5878e-d76a-4e9d-a4e3-e5ef581bb2ff,18
551f9a19-738c-4298-afe1-5ca7959ab74b,71cbc21c-4e36-4df7-9f58-e15a1c1f162c,48
551f9a19-738c-4298-afe1-5ca7959ab74b,74b44968-d1f2-482a-a365-1fbb4cbda7f9,1
551f9a19-738c-4298-afe1-5ca7959ab74b,7564c685-2691-4796-9159-ebd5df4fdc8d,11
551f9a19-738c-4298-afe1-5ca7959ab74b,75a44c3a-5914-4c8e-9ca4-d987853f5844,2
551f9a19-738c-4298-afe1-5ca7959ab74b,7cbb2d95-46b2-4fcb-b129-9505f56e7f07,5
551f9a19-738c-4298-afe1-5ca7959ab74b,7dc8c80e-6b9a-47e5-b61f-d57bcb36158f,10
551f9a19-738c-4298-afe1-5ca7959ab74b,83a1ccbf-fe6a-4f7a-a0d0-4cf90337ab90,1
551f9a19-738c-4298-afe1-5ca7959ab74b,8509e44d-0f9b-413a-a2cd-f64d656c3955,3
551f9a19-738c-4298-afe1-5ca7959ab74b,8711c928-b30d-4859-b091-74678ca63e5b,47
551f9a19-738c-4298-afe1-5ca7959ab74b,88bf9f29-aa91-4ddd-ad2d-b73dfe6706ef,7
551f9a19-738c-4298-afe1-5ca7959ab74b,89d70a20-bd10-46ed-866a-2c79362a0559,3
551f9a19-738c-4298-afe1-5ca7959ab74b,8ba16b4b-5dc1-441e-9229-8bb63c903ce1,2
551f9a19-738c-4298-afe1-5ca7959ab74b,8c5a8186-8f46-4bca-956d-06d4fa521635,12
551f9a19-738c-4298-afe1-5ca7959ab74b,9431dc1b-9891-4d15-aaf1-b98e347c3b46,1
551f9a19-738c-4298-afe1-5ca7959ab74b,973da897-66c7-4010-a98d-505e0e97a60c,7
551f9a19-738c-4298-afe1-5ca7959ab74b,98aa8bde-85b0-49ed-9795-e2eeb206e3b8,4
551f9a19-738c-4298-afe1-5ca7959ab74b,9ab41898-332f-4c08-a834-d58b4669c990,2
551f9a19-738c-4298-afe1-5ca7959ab74b,9b13c8c8-eba4-411e-b095-858e352d3178,6
551f9a19-738c-4298-afe1-5ca7959ab74b,9bf12da8-39ea-4505-9500-764bc440cfc9,29
551f9a19-738c-4298-afe1-5ca7959ab74b,9e79de98-e914-4dc8-8dc7-6d7cb09b93d7,10
551f9a19-738c-4298-afe1-5ca7959ab74b,9f0c39d6-4a57-4849-9215-aa1147c7e0f6,10
551f9a19-738c-4298-afe1-5ca7959ab74b,9f855643-68a2-409e-b4fe-81b92547212a,6
551f9a19-738c-4298-afe1-5ca7959ab74b,a4074721-5d4d-444a-bb98-1ddbc592a78a,1
551f9a19-738c-4298-afe1-5ca7959ab74b,a437e923-725f-415e-a01d-5588a7af933e,5
551f9a19-738c-4298-afe1-5ca7959ab74b,a68468b6-51ea-440c-9387-b44ba10ad8b6,4
551f9a19-738c-4298-afe1-5ca7959ab74b,a8e4581d-5186-4367-95c5-0a754c60b276,11
551f9a19-738c-4298-afe1-5ca7959ab74b,aa0272f6-6e3c-41f7-b040-b774b30d2196,53
551f9a19-738c-4298-afe1-5ca7959ab74b,ab15ce32-a527-4526-a5b2-0f2cdb92feeb,7
551f9a19-738c-4298-afe1-5ca7959ab74b,ac61813c-2d49-4318-b5d0-32e3559b8db4,4
551f9a19-738c-4298-afe1-5ca7959ab74b,ad8654f3-811a-4a63-ab7a-01bf76347caa,10
551f9a19-738c-4298-afe1-5ca7959ab74b,b221afb0-2758-4ace-846a-7bfc33389ad6,1
551f9a19-738c-4298-afe1-5ca7959ab74b,b29c0e00-7ac2-4c28-ab4f-8fceb156337b,1
551f9a19-738c-4298-afe1-5ca7959ab74b,b3230578-426f-4b84-bfe2-6a8136c6a3af,8
551f9a19-738c-4298-afe1-5ca7959ab74b,b41b2403-9f06-4d55-adc5-b0777373ca7e,11
551f9a19-738c-4298-afe1-5ca7959ab74b,b4e1d8cf-e8cf-4b66-9ded-97fc8176fa4a,2
551f9a19-738c-4298-afe1-5ca7959ab74b,b4fdf408-8296-4d14-9e95-b4b96dc20751,2
551f9a19-738c-4298-afe1-5ca7959ab74b,b7a52679-bac9-4e00-9dfd-06a22a7cf088,14
551f9a19-738c-4298-afe1-5ca7959ab74b,b8663b71-f92b-4d2b-a06b-f78dba168d98,9
551f9a19-738c-4298-afe1-5ca7959ab74b,b8d002bc-ea6c-4f57-b36e-38415b205e09,3
551f9a19-738c-4298-afe1-5ca7959ab74b,bb3a9cf3-6f64-4092-85a1-4318244ee603,2
551f9a19-738c-4298-afe1-5ca7959ab74b,bf030048-0434-42f1-bbed-8b0c04014db4,1
551f9a19-738c-4298-afe1-5ca7959ab74b,bf97025a-1c30-4042-bffe-948027f24e6c,5
551f9a19-738c-4298-afe1-5ca7959ab74b,c0d8ed4a-ec11-48e2-a468-6cd93327305b,47
551f9a19-738c-4298-afe1-5ca7959ab74b,c128a46d-ebd9-4ee9-80cc-16bfe505e539,5
551f9a19-738c-4298-afe1-5ca7959ab74b,c4f7c468-721e-4953-97f2-bff05fe570c4,3
551f9a19-738c-4298-afe1-5ca7959ab74b,c6e26bd3-724f-45d3-93af-ef431e6fcd42,1
551f9a19-738c-4298-afe1-5ca7959ab74b,c6f061f1-9cb7-4e0a-a281-4fc80527c5d7,14
551f9a19-738c-4298-afe1-5ca7959ab74b,c7822b58-103f-4612-87ef-648be97192c6,10
551f9a19-738c-4298-afe1-5ca7959ab74b,cf4c4d24-798d-4bbe-bf06-23ca674f0d28,2
551f9a19-738c-4298-afe1-5ca7959ab74b,d07ef52c-cc10-4445-a3a1-dfe50371f110,3
551f9a19-738c-4298-afe1-5ca7959ab74b,d0d8dcbd-4818-4925-a684-13767c7dae0d,14
551f9a19-738c-4298-afe1-5ca7959ab74b,d34e1efc-fbba-4ad8-823a-61bc3f25d580,13
551f9a19-738c-4298-afe1-5ca7959ab74b,d59d1492-57b6-482b-88b6-b2b77c45c33d,1
551f9a19-738c-4298-afe1-5ca7959ab74b,d847851a-777b-43c6-83b3-392672659edc,2
551f9a19-738c-4298-afe1-5ca7959ab74b,d89044ef-b7df-4a15-be10-d342fe381664,11
551f9a19-738c-4298-afe1-5ca7959ab74b,e10065e1-776d-4bf3-8669-56788c453079,6
551f9a19-738c-4298-afe1-5ca7959ab74b,e5f316f0-e4e7-4cf0-a064-ed9321737487,1
551f9a19-738c-4298-afe1-5ca7959ab74b,e6cc253d-14cb-437b-be88-4966f5fcb1f5,11
551f9a19-738c-4298-afe1-5ca7959ab74b,ee32e8d2-aa15-4603-901e-2cc3c72e9ead,1
551f9a19-738c-4298-afe1-5ca7959ab74b,f289b7eb-f6ba-415b-90d9-1124c652637c,2
551f9a19-738c-4298-afe1-5ca7959ab74b,f31cabe4-e1f4-46db-88a9-b46ba44dded4,4
551f9a19-738c-4298-afe1-5ca7959ab74b,fb291eb2-962a-482f-971a-0b62673f9a86,5
551f9a19-738c-4298-afe1-5ca7959ab74b,fdc445bd-f8fe-4cfc-b387-7fd66a181674,9
557f8bd5-9f66-4bed-9b5f-86746bb0600a,7d18b6e3-de0c-4aea-bef8-242bbc38e936,1
557f8bd5-9f66-4bed-9b5f-86746bb0600a,819764fa-3a17-467b-8327-30899ed083b6,1
557f8bd5-9f66-4bed-9b5f-86746bb0600a,98aa8bde-85b0-49ed-9795-e2eeb206e3b8,1
557f8bd5-9f66-4bed-9b5f-86746bb0600a,9b13c8c8-eba4-411e-b095-858e352d3178,2
557f8bd5-9f66-4bed-9b5f-86746bb0600a,9e79de98-e914-4dc8-8dc7-6d7cb09b93d7,1
557f8bd5-9f66-4bed-9b5f-86746bb0600a,ab15ce32-a527-4526-a5b2-0f2cdb92feeb,2
557f8bd5-9f66-4bed-9b5f-86746bb0600a,b41b2403-9f06-4d55-adc5-b0777373ca7e,3
557f8bd5-9f66-4bed-9b5f-86746bb0600a,bf494e35-c009-4c74-a5c6-3cb2cd26bb51,2
557f8bd5-9f66-4bed-9b5f-86746bb0600a,d38ca3cf-9803-48dc-8592-c67c4430168e,1
557f8bd5-9f66-4bed-9b5f-86746bb0600a,e6cc253d-14cb-437b-be88-4966f5fcb1f5,1
56a86879-60e4-4cdb-b5f1-b66d6d090798,5ab23e3a-aed4-4713-9214-53336765be9d,34
56a86879-60e4-4cdb-b5f1-b66d6d090798,5d54939f-2da7-4ca6-b159-4ef344336b21,29
56a86879-60e4-4cdb-b5f1-b66d6d090798,666f31ca-041f-466d-9e78-804317921d69,1
56a86879-60e4-4cdb-b5f1-b66d6d090798,66b2be3d-10f8-46a4-90c6-b86005df0a50,3
56a86879-60e4-4cdb-b5f1-b66d6d090798,68a869d7-3216-4208-9b57-e87405a11abb,7
56a86879-60e4-4cdb-b5f1-b66d6d090798,6d33b9bc-7d3a-4a60-b2d7-c2b70cd11ab1,2
56a86879-60e4-4cdb-b5f1-b66d6d090798,71cbc21c-4e36-4df7-9f58-e15a1c1f162c,11
56a86879-60e4-4cdb-b5f1-b66d6d090798,7564c685-2691-4796-9159-ebd5df4fdc8d,16
56a86879-60e4-4cdb-b5f1-b66d6d090798,762e0f40-f100-4896-85a2-b1d8818fae41,1
56a86879-60e4-4cdb-b5f1-b66d6d090798,859e1824-cc60-4304-9293-dca932ebbed2,17
56a86879-60e4-4cdb-b5f1-b66d6d090798,88bf9f29-aa91-4ddd-ad2d-b73dfe6706ef,4
56a86879-60e4-4cdb-b5f1-b66d6d090798,8ba16b4b-5dc1-441e-9229-8bb63c903ce1,6
56a86879-60e4-4cdb-b5f1-b66d6d090798,8ee20f38-f3f0-4ff9-b5d9-84557b5ddcb1,1
56a86879-60e4-4cdb-b5f1-b66d6d090798,97ffe642-648f-4dab-a0e8-0720e96e3e35,3
56a86879-60e4-4cdb-b5f1-b66d6d090798,98aa8bde-85b0-49ed-9795-e2eeb206e3b8,4
56a86879-60e4-4cdb-b5f1-b66d6d090798,99c6218e-8f0c-45d4-bd24-f300c6cfcb2f,19
56a86879-60e4-4cdb-b5f1-b66d6d090798,9ab41898-332f-4c08-a834-d58b4669c990,2
56a86879-60e4-4cdb-b5f1-b66d6d090798,9b13c8c8-eba4-411e-b095-858e352d3178,14
56a86879-60e4-4cdb-b5f1-b66d6d090798,9e79de98-e914-4dc8-8dc7-6d7cb09b93d7,1
56a86879-60e4-4cdb-b5f1-b66d6d090798,9f0c39d6-4a57-4849-9215-aa1147c7e0f6,15
56a86879-60e4-4cdb-b5f1-b66d6d090798,a68468b6-51ea-440c-9387-b44ba10ad8b6,2
56a86879-60e4-4cdb-b5f1-b66d6d090798,a8e4581d-5186-4367-95c5-0a754c60b276,4
56a86879-60e4-4cdb-b5f1-b66d6d090798,aa0272f6-6e3c-41f7-b040-b774b30d2196,5
56a86879-60e4-4cdb-b5f1-b66d6d090798,ab15ce32-a527-4526-a5b2-0f2cdb92feeb,7
56a86879-60e4-4cdb-b5f1-b66d6d090798,ad8654f3-811a-4a63-ab7a-01bf76347caa,5
56a86879-60e4-4cdb-b5f1-b66d6d090798,b221afb0-2758-4ace-846a-7bfc33389ad6,2
56a86879-60e4-4cdb-b5f1-b66d6d090798,b29c0e00-7ac2-4c28-ab4f-8fceb156337b,2
56a86879-60e4-4cdb-b5f1-b66d6d090798,b41b2403-9f06-4d55-adc5-b0777373ca7e,17
56a86879-60e4-4cdb-b5f1-b66d6d090798,b50b3f0b-afc8-46e5-bfda-cb60e2935a5a,1
56a86879-60e4-4cdb-b5f1-b66d6d090798,b7a52679-bac9-4e00-9dfd-06a22a7cf088,7
56a86879-60e4-4cdb-b5f1-b66d6d090798,b8d002bc-ea6c-4f57-b36e-38415b205e09,1
56a86879-60e4-4cdb-b5f1-b66d6d090798,b9cfefa1-1e5e-4fd7-a9d5-458e4c3a20db,20
56a86879-60e4-4cdb-b5f1-b66d6d090798,ba21eb65-8546-40e5-a425-0d228d0eaeac,6
56a86879-60e4-4cdb-b5f1-b66d6d090798,bd954447-a92c-4899-a9a8-4a58569fd4d2,1
56a86879-60e4-4cdb-b5f1-b66d6d090798,c0d8ed4a-ec11-48e2-a468-6cd93327305b,3
56a86879-60e4-4cdb-b5f1-b66d6d090798,c4f7c468-721e-4953-97f2-bff05fe570c4,7
56a86879-60e4-4cdb-b5f1-b66d6d090798,c7822b58-103f-4612-87ef-648be97192c6,263
56a86879-60e4-4cdb-b5f1-b66d6d090798,cabae19e-836c-48c4-903e-7357789f9260,10
56a86879-60e4-4cdb-b5f1-b66d6d090798,ce400601-651e-4ac9-a43e-ed8d4817b7fd,4
56a86879-60e4-4cdb-b5f1-b66d6d090798,cefbf19c-653b-4af7-84a6-e17fba0e4a70,1
56a86879-60e4-4cdb-b5f1-b66d6d090798,d07ef52c-cc10-4445-a3a1-dfe50371f110,24
56a86879-60e4-4cdb-b5f1-b66d6d090798,d38ca3cf-9803-48dc-8592-c67c4430168e,1
56a86879-60e4-4cdb-b5f1-b66d6d090798,d59d1492-57b6-482b-88b6-b2b77c45c33d,3
56a86879-60e4-4cdb-b5f1-b66d6d090798,d642dcc9-3f86-49d1-96c9-ae2771d1e89a,2
56a86879-60e4-4cdb-b5f1-b66d6d090798,d847851a-777b-43c6-83b3-392672659edc,5
56a86879-60e4-4cdb-b5f1-b66d6d090798,d89044ef-b7df-4a15-be10-d342fe381664,1
56a86879-60e4-4cdb-b5f1-b66d6d090798,da756f9c-3f10-4ab8-9fa8-75812e248959,11
56a86879-60e4-4cdb-b5f1-b66d6d090798,da9f33b0-80ca-49eb-a1ec-def3b46538d9,1
56a86879-60e4-4cdb-b5f1-b66d6d090798,dab4cf29-4843-4261-b09b-973fe98dbf65,2
56a86879-60e4-4cdb-b5f1-b66d6d090798,dae67415-1ed1-4464-a59e-75170eb1925d,3
56a86879-60e4-4cdb-b5f1-b66d6d090798,e10065e1-776d-4bf3-8669-56788c453079,2
56a86879-60e4-4cdb-b5f1-b66d6d090798,e6cc253d-14cb-437b-be88-4966f5fcb1f5,7
56a86879-60e4-4cdb-b5f1-b66d6d090798,e70c3ee3-cca2-4521-abea-b124dcec0952,29
56a86879-60e4-4cdb-b5f1-b66d6d090798,f31cabe4-e1f4-46db-88a9-b46ba44dded4,25
56a86879-60e4-4cdb-b5f1-b66d6d090798,fa4d473c-e553-439e-8f53-ca5f2b203dbd,3
56a86879-60e4-4cdb-b5f1-b66d6d090798,fb291eb2-962a-482f-971a-0b62673f9a86,1
56a86879-60e4-4cdb-b5f1-b66d6d090798,fdc445bd-f8fe-4cfc-b387-7fd66a181674,1
56cbb44d-9390-480d-b686-56da6c2d6d35,58e27c9a-59be-407b-8213-714cf1d3acc4,2
56cbb44d-9390-480d-b686-56da6c2d6d35,6bfaf570-5b6f-41e1-baf2-b833f6203513,1
56cbb44d-9390-480d-b686-56da6c2d6d35,6c2ee55a-fa05-4a41-b522-c878c6a61ce8,4
56cbb44d-9390-480d-b686-56da6c2d6d35,71cbc21c-4e36-4df7-9f58-e15a1c1f162c,10
56cbb44d-9390-480d-b686-56da6c2d6d35,75c8786e-c5c2-4d12-95ff-4b804234f062,2
56cbb44d-9390-480d-b686-56da6c2d6d35,7897cad0-5099-4630-9311-65cc01450063,1
56cbb44d-9390-480d-b686-56da6c2d6d35,8129f279-1ddd-45e3-8de4-e9ceb5a68d34,3
56cbb44d-9390-480d-b686-56da6c2d6d35,819764fa-3a17-467b-8327-30899ed083b6,10
56cbb44d-9390-480d-b686-56da6c2d6d35,8711c928-b30d-4859-b091-74678ca63e5b,2
56cbb44d-9390-480d-b686-56da6c2d6d35,8dfa0156-0834-4c00-87e8-c4e9919f781f,1
56cbb44d-9390-480d-b686-56da6c2d6d35,8f6a5115-367e-4dc2-88c5-1eae50593652,2
56cbb44d-9390-480d-b686-56da6c2d6d35,9522ae6b-a187-4f51-9df7-1b0feb767d6e,1
56cbb44d-9390-480d-b686-56da6c2d6d35,98aa8bde-85b0-49ed-9795-e2eeb206e3b8,8
56cbb44d-9390-480d-b686-56da6c2d6d35,990c794a-2170-435a-8c43-97d4fd0e621e,2
56cbb44d-9390-480d-b686-56da6c2d6d35,9b13c8c8-eba4-411e-b095-858e352d3178,8
56cbb44d-9390-480d-b686-56da6c2d6d35,9bf12da8-39ea-4505-9500-764bc440cfc9,1
56cbb44d-9390-480d-b686-56da6c2d6d35,9d2229a5-c46a-485a-9b82-315e270c3e9a,20
56cbb44d-9390-480d-b686-56da6c2d6d35,a4074721-5d4d-444a-bb98-1ddbc592a78a,5
56cbb44d-9390-480d-b686-56da6c2d6d35,a901d2d2-35f6-4341-bbfb-38e5d9b21d07,14
56cbb44d-9390-480d-b686-56da6c2d6d35,ab15ce32-a527-4526-a5b2-0f2cdb92feeb,1
56cbb44d-9390-480d-b686-56da6c2d6d35,ab97f146-7308-4a7e-9197-2ef5ee467a95,9
56cbb44d-9390-480d-b686-56da6c2d6d35,ae91b7a3-544d-40c7-8373-815a0bd18cf0,18
56cbb44d-9390-480d-b686-56da6c2d6d35,af31a147-9feb-4f6e-8e8a-aeced0fcc56f,1
56cbb44d-9390-480d-b686-56da6c2d6d35,b1e4718d-bf16-4b46-91fd-946b42bed3af,1
56cbb44d-9390-480d-b686-56da6c2d6d35,b4fdf408-8296-4d14-9e95-b4b96dc20751,12
56cbb44d-9390-480d-b686-56da6c2d6d35,b9cfefa1-1e5e-4fd7-a9d5-458e4c3a20db,1
56cbb44d-9390-480d-b686-56da6c2d6d35,ba21eb65-8546-40e5-a425-0d228d0eaeac,3
56cbb44d-9390-480d-b686-56da6c2d6d35,bb3a9cf3-6f64-4092-85a1-4318244ee603,1
56cbb44d-9390-480d-b686-56da6c2d6d35,bd954447-a92c-4899-a9a8-4a58569fd4d2,1
56cbb44d-9390-480d-b686-56da6c2d6d35,bf030048-0434-42f1-bbed-8b0c04014db4,3
56cbb44d-9390-480d-b686-56da6c2d6d35,bf97025a-1c30-4042-bffe-948027f24e6c,18
56cbb44d-9390-480d-b686-56da6c2d6d35,c0d8ed4a-ec11-48e2-a468-6cd93327305b,12
56cbb44d-9390-480d-b686-56da6c2d6d35,c128a46d-ebd9-4ee9-80cc-16bfe505e539,17
56cbb44d-9390-480d-b686-56da6c2d6d35,c1554da8-5650-43fe-893a-2cd8f5f8b4d5,1
56cbb44d-9390-480d-b686-56da6c2d6d35,caaae646-de85-453f-b6e0-9b9b4f710f03,19
56cbb44d-9390-480d-b686-56da6c2d6d35,ce747c36-3ef4-49e3-b55e-1bc99db62413,3
56cbb44d-9390-480d-b686-56da6c2d6d35,cefbf19c-653b-4af7-84a6-e17fba0e4a70,4
56cbb44d-9390-480d-b686-56da6c2d6d35,d07ef52c-cc10-4445-a3a1-dfe50371f110,7
56cbb44d-9390-480d-b686-56da6c2d6d35,d3023879-e3c7-411b-bb8a-1a0be0ca6035,1
56cbb44d-9390-480d-b686-56da6c2d6d35,d53f00ee-a955-434a-b636-f07d79859c49,2
56cbb44d-9390-480d-b686-56da6c2d6d35,d847851a-777b-43c6-83b3-392672659edc,3
56cbb44d-9390-480d-b686-56da6c2d6d35,da26504f-588f-4f69-85bd-1e2b627441e2,1
56cbb44d-9390-480d-b686-56da6c2d6d35,e5c9b4ba-9064-4858-a052-bb3bbecfac4b,1
56cbb44d-9390-480d-b686-56da6c2d6d35,e6cc253d-14cb-437b-be88-4966f5fcb1f5,1
56cbb44d-9390-480d-b686-56da6c2d6d35,e7f0d8e8-4c52-4d0a-8b94-28729046f45b,17
56cbb44d-9390-480d-b686-56da6c2d6d35,edb8800b-6f1b-4e13-be0a-5b88fbd13c82,1
56cbb44d-9390-480d-b686-56da6c2d6d35,ee32e8d2-aa15-4603-901e-2cc3c72e9ead,20
56cbb44d-9390-480d-b686-56da6c2d6d35,f0ff5ae5-e0e8-4a26-af3a-93c8b5947dc4,1
56cbb44d-9390-480d-b686-56da6c2d6d35,f29c0ba8-4d4a-4cca-bb1b-229f68b4ae6a,5
56cbb44d-9390-480d-b686-56da6c2d6d35,f6e59e50-f22a-450c-8d4f-8a7072e50277,1
56cbb44d-9390-480d-b686-56da6c2d6d35,fa4d473c-e553-439e-8f53-ca5f2b203dbd,19
581d8f64-6060-4cf0-b281-a46ad978cf0d,71cbc21c-4e36-4df7-9f58-e15a1c1f162c,3
581d8f64-6060-4cf0-b281-a46ad978cf0d,7265b8e8-62d4-4ba2-8117-8f758fbf606e,2
581d8f64-6060-4cf0-b281-a46ad978cf0d,935fc903-0272-4f85-84e7-6c22aa9710f3,2
581d8f64-6060-4cf0-b281-a46ad978cf0d,95b979e4-888d-402d-8167-4f817cea413b,1
581d8f64-6060-4cf0-b281-a46ad978cf0d,9b13c8c8-eba4-411e-b095-858e352d3178,1
581d8f64-6060-4cf0-b281-a46ad978cf0d,a4074721-5d4d-444a-bb98-1ddbc592a78a,2
581d8f64-6060-4cf0-b281-a46ad978cf0d,aa0272f6-6e3c-41f7-b040-b774b30d2196,5
581d8f64-6060-4cf0-b281-a46ad978cf0d,aa316142-d6ee-4138-bf48-37cd7d11d058,1
581d8f64-6060-4cf0-b281-a46ad978cf0d,ac61813c-2d49-4318-b5d0-32e3559b8db4,1
581d8f64-6060-4cf0-b281-a46ad978cf0d,ae91b7a3-544d-40c7-8373-815a0bd18cf0,1
581d8f64-6060-4cf0-b281-a46ad978cf0d,c128a46d-ebd9-4ee9-80cc-16bfe505e539,1
581d8f64-6060-4cf0-b281-a46ad978cf0d,cf4c4d24-798d-4bbe-bf06-23ca674f0d28,5
581d8f64-6060-4cf0-b281-a46ad978cf0d,d07ef52c-cc10-4445-a3a1-dfe50371f110,1
581d8f64-6060-4cf0-b281-a46ad978cf0d,d1bb566e-a111-43b7-8856-273ebac1f753,4
581d8f64-6060-4cf0-b281-a46ad978cf0d,d847851a-777b-43c6-83b3-392672659edc,2
581d8f64-6060-4cf0-b281-a46ad978cf0d,da9f33b0-80ca-49eb-a1ec-def3b46538d9,2
581d8f64-6060-4cf0-b281-a46ad978cf0d,ee32e8d2-aa15-4603-901e-2cc3c72e9ead,1
58e27c9a-59be-407b-8213-714cf1d3acc4,5d54939f-2da7-4ca6-b159-4ef344336b21,9
58e27c9a-59be-407b-8213-714cf1d3acc4,6bfaf570-5b6f-41e1-baf2-b833f6203513,8
58e27c9a-59be-407b-8213-714cf1d3acc4,6d33b9bc-7d3a-4a60-b2d7-c2b70cd11ab1,2
58e27c9a-59be-407b-8213-714cf1d3acc4,71cbc21c-4e36-4df7-9f58-e15a1c1f162c,4
58e27c9a-59be-407b-8213-714cf1d3acc4,74c13ffe-54e0-4cfd-a5fd-f21de61a0995,1
58e27c9a-59be-407b-8213-714cf1d3acc4,75a44c3a-5914-4c8e-9ca4-d987853f5844,16
58e27c9a-59be-407b-8213-714cf1d3acc4,77c541d2-49e3-483f-869d-134df420c5ea,2
58e27c9a-59be-407b-8213-714cf1d3acc4,819764fa-3a17-467b-8327-30899ed083b6,7
58e27c9a-59be-407b-8213-714cf1d3acc4,8711c928-b30d-4859-b091-74678ca63e5b,1
58e27c9a-59be-407b-8213-714cf1d3acc4,89d70a20-bd10-46ed-866a-2c79362a0559,3
58e27c9a-59be-407b-8213-714cf1d3acc4,935fc903-0272-4f85-84e7-6c22aa9710f3,6
58e27c9a-59be-407b-8213-714cf1d3acc4,9522ae6b-a187-4f51-9df7-1b0feb767d6e,2
58e27c9a-59be-407b-8213-714cf1d3acc4,98aa8bde-85b0-49ed-9795-e2eeb206e3b8,8
58e27c9a-59be-407b-8213-714cf1d3acc4,9ab41898-332f-4c08-a834-d58b4669c990,1
58e27c9a-59be-407b-8213-714cf1d3acc4,9b13c8c8-eba4-411e-b095-858e352d3178,1
58e27c9a-59be-407b-8213-714cf1d3acc4,9bf12da8-39ea-4505-9500-764bc440cfc9,9
58e27c9a-59be-407b-8213-714cf1d3acc4,9d2229a5-c46a-485a-9b82-315e270c3e9a,3
58e27c9a-59be-407b-8213-714cf1d3acc4,9f3aadb0-0f76-49b8-9e54-126c97fc0ae8,1
58e27c9a-59be-407b-8213-714cf1d3acc4,a04d4b85-56f0-448f-b5e8-28b5340af204,1
58e27c9a-59be-407b-8213-714cf1d3acc4,a4074721-5d4d-444a-bb98-1ddbc592a78a,6
58e27c9a-59be-407b-8213-714cf1d3acc4,a901d2d2-35f6-4341-bbfb-38e5d9b21d07,7
58e27c9a-59be-407b-8213-714cf1d3acc4,ab15ce32-a527-4526-a5b2-0f2cdb92feeb,6
58e27c9a-59be-407b-8213-714cf1d3acc4,ab97f146-7308-4a7e-9197-2ef5ee467a95,2
58e27c9a-59be-407b-8213-714cf1d3acc4,ad44b24f-bb14-4f4a-a476-3cbbb3e9cdb0,1
58e27c9a-59be-407b-8213-714cf1d3acc4,ae91b7a3-544d-40c7-8373-815a0bd18cf0,2
58e27c9a-59be-407b-8213-714cf1d3acc4,b29c0e00-7ac2-4c28-ab4f-8fceb156337b,6
58e27c9a-59be-407b-8213-714cf1d3acc4,b8d002bc-ea6c-4f57-b36e-38415b205e09,2
58e27c9a-59be-407b-8213-714cf1d3acc4,ba21eb65-8546-40e5-a425-0d228d0eaeac,7
58e27c9a-59be-407b-8213-714cf1d3acc4,bb3a9cf3-6f64-4092-85a1-4318244ee603,7
58e27c9a-59be-407b-8213-714cf1d3acc4,bb6801d4-f671-4ade-aa86-29aa89373dd9,2
58e27c9a-59be-407b-8213-714cf1d3acc4,bd954447-a92c-4899-a9a8-4a58569fd4d2,1
58e27c9a-59be-407b-8213-714cf1d3acc4,bf030048-0434-42f1-bbed-8b0c04014db4,1
58e27c9a-59be-407b-8213-714cf1d3acc4,c128a46d-ebd9-4ee9-80cc-16bfe505e539,2
58e27c9a-59be-407b-8213-714cf1d3acc4,c3b1dca8-2cb4-4025-9527-36163a098c1f,3
58e27c9a-59be-407b-8213-714cf1d3acc4,c60c655f-40ba-47b0-8e93-a2c8d1ff4743,1
58e27c9a-59be-407b-8213-714cf1d3acc4,c6b2bdaf-8c1f-4b88-a8cb-167941b98bfb,1
58e27c9a-59be-407b-8213-714cf1d3acc4,caaae646-de85-453f-b6e0-9b9b4f710f03,4
58e27c9a-59be-407b-8213-714cf1d3acc4,cabae19e-836c-48c4-903e-7357789f9260,4
58e27c9a-59be-407b-8213-714cf1d3acc4,cefbf19c-653b-4af7-84a6-e17fba0e4a70,1
58e27c9a-59be-407b-8213-714cf1d3acc4,cfb17042-9f10-4e44-99f4-358bad067455,1
58e27c9a-59be-407b-8213-714cf1d3acc4,d07ef52c-cc10-4445-a3a1-dfe50371f110,8
58e27c9a-59be-407b-8213-714cf1d3acc4,d53f00ee-a955-434a-b636-f07d79859c49,1
58e27c9a-59be-407b-8213-714cf1d3acc4,d6c2b5eb-b21a-440a-b628-75492d313ffa,1
58e27c9a-59be-407b-8213-714cf1d3acc4,dae67415-1ed1-4464-a59e-75170eb1925d,5
58e27c9a-59be-407b-8213-714cf1d3acc4,dc9f60e4-e1a4-487b-a002-40b3c77ba896,6
58e27c9a-59be-407b-8213-714cf1d3acc4,e5c9b4ba-9064-4858-a052-bb3bbecfac4b,2
58e27c9a-59be-407b-8213-714cf1d3acc4,e7f0d8e8-4c52-4d0a-8b94-28729046f45b,1
58e27c9a-59be-407b-8213-714cf1d3acc4,ee32e8d2-aa15-4603-901e-2cc3c72e9ead,6
58e27c9a-59be-407b-8213-714cf1d3acc4,ef8d31db-0876-4998-b0d9-056643260d46,2
58e27c9a-59be-407b-8213-714cf1d3acc4,f6e59e50-f22a-450c-8d4f-8a7072e50277,1
58e27c9a-59be-407b-8213-714cf1d3acc4,fa4d473c-e553-439e-8f53-ca5f2b203dbd,2
58e27c9a-59be-407b-8213-714cf1d3acc4,fdc445bd-f8fe-4cfc-b387-7fd66a181674,1
58fc3889-ed2a-4cb0-bbd8-54ef85e3f9a1,618bbc2f-4dc0-41a2-8ae0-7dd1e4a76c90,1
58fc3889-ed2a-4cb0-bbd8-54ef85e3f9a1,efbd64bd-4263-433f-a3f2-67386477de49,1
5a2cb9b8-4a4c-4860-8793-59da092434b6,61721e3f-a394-42ff-9885-8a58aa1d1612,2
5a2cb9b8-4a4c-4860-8793-59da092434b6,6bfaf570-5b6f-41e1-baf2-b833f6203513,4
5a2cb9b8-4a4c-4860-8793-59da092434b6,71cbc21c-4e36-4df7-9f58-e15a1c1f162c,27
5a2cb9b8-4a4c-4860-8793-59da092434b6,75a44c3a-5914-4c8e-9ca4-d987853f5844,8
5a2cb9b8-4a4c-4860-8793-59da092434b6,762e0f40-f100-4896-85a2-b1d8818fae41,6
5a2cb9b8-4a4c-4860-8793-59da092434b6,9522ae6b-a187-4f51-9df7-1b0feb767d6e,2
5a2cb9b8-4a4c-4860-8793-59da092434b6,9b13c8c8-eba4-411e-b095-858e352d3178,3
5a2cb9b8-4a4c-4860-8793-59da092434b6,ab97f146-7308-4a7e-9197-2ef5ee467a95,2
5a2cb9b8-4a4c-4860-8793-59da092434b6,b8d002bc-ea6c-4f57-b36e-38415b205e09,1
5a2cb9b8-4a4c-4860-8793-59da092434b6,ba21eb65-8546-40e5-a425-0d228d0eaeac,1
5a2cb9b8-4a4c-4860-8793-59da092434b6,d53f00ee-a955-434a-b636-f07d79859c49,24
5a2cb9b8-4a4c-4860-8793-59da092434b6,d847851a-777b-43c6-83b3-392672659edc,2
5a2cb9b8-4a4c-4860-8793-59da092434b6,ee32e8d2-aa15-4603-901e-2cc3c72e9ead,29
5ab23e3a-aed4-4713-9214-53336765be9d,5d54939f-2da7-4ca6-b159-4ef344336b21,19
5ab23e3a-aed4-4713-9214-53336765be9d,6bfaf570-5b6f-41e1-baf2-b833f6203513,8
5ab23e3a-aed4-4713-9214-53336765be9d,6d33b9bc-7d3a-4a60-b2d7-c2b70cd11ab1,60
5ab23e3a-aed4-4713-9214-53336765be9d,71cbc21c-4e36-4df7-9f58-e15a1c1f162c,19
5ab23e3a-aed4-4713-9214-53336765be9d,7564c685-2691-4796-9159-ebd5df4fdc8d,4
5ab23e3a-aed4-4713-9214-53336765be9d,8129f279-1ddd-45e3-8de4-e9ceb5a68d34,1
5ab23e3a-aed4-4713-9214-53336765be9d,8711c928-b30d-4859-b091-74678ca63e5b,7
5ab23e3a-aed4-4713-9214-53336765be9d,8f6a5115-367e-4dc2-88c5-1eae50593652,2
5ab23e3a-aed4-4713-9214-53336765be9d,935fc903-0272-4f85-84e7-6c22aa9710f3,6
5ab23e3a-aed4-4713-9214-53336765be9d,98aa8bde-85b0-49ed-9795-e2eeb206e3b8,7
5ab23e3a-aed4-4713-9214-53336765be9d,99c6218e-8f0c-45d4-bd24-f300c6cfcb2f,7
5ab23e3a-aed4-4713-9214-53336765be9d,9ab41898-332f-4c08-a834-d58b4669c990,4
5ab23e3a-aed4-4713-9214-53336765be9d,9b13c8c8-eba4-411e-b095-858e352d3178,2
5ab23e3a-aed4-4713-9214-53336765be9d,9bf12da8-39ea-4505-9500-764bc440cfc9,40
5ab23e3a-aed4-4713-9214-53336765be9d,a8e4581d-5186-4367-95c5-0a754c60b276,12
5ab23e3a-aed4-4713-9214-53336765be9d,aa0272f6-6e3c-41f7-b040-b774b30d2196,13
5ab23e3a-aed4-4713-9214-53336765be9d,ab15ce32-a527-4526-a5b2-0f2cdb92feeb,25
5ab23e3a-aed4-4713-9214-53336765be9d,ad8654f3-811a-4a63-ab7a-01bf76347caa,6
5ab23e3a-aed4-4713-9214-53336765be9d,b29c0e00-7ac2-4c28-ab4f-8fceb156337b,23
5ab23e3a-aed4-4713-9214-53336765be9d,b4e1d8cf-e8cf-4b66-9ded-97fc8176fa4a,17
5ab23e3a-aed4-4713-9214-53336765be9d,ba21eb65-8546-40e5-a425-0d228d0eaeac,12
5ab23e3a-aed4-4713-9214-53336765be9d,bb3a9cf3-6f64-4092-85a1-4318244ee603,36
5ab23e3a-aed4-4713-9214-53336765be9d,bf030048-0434-42f1-bbed-8b0c04014db4,4
5ab23e3a-aed4-4713-9214-53336765be9d,bf97025a-1c30-4042-bffe-948027f24e6c,8
5ab23e3a-aed4-4713-9214-53336765be9d,c0648a21-11c6-4b4f-a4be-205d7dcbb746,1
5ab23e3a-aed4-4713-9214-53336765be9d,c0d8ed4a-ec11-48e2-a468-6cd93327305b,5
5ab23e3a-aed4-4713-9214-53336765be9d,c3b1dca8-2cb4-4025-9527-36163a098c1f,2
5ab23e3a-aed4-4713-9214-53336765be9d,c4f7c468-721e-4953-97f2-bff05fe570c4,4
5ab23e3a-aed4-4713-9214-53336765be9d,c7822b58-103f-4612-87ef-648be97192c6,6
5ab23e3a-aed4-4713-9214-53336765be9d,cefbf19c-653b-4af7-84a6-e17fba0e4a70,27
5ab23e3a-aed4-4713-9214-53336765be9d,cf4c4d24-798d-4bbe-bf06-23ca674f0d28,30
5ab23e3a-aed4-4713-9214-53336765be9d,cfb17042-9f10-4e44-99f4-358bad067455,4
5ab23e3a-aed4-4713-9214-53336765be9d,d1bb566e-a111-43b7-8856-273ebac1f753,11
5ab23e3a-aed4-4713-9214-53336765be9d,d642dcc9-3f86-49d1-96c9-ae2771d1e89a,1
5ab23e3a-aed4-4713-9214-53336765be9d,d847851a-777b-43c6-83b3-392672659edc,10
5ab23e3a-aed4-4713-9214-53336765be9d,ddaff486-ef62-4200-aeb9-eeb4bedcc620,4
5ab23e3a-aed4-4713-9214-53336765be9d,e10065e1-776d-4bf3-8669-56788c453079,1
5ab23e3a-aed4-4713-9214-53336765be9d,e6cc253d-14cb-437b-be88-4966f5fcb1f5,12
5ab23e3a-aed4-4713-9214-53336765be9d,e7f0d8e8-4c52-4d0a-8b94-28729046f45b,5
5ab23e3a-aed4-4713-9214-53336765be9d,ec273841-069f-408b-b434-8524904ae314,6
5ab23e3a-aed4-4713-9214-53336765be9d,ec571f94-11b8-47d7-bb47-fd0d2d7c7f07,1
5ab23e3a-aed4-4713-9214-53336765be9d,fa4d473c-e553-439e-8f53-ca5f2b203dbd,1
5d3c16f6-cad0-432f-b850-8a62cfb6526c,872e3c31-98a5-40cb-b7dc-9c821f3b1bca,8
5d3c16f6-cad0-432f-b850-8a62cfb6526c,9b13c8c8-eba4-411e-b095-858e352d3178,2
5d3c16f6-cad0-432f-b850-8a62cfb6526c,b7a52679-bac9-4e00-9dfd-06a22a7cf088,1
5d3c16f6-cad0-432f-b850-8a62cfb6526c,c3adeaa2-c232-48f9-967d-caf4b0b51719,9
5d54939f-2da7-4ca6-b159-4ef344336b21,5dfe97b2-fffb-4586-a999-1cbcfde80674,2
5d54939f-2da7-4ca6-b159-4ef344336b21,64522cbc-a297-4c67-a204-1e31deb91f68,1
5d54939f-2da7-4ca6-b159-4ef344336b21,64f39510-b420-4b01-8b5e-2b2f2b0aad91,2
5d54939f-2da7-4ca6-b159-4ef344336b21,666f31ca-041f-466d-9e78-804317921d69,3
5d54939f-2da7-4ca6-b159-4ef344336b21,66b2be3d-10f8-46a4-90c6-b86005df0a50,27
5d54939f-2da7-4ca6-b159-4ef344336b21,68a869d7-3216-4208-9b57-e87405a11abb,6
5d54939f-2da7-4ca6-b159-4ef344336b21,6bfaf570-5b6f-41e1-baf2-b833f6203513,28
5d54939f-2da7-4ca6-b159-4ef344336b21,6ce9c9e8-daec-4ef0-b975-f372e100d3e6,1
5d54939f-2da7-4ca6-b159-4ef344336b21,6d33b9bc-7d3a-4a60-b2d7-c2b70cd11ab1,5
5d54939f-2da7-4ca6-b159-4ef344336b21,71cbc21c-4e36-4df7-9f58-e15a1c1f162c,11
5d54939f-2da7-4ca6-b159-4ef344336b21,74c13ffe-54e0-4cfd-a5fd-f21de61a0995,1
5d54939f-2da7-4ca6-b159-4ef344336b21,7564c685-2691-4796-9159-ebd5df4fdc8d,28
5d54939f-2da7-4ca6-b159-4ef344336b21,75a44c3a-5914-4c8e-9ca4-d987853f5844,58
5d54939f-2da7-4ca6-b159-4ef344336b21,77c541d2-49e3-483f-869d-134df420c5ea,16
5d54939f-2da7-4ca6-b159-4ef344336b21,7954eb2c-1bf5-42af-80dc-85f29b367db0,2
5d54939f-2da7-4ca6-b159-4ef344336b21,7cbb2d95-46b2-4fcb-b129-9505f56e7f07,11
5d54939f-2da7-4ca6-b159-4ef344336b21,7d18b6e3-de0c-4aea-bef8-242bbc38e936,3
5d54939f-2da7-4ca6-b159-4ef344336b21,819764fa-3a17-467b-8327-30899ed083b6,9
5d54939f-2da7-4ca6-b159-4ef344336b21,8349fff0-99b3-449a-bd4d-932ae95b29da,6
5d54939f-2da7-4ca6-b159-4ef344336b21,859e1824-cc60-4304-9293-dca932ebbed2,6
5d54939f-2da7-4ca6-b159-4ef344336b21,8711c928-b30d-4859-b091-74678ca63e5b,6
5d54939f-2da7-4ca6-b159-4ef344336b21,88bf9f29-aa91-4ddd-ad2d-b73dfe6706ef,3
5d54939f-2da7-4ca6-b159-4ef344336b21,88e0734b-8c03-4daa-8ec5-055e36c07030,2
5d54939f-2da7-4ca6-b159-4ef344336b21,89d70a20-bd10-46ed-866a-2c79362a0559,202
5d54939f-2da7-4ca6-b159-4ef344336b21,8ba16b4b-5dc1-441e-9229-8bb63c903ce1,2
5d54939f-2da7-4ca6-b159-4ef344336b21,8f6a5115-367e-4dc2-88c5-1eae50593652,1
5d54939f-2da7-4ca6-b159-4ef344336b21,92fe14f9-9abe-4759-b311-8b635302c2f2,1
5d54939f-2da7-4ca6-b159-4ef344336b21,935fc903-0272-4f85-84e7-6c22aa9710f3,2
5d54939f-2da7-4ca6-b159-4ef344336b21,942a29b8-057f-4dba-a8cd-3c35e5a81aaf,5
5d54939f-2da7-4ca6-b159-4ef344336b21,94f6aaa0-69ed-4721-a62c-c2b592bec175,3
5d54939f-2da7-4ca6-b159-4ef344336b21,97ffe642-648f-4dab-a0e8-0720e96e3e35,2
5d54939f-2da7-4ca6-b159-4ef344336b21,980a8ae3-b1c7-4912-ab9e-be3e6fd20d36,3
5d54939f-2da7-4ca6-b159-4ef344336b21,98aa8bde-85b0-49ed-9795-e2eeb206e3b8,67
5d54939f-2da7-4ca6-b159-4ef344336b21,99c6218e-8f0c-45d4-bd24-f300c6cfcb2f,1
5d54939f-2da7-4ca6-b159-4ef344336b21,9ab41898-332f-4c08-a834-d58b4669c990,3
5d54939f-2da7-4ca6-b159-4ef344336b21,9b13c8c8-eba4-411e-b095-858e352d3178,13
5d54939f-2da7-4ca6-b159-4ef344336b21,9bf12da8-39ea-4505-9500-764bc440cfc9,18
5d54939f-2da7-4ca6-b159-4ef344336b21,9c8bc5bc-8d13-4c11-be37-57a43a1d734b,1
5d54939f-2da7-4ca6-b159-4ef344336b21,9d2229a5-c46a-485a-9b82-315e270c3e9a,1
5d54939f-2da7-4ca6-b159-4ef344336b21,9e79de98-e914-4dc8-8dc7-6d7cb09b93d7,2
5d54939f-2da7-4ca6-b159-4ef344336b21,9f0c39d6-4a57-4849-9215-aa1147c7e0f6,3
5d54939f-2da7-4ca6-b159-4ef344336b21,a04d4b85-56f0-448f-b5e8-28b5340af204,2
5d54939f-2da7-4ca6-b159-4ef344336b21,a1877608-2b03-4620-b854-d57de44cd52e,3
5d54939f-2da7-4ca6-b159-4ef344336b21,a396ae20-6309-456b-a5ae-e4068dea8a67,6
5d54939f-2da7-4ca6-b159-4ef344336b21,a3b17348-54cf-4bca-82d4-e62bd46c2fbc,4
5d54939f-2da7-4ca6-b159-4ef344336b21,a68468b6-51ea-440c-9387-b44ba10ad8b6,31
5d54939f-2da7-4ca6-b159-4ef344336b21,a8e4581d-5186-4367-95c5-0a754c60b276,36
5d54939f-2da7-4ca6-b159-4ef344336b21,a901d2d2-35f6-4341-bbfb-38e5d9b21d07,9
5d54939f-2da7-4ca6-b159-4ef344336b21,ab15ce32-a527-4526-a5b2-0f2cdb92feeb,28
5d54939f-2da7-4ca6-b159-4ef344336b21,ad8654f3-811a-4a63-ab7a-01bf76347caa,2
5d54939f-2da7-4ca6-b159-4ef344336b21,b221afb0-2758-4ace-846a-7bfc33389ad6,3
5d54939f-2da7-4ca6-b159-4ef344336b21,b29c0e00-7ac2-4c28-ab4f-8fceb156337b,23
5d54939f-2da7-4ca6-b159-4ef344336b21,b41b2403-9f06-4d55-adc5-b0777373ca7e,54
5d54939f-2da7-4ca6-b159-4ef344336b21,b4fdf408-8296-4d14-9e95-b4b96dc20751,1
5d54939f-2da7-4ca6-b159-4ef344336b21,b50b3f0b-afc8-46e5-bfda-cb60e2935a5a,42
5d54939f-2da7-4ca6-b159-4ef344336b21,b8d002bc-ea6c-4f57-b36e-38415b205e09,4
5d54939f-2da7-4ca6-b159-4ef344336b21,b9cfefa1-1e5e-4fd7-a9d5-458e4c3a20db,10
5d54939f-2da7-4ca6-b159-4ef344336b21,ba21eb65-8546-40e5-a425-0d228d0eaeac,32
5d54939f-2da7-4ca6-b159-4ef344336b21,bb3a9cf3-6f64-4092-85a1-4318244ee603,8
5d54939f-2da7-4ca6-b159-4ef344336b21,bb6801d4-f671-4ade-aa86-29aa89373dd9,55
5d54939f-2da7-4ca6-b159-4ef344336b21,bf030048-0434-42f1-bbed-8b0c04014db4,7
5d54939f-2da7-4ca6-b159-4ef344336b21,c0d8ed4a-ec11-48e2-a468-6cd93327305b,2
5d54939f-2da7-4ca6-b159-4ef344336b21,c3b1dca8-2cb4-4025-9527-36163a098c1f,1
5d54939f-2da7-4ca6-b159-4ef344336b21,c4f7c468-721e-4953-97f2-bff05fe570c4,2
5d54939f-2da7-4ca6-b159-4ef344336b21,c6e26bd3-724f-45d3-93af-ef431e6fcd42,13
5d54939f-2da7-4ca6-b159-4ef344336b21,c7822b58-103f-4612-87ef-648be97192c6,30
5d54939f-2da7-4ca6-b159-4ef344336b21,cabae19e-836c-48c4-903e-7357789f9260,24
5d54939f-2da7-4ca6-b159-4ef344336b21,ccea26dd-dcae-4174-8945-ec5cb568e951,15
5d54939f-2da7-4ca6-b159-4ef344336b21,cefbf19c-653b-4af7-84a6-e17fba0e4a70,11
5d54939f-2da7-4ca6-b159-4ef344336b21,cf4c4d24-798d-4bbe-bf06-23ca674f0d28,2
5d54939f-2da7-4ca6-b159-4ef344336b21,cfb17042-9f10-4e44-99f4-358bad067455,5
5d54939f-2da7-4ca6-b159-4ef344336b21,d07ef52c-cc10-4445-a3a1-dfe50371f110,35
5d54939f-2da7-4ca6-b159-4ef344336b21,d0d8dcbd-4818-4925-a684-13767c7dae0d,1
5d54939f-2da7-4ca6-b159-4ef344336b21,d1bb566e-a111-43b7-8856-273ebac1f753,14
5d54939f-2da7-4ca6-b159-4ef344336b21,d34e1efc-fbba-4ad8-823a-61bc3f25d580,11
5d54939f-2da7-4ca6-b159-4ef344336b21,d38ca3cf-9803-48dc-8592-c67c4430168e,25
5d54939f-2da7-4ca6-b159-4ef344336b21,d53f00ee-a955-434a-b636-f07d79859c49,9
5d54939f-2da7-4ca6-b159-4ef344336b21,d59d1492-57b6-482b-88b6-b2b77c45c33d,6
5d54939f-2da7-4ca6-b159-4ef344336b21,d847851a-777b-43c6-83b3-392672659edc,40
5d54939f-2da7-4ca6-b159-4ef344336b21,da756f9c-3f10-4ab8-9fa8-75812e248959,13
5d54939f-2da7-4ca6-b159-4ef344336b21,da9f33b0-80ca-49eb-a1ec-def3b46538d9,6
5d54939f-2da7-4ca6-b159-4ef344336b21,dab4cf29-4843-4261-b09b-973fe98dbf65,29
5d54939f-2da7-4ca6-b159-4ef344336b21,dae67415-1ed1-4464-a59e-75170eb1925d,11
5d54939f-2da7-4ca6-b159-4ef344336b21,dc9f60e4-e1a4-487b-a002-40b3c77ba896,102
5d54939f-2da7-4ca6-b159-4ef344336b21,e6cc253d-14cb-437b-be88-4966f5fcb1f5,57
5d54939f-2da7-4ca6-b159-4ef344336b21,e70c3ee3-cca2-4521-abea-b124dcec0952,22
5d54939f-2da7-4ca6-b159-4ef344336b21,e7f0d8e8-4c52-4d0a-8b94-28729046f45b,10
5d54939f-2da7-4ca6-b159-4ef344336b21,e85125f3-b7cf-426c-9355-412838893f55,3
5d54939f-2da7-4ca6-b159-4ef344336b21,ec571f94-11b8-47d7-bb47-fd0d2d7c7f07,11
5d54939f-2da7-4ca6-b159-4ef344336b21,ee32e8d2-aa15-4603-901e-2cc3c72e9ead,11
5d54939f-2da7-4ca6-b159-4ef344336b21,ef8d31db-0876-4998-b0d9-056643260d46,3
5d54939f-2da7-4ca6-b159-4ef344336b21,f29c0ba8-4d4a-4cca-bb1b-229f68b4ae6a,1
5d54939f-2da7-4ca6-b159-4ef344336b21,f31cabe4-e1f4-46db-88a9-b46ba44dded4,19
5d54939f-2da7-4ca6-b159-4ef344336b21,fa4d473c-e553-439e-8f53-ca5f2b203dbd,14
5dfe97b2-fffb-4586-a999-1cbcfde80674,6ce9c9e8-daec-4ef0-b975-f372e100d3e6,2
5dfe97b2-fffb-4586-a999-1cbcfde80674,75a44c3a-5914-4c8e-9ca4-d987853f5844,1
5dfe97b2-fffb-4586-a999-1cbcfde80674,88bf9f29-aa91-4ddd-ad2d-b73dfe6706ef,1
5dfe97b2-fffb-4586-a999-1cbcfde80674,98aa8bde-85b0-49ed-9795-e2eeb206e3b8,1
5dfe97b2-fffb-4586-a999-1cbcfde80674,bb6801d4-f671-4ade-aa86-29aa89373dd9,6
5dfe97b2-fffb-4586-a999-1cbcfde80674,bf030048-0434-42f1-bbed-8b0c04014db4,6
5dfe97b2-fffb-4586-a999-1cbcfde80674,cefbf19c-653b-4af7-84a6-e17fba0e4a70,6
5dfe97b2-fffb-4586-a999-1cbcfde80674,d847851a-777b-43c6-83b3-392672659edc,1
5dfe97b2-fffb-4586-a999-1cbcfde80674,e6cc253d-14cb-437b-be88-4966f5fcb1f5,1
5dfe97b2-fffb-4586-a999-1cbcfde80674,e7f0d8e8-4c52-4d0a-8b94-28729046f45b,6
5dfe97b2-fffb-4586-a999-1cbcfde80674,fa4d473c-e553-439e-8f53-ca5f2b203dbd,1
5dfe97b2-fffb-4586-a999-1cbcfde80674,fd45195f-c35d-47c9-844e-a5893e10839e,1
61721e3f-a394-42ff-9885-8a58aa1d1612,9522ae6b-a187-4f51-9df7-1b0feb767d6e,8
61721e3f-a394-42ff-9885-8a58aa1d1612,a396ae20-6309-456b-a5ae-e4068dea8a67,1
61721e3f-a394-42ff-9885-8a58aa1d1612,aa612b6e-b61d-43a8-8775-c83839a9f6ef,1
61721e3f-a394-42ff-9885-8a58aa1d1612,ab97f146-7308-4a7e-9197-2ef5ee467a95,3
61721e3f-a394-42ff-9885-8a58aa1d1612,ac969248-8799-4f53-ad71-76815c79da35,2
61721e3f-a394-42ff-9885-8a58aa1d1612,b8d002bc-ea6c-4f57-b36e-38415b205e09,5
61721e3f-a394-42ff-9885-8a58aa1d1612,c6b2bdaf-8c1f-4b88-a8cb-167941b98bfb,1
61721e3f-a394-42ff-9885-8a58aa1d1612,d847851a-777b-43c6-83b3-392672659edc,2
61721e3f-a394-42ff-9885-8a58aa1d1612,de674538-350f-4a5a-9f8e-fa8f7c4b93ca,3
618bbc2f-4dc0-41a2-8ae0-7dd1e4a76c90,efbd64bd-4263-433f-a3f2-67386477de49,1
64457f28-37b6-4948-860a-f28bc62b99ae,6d33b9bc-7d3a-4a60-b2d7-c2b70cd11ab1,2
64457f28-37b6-4948-860a-f28bc62b99ae,8b3664bd-77e4-468b-af96-f3f4ec27fcce,5
64457f28-37b6-4948-860a-f28bc62b99ae,a68468b6-51ea-440c-9387-b44ba10ad8b6,1
64457f28-37b6-4948-860a-f28bc62b99ae,b41b2403-9f06-4d55-adc5-b0777373ca7e,2
64457f28-37b6-4948-860a-f28bc62b99ae,b8663b71-f92b-4d2b-a06b-f78dba168d98,1
64457f28-37b6-4948-860a-f28bc62b99ae,bb3a9cf3-6f64-4092-85a1-4318244ee603,2
64457f28-37b6-4948-860a-f28bc62b99ae,bf8eb79e-5034-4882-a4c5-413baba477d5,6
64457f28-37b6-4948-860a-f28bc62b99ae,c6e26bd3-724f-45d3-93af-ef431e6fcd42,2
64522cbc-a297-4c67-a204-1e31deb91f68,6bfaf570-5b6f-41e1-baf2-b833f6203513,3
64522cbc-a297-4c67-a204-1e31deb91f68,6c2ee55a-fa05-4a41-b522-c878c6a61ce8,1
64522cbc-a297-4c67-a204-1e31deb91f68,6e4027b2-cb08-44ca-b030-07d9074512d1,1
64522cbc-a297-4c67-a204-1e31deb91f68,6fc5878e-d76a-4e9d-a4e3-e5ef581bb2ff,3
64522cbc-a297-4c67-a204-1e31deb91f68,71cbc21c-4e36-4df7-9f58-e15a1c1f162c,23
64522cbc-a297-4c67-a204-1e31deb91f68,7897cad0-5099-4630-9311-65cc01450063,1
64522cbc-a297-4c67-a204-1e31deb91f68,7dc8c80e-6b9a-47e5-b61f-d57bcb36158f,3
64522cbc-a297-4c67-a204-1e31deb91f68,819764fa-3a17-467b-8327-30899ed083b6,2
64522cbc-a297-4c67-a204-1e31deb91f68,8711c928-b30d-4859-b091-74678ca63e5b,26
64522cbc-a297-4c67-a204-1e31deb91f68,872e3c31-98a5-40cb-b7dc-9c821f3b1bca,9
64522cbc-a297-4c67-a204-1e31deb91f68,88bf9f29-aa91-4ddd-ad2d-b73dfe6706ef,1
64522cbc-a297-4c67-a204-1e31deb91f68,8ba16b4b-5dc1-441e-9229-8bb63c903ce1,4
64522cbc-a297-4c67-a204-1e31deb91f68,8c5a8186-8f46-4bca-956d-06d4fa521635,6
64522cbc-a297-4c67-a204-1e31deb91f68,9bf12da8-39ea-4505-9500-764bc440cfc9,22
64522cbc-a297-4c67-a204-1e31deb91f68,9c4710f5-fb0b-42cc-9d53-4cf5dfe6e27c,3
64522cbc-a297-4c67-a204-1e31deb91f68,9d2229a5-c46a-485a-9b82-315e270c3e9a,6
64522cbc-a297-4c67-a204-1e31deb91f68,9ea41959-b952-4e42-92fb-bc616ac17241,4
64522cbc-a297-4c67-a204-1e31deb91f68,a8e4581d-5186-4367-95c5-0a754c60b276,9
64522cbc-a297-4c67-a204-1e31deb91f68,a900b4e7-92d9-4903-ab21-3189f17fe2e0,1
64522cbc-a297-4c67-a204-1e31deb91f68,aa0272f6-6e3c-41f7-b040-b774b30d2196,10
64522cbc-a297-4c67-a204-1e31deb91f68,ab97f146-7308-4a7e-9197-2ef5ee467a95,4
64522cbc-a297-4c67-a204-1e31deb91f68,ac61813c-2d49-4318-b5d0-32e3559b8db4,1
64522cbc-a297-4c67-a204-1e31deb91f68,ac969248-8799-4f53-ad71-76815c79da35,3
64522cbc-a297-4c67-a204-1e31deb91f68,b1e4718d-bf16-4b46-91fd-946b42bed3af,2
64522cbc-a297-4c67-a204-1e31deb91f68,b221afb0-2758-4ace-846a-7bfc33389ad6,2
64522cbc-a297-4c67-a204-1e31deb91f68,b29c0e00-7ac2-4c28-ab4f-8fceb156337b,1
64522cbc-a297-4c67-a204-1e31deb91f68,b3230578-426f-4b84-bfe2-6a8136c6a3af,1
64522cbc-a297-4c67-a204-1e31deb91f68,b8663b71-f92b-4d2b-a06b-f78dba168d98,1
64522cbc-a297-4c67-a204-1e31deb91f68,bf97025a-1c30-4042-bffe-948027f24e6c,3
64522cbc-a297-4c67-a204-1e31deb91f68,c01b88c4-5507-49c5-9ec3-f08af6e6eace,2
64522cbc-a297-4c67-a204-1e31deb91f68,c0d8ed4a-ec11-48e2-a468-6cd93327305b,10
64522cbc-a297-4c67-a204-1e31deb91f68,c128a46d-ebd9-4ee9-80cc-16bfe505e539,10
64522cbc-a297-4c67-a204-1e31deb91f68,c1c11045-81c6-43a3-96e4-4cc6d5f2fbb4,4
64522cbc-a297-4c67-a204-1e31deb91f68,c6b2bdaf-8c1f-4b88-a8cb-167941b98bfb,1
64522cbc-a297-4c67-a204-1e31deb91f68,c7822b58-103f-4612-87ef-648be97192c6,1
64522cbc-a297-4c67-a204-1e31deb91f68,caaae646-de85-453f-b6e0-9b9b4f710f03,1
64522cbc-a297-4c67-a204-1e31deb91f68,cabae19e-836c-48c4-903e-7357789f9260,1
64522cbc-a297-4c67-a204-1e31deb91f68,cd5a2cfd-7689-4a6e-aed1-df2a773bab9c,1
64522cbc-a297-4c67-a204-1e31deb91f68,d07ef52c-cc10-4445-a3a1-dfe50371f110,3
64522cbc-a297-4c67-a204-1e31deb91f68,d0d8dcbd-4818-4925-a684-13767c7dae0d,2
64522cbc-a297-4c67-a204-1e31deb91f68,d1bb566e-a111-43b7-8856-273ebac1f753,1
64522cbc-a297-4c67-a204-1e31deb91f68,dc9f60e4-e1a4-487b-a002-40b3c77ba896,2
64522cbc-a297-4c67-a204-1e31deb91f68,e10065e1-776d-4bf3-8669-56788c453079,6
64522cbc-a297-4c67-a204-1e31deb91f68,e6cc253d-14cb-437b-be88-4966f5fcb1f5,37
64522cbc-a297-4c67-a204-1e31deb91f68,edb8800b-6f1b-4e13-be0a-5b88fbd13c82,1
64522cbc-a297-4c67-a204-1e31deb91f68,ee32e8d2-aa15-4603-901e-2cc3c72e9ead,2
64522cbc-a297-4c67-a204-1e31deb91f68,fac3056b-df3b-4712-9ae3-56472806747b,2
64522cbc-a297-4c67-a204-1e31deb91f68,fdc445bd-f8fe-4cfc-b387-7fd66a181674,1
6490a01c-b871-4639-8d60-820be9ac7834,b23257b9-1d5e-4d4f-a2ee-cc4501ae5c6a,1
6490a01c-b871-4639-8d60-820be9ac7834,edb8800b-6f1b-4e13-be0a-5b88fbd13c82,2
6490a01c-b871-4639-8d60-820be9ac7834,edefa48b-f14e-4ec3-ab3c-dfe2aa0126ec,1
6490a01c-b871-4639-8d60-820be9ac7834,ee32e8d2-aa15-4603-901e-2cc3c72e9ead,1
64f39510-b420-4b01-8b5e-2b2f2b0aad91,6d33b9bc-7d3a-4a60-b2d7-c2b70cd11ab1,3
64f39510-b420-4b01-8b5e-2b2f2b0aad91,7cbb2d95-46b2-4fcb-b129-9505f56e7f07,1
64f39510-b420-4b01-8b5e-2b2f2b0aad91,84e7ec53-7bec-491e-bec7-19b6b1d359b1,1
64f39510-b420-4b01-8b5e-2b2f2b0aad91,859e1824-cc60-4304-9293-dca932ebbed2,1
64f39510-b420-4b01-8b5e-2b2f2b0aad91,8ba16b4b-5dc1-441e-9229-8bb63c903ce1,1
64f39510-b420-4b01-8b5e-2b2f2b0aad91,94f6aaa0-69ed-4721-a62c-c2b592bec175,1
64f39510-b420-4b01-8b5e-2b2f2b0aad91,98aa8bde-85b0-49ed-9795-e2eeb206e3b8,5
64f39510-b420-4b01-8b5e-2b2f2b0aad91,9b13c8c8-eba4-411e-b095-858e352d3178,1
64f39510-b420-4b01-8b5e-2b2f2b0aad91,9f0c39d6-4a57-4849-9215-aa1147c7e0f6,4
64f39510-b420-4b01-8b5e-2b2f2b0aad91,a04d4b85-56f0-448f-b5e8-28b5340af204,1
64f39510-b420-4b01-8b5e-2b2f2b0aad91,a396ae20-6309-456b-a5ae-e4068dea8a67,1
64f39510-b420-4b01-8b5e-2b2f2b0aad91,a3b17348-54cf-4bca-82d4-e62bd46c2fbc,1
64f39510-b420-4b01-8b5e-2b2f2b0aad91,a68468b6-51ea-440c-9387-b44ba10ad8b6,2
64f39510-b420-4b01-8b5e-2b2f2b0aad91,a8e4581d-5186-4367-95c5-0a754c60b276,1
64f39510-b420-4b01-8b5e-2b2f2b0aad91,ab15ce32-a527-4526-a5b2-0f2cdb92feeb,15
64f39510-b420-4b01-8b5e-2b2f2b0aad91,b41b2403-9f06-4d55-adc5-b0777373ca7e,12
64f39510-b420-4b01-8b5e-2b2f2b0aad91,b50b3f0b-afc8-46e5-bfda-cb60e2935a5a,1
64f39510-b420-4b01-8b5e-2b2f2b0aad91,bb3a9cf3-6f64-4092-85a1-4318244ee603,6
64f39510-b420-4b01-8b5e-2b2f2b0aad91,bb6801d4-f671-4ade-aa86-29aa89373dd9,1
64f39510-b420-4b01-8b5e-2b2f2b0aad91,c6e26bd3-724f-45d3-93af-ef431e6fcd42,1
64f39510-b420-4b01-8b5e-2b2f2b0aad91,ccea26dd-dcae-4174-8945-ec5cb568e951,1
64f39510-b420-4b01-8b5e-2b2f2b0aad91,d07ef52c-cc10-4445-a3a1-dfe50371f110,2
64f39510-b420-4b01-8b5e-2b2f2b0aad91,d38ca3cf-9803-48dc-8592-c67c4430168e,1
64f39510-b420-4b01-8b5e-2b2f2b0aad91,d59d1492-57b6-482b-88b6-b2b77c45c33d,2
64f39510-b420-4b01-8b5e-2b2f2b0aad91,d847851a-777b-43c6-83b3-392672659edc,2
64f39510-b420-4b01-8b5e-2b2f2b0aad91,e5f316f0-e4e7-4cf0-a064-ed9321737487,2
64f39510-b420-4b01-8b5e-2b2f2b0aad91,e6cc253d-14cb-437b-be88-4966f5fcb1f5,1
64f39510-b420-4b01-8b5e-2b2f2b0aad91,ec571f94-11b8-47d7-bb47-fd0d2d7c7f07,2
64f39510-b420-4b01-8b5e-2b2f2b0aad91,f31cabe4-e1f4-46db-88a9-b46ba44dded4,2
666f31ca-041f-466d-9e78-804317921d69,66b2be3d-10f8-46a4-90c6-b86005df0a50,9
666f31ca-041f-466d-9e78-804317921d69,6d33b9bc-7d3a-4a60-b2d7-c2b70cd11ab1,1
666f31ca-041f-466d-9e78-804317921d69,7564c685-2691-4796-9159-ebd5df4fdc8d,2
666f31ca-041f-466d-9e78-804317921d69,75a44c3a-5914-4c8e-9ca4-d987853f5844,8
666f31ca-041f-466d-9e78-804317921d69,762e0f40-f100-4896-85a2-b1d8818fae41,1
666f31ca-041f-466d-9e78-804317921d69,7954eb2c-1bf5-42af-80dc-85f29b367db0,7
666f31ca-041f-466d-9e78-804317921d69,819764fa-3a17-467b-8327-30899ed083b6,7
666f31ca-041f-466d-9e78-804317921d69,8349fff0-99b3-449a-bd4d-932ae95b29da,1
666f31ca-041f-466d-9e78-804317921d69,859e1824-cc60-4304-9293-dca932ebbed2,2
666f31ca-041f-466d-9e78-804317921d69,89d70a20-bd10-46ed-866a-2c79362a0559,1
666f31ca-041f-466d-9e78-804317921d69,942a29b8-057f-4dba-a8cd-3c35e5a81aaf,1
666f31ca-041f-466d-9e78-804317921d69,98aa8bde-85b0-49ed-9795-e2eeb206e3b8,23
666f31ca-041f-466d-9e78-804317921d69,9e79de98-e914-4dc8-8dc7-6d7cb09b93d7,1
666f31ca-041f-466d-9e78-804317921d69,9f0c39d6-4a57-4849-9215-aa1147c7e0f6,1
666f31ca-041f-466d-9e78-804317921d69,a396ae20-6309-456b-a5ae-e4068dea8a67,2
666f31ca-041f-466d-9e78-804317921d69,a3b17348-54cf-4bca-82d4-e62bd46c2fbc,3
666f31ca-041f-466d-9e78-804317921d69,a68468b6-51ea-440c-9387-b44ba10ad8b6,7
666f31ca-041f-466d-9e78-804317921d69,a8e4581d-5186-4367-95c5-0a754c60b276,1
666f31ca-041f-466d-9e78-804317921d69,ab15ce32-a527-4526-a5b2-0f2cdb92feeb,6
666f31ca-041f-466d-9e78-804317921d69,b41b2403-9f06-4d55-adc5-b0777373ca7e,3
666f31ca-041f-466d-9e78-804317921d69,b6c27e98-0f7f-42a2-9fae-50b5f8ca76cc,6
666f31ca-041f-466d-9e78-804317921d69,b8d002bc-ea6c-4f57-b36e-38415b205e09,1
666f31ca-041f-466d-9e78-804317921d69,bb6801d4-f671-4ade-aa86-29aa89373dd9,2
666f31ca-041f-466d-9e78-804317921d69,c6e26bd3-724f-45d3-93af-ef431e6fcd42,5
666f31ca-041f-466d-9e78-804317921d69,c7822b58-103f-4612-87ef-648be97192c6,1
666f31ca-041f-466d-9e78-804317921d69,cabae19e-836c-48c4-903e-7357789f9260,13
666f31ca-041f-466d-9e78-804317921d69,ce400601-651e-4ac9-a43e-ed8d4817b7fd,12
666f31ca-041f-466d-9e78-804317921d69,d1bb566e-a111-43b7-8856-273ebac1f753,2
666f31ca-041f-466d-9e78-804317921d69,d38ca3cf-9803-48dc-8592-c67c4430168e,29
666f31ca-041f-466d-9e78-804317921d69,d847851a-777b-43c6-83b3-392672659edc,2
666f31ca-041f-466d-9e78-804317921d69,da756f9c-3f10-4ab8-9fa8-75812e248959,3
666f31ca-041f-466d-9e78-804317921d69,e6cc253d-14cb-437b-be88-4966f5fcb1f5,2
666f31ca-041f-466d-9e78-804317921d69,e70c3ee3-cca2-4521-abea-b124dcec0952,2
666f31ca-041f-466d-9e78-804317921d69,ea21d788-7cfe-41ff-b22f-0664397139af,1
666f31ca-041f-466d-9e78-804317921d69,fa4d473c-e553-439e-8f53-ca5f2b203dbd,8
66b2be3d-10f8-46a4-90c6-b86005df0a50,7564c685-2691-4796-9159-ebd5df4fdc8d,4
66b2be3d-10f8-46a4-90c6-b86005df0a50,7cbb2d95-46b2-4fcb-b129-9505f56e7f07,11
66b2be3d-10f8-46a4-90c6-b86005df0a50,8349fff0-99b3-449a-bd4d-932ae95b29da,1
66b2be3d-10f8-46a4-90c6-b86005df0a50,859e1824-cc60-4304-9293-dca932ebbed2,23
66b2be3d-10f8-46a4-90c6-b86005df0a50,8767e9de-869e-4e8a-940f-1a63d15eab3c,1
66b2be3d-10f8-46a4-90c6-b86005df0a50,89d70a20-bd10-46ed-866a-2c79362a0559,2
66b2be3d-10f8-46a4-90c6-b86005df0a50,94f6aaa0-69ed-4721-a62c-c2b592bec175,1
66b2be3d-10f8-46a4-90c6-b86005df0a50,950c21d2-8a14-406d-b3af-877360bbd0ab,5
66b2be3d-10f8-46a4-90c6-b86005df0a50,97ffe642-648f-4dab-a0e8-0720e96e3e35,1
66b2be3d-10f8-46a4-90c6-b86005df0a50,98aa8bde-85b0-49ed-9795-e2eeb206e3b8,18
66b2be3d-10f8-46a4-90c6-b86005df0a50,9b13c8c8-eba4-411e-b095-858e352d3178,1
66b2be3d-10f8-46a4-90c6-b86005df0a50,9e79de98-e914-4dc8-8dc7-6d7cb09b93d7,43
66b2be3d-10f8-46a4-90c6-b86005df0a50,9f0c39d6-4a57-4849-9215-aa1147c7e0f6,3
66b2be3d-10f8-46a4-90c6-b86005df0a50,a04d4b85-56f0-448f-b5e8-28b5340af204,5
66b2be3d-10f8-46a4-90c6-b86005df0a50,a396ae20-6309-456b-a5ae-e4068dea8a67,1
66b2be3d-10f8-46a4-90c6-b86005df0a50,a3b17348-54cf-4bca-82d4-e62bd46c2fbc,1
66b2be3d-10f8-46a4-90c6-b86005df0a50,a437e923-725f-415e-a01d-5588a7af933e,6
66b2be3d-10f8-46a4-90c6-b86005df0a50,a68468b6-51ea-440c-9387-b44ba10ad8b6,15
66b2be3d-10f8-46a4-90c6-b86005df0a50,a8e4581d-5186-4367-95c5-0a754c60b276,2
66b2be3d-10f8-46a4-90c6-b86005df0a50,b41b2403-9f06-4d55-adc5-b0777373ca7e,18
66b2be3d-10f8-46a4-90c6-b86005df0a50,b50b3f0b-afc8-46e5-bfda-cb60e2935a5a,1
66b2be3d-10f8-46a4-90c6-b86005df0a50,b7a52679-bac9-4e00-9dfd-06a22a7cf088,1
66b2be3d-10f8-46a4-90c6-b86005df0a50,bb6801d4-f671-4ade-aa86-29aa89373dd9,13
66b2be3d-10f8-46a4-90c6-b86005df0a50,c6e26bd3-724f-45d3-93af-ef431e6fcd42,4
66b2be3d-10f8-46a4-90c6-b86005df0a50,c7822b58-103f-4612-87ef-648be97192c6,3
66b2be3d-10f8-46a4-90c6-b86005df0a50,cabae19e-836c-48c4-903e-7357789f9260,27
66b2be3d-10f8-46a4-90c6-b86005df0a50,d1bb566e-a111-43b7-8856-273ebac1f753,9
66b2be3d-10f8-46a4-90c6-b86005df0a50,d38ca3cf-9803-48dc-8592-c67c4430168e,21
66b2be3d-10f8-46a4-90c6-b86005df0a50,d59d1492-57b6-482b-88b6-b2b77c45c33d,3
66b2be3d-10f8-46a4-90c6-b86005df0a50,d847851a-777b-43c6-83b3-392672659edc,21
66b2be3d-10f8-46a4-90c6-b86005df0a50,e6cc253d-14cb-437b-be88-4966f5fcb1f5,1
66b2be3d-10f8-46a4-90c6-b86005df0a50,e70c3ee3-cca2-4521-abea-b124dcec0952,1
66b2be3d-10f8-46a4-90c6-b86005df0a50,ec571f94-11b8-47d7-bb47-fd0d2d7c7f07,1
66b2be3d-10f8-46a4-90c6-b86005df0a50,ee32e8d2-aa15-4603-901e-2cc3c72e9ead,2
66b2be3d-10f8-46a4-90c6-b86005df0a50,f067f702-8e06-491a-9498-462205d1aaec,1
66b2be3d-10f8-46a4-90c6-b86005df0a50,f289b7eb-f6ba-415b-90d9-1124c652637c,3
66b2be3d-10f8-46a4-90c6-b86005df0a50,f31cabe4-e1f4-46db-88a9-b46ba44dded4,16
66b2be3d-10f8-46a4-90c6-b86005df0a50,fa4d473c-e553-439e-8f53-ca5f2b203dbd,2
68a869d7-3216-4208-9b57-e87405a11abb,75a44c3a-5914-4c8e-9ca4-d987853f5844,1
68a869d7-3216-4208-9b57-e87405a11abb,819764fa-3a17-467b-8327-30899ed083b6,1
68a869d7-3216-4208-9b57-e87405a11abb,88bf9f29-aa91-4ddd-ad2d-b73dfe6706ef,5
68a869d7-3216-4208-9b57-e87405a11abb,89d70a20-bd10-46ed-866a-2c79362a0559,1
68a869d7-3216-4208-9b57-e87405a11abb,97ffe642-648f-4dab-a0e8-0720e96e3e35,6
68a869d7-3216-4208-9b57-e87405a11abb,9b13c8c8-eba4-411e-b095-858e352d3178,5
68a869d7-3216-4208-9b57-e87405a11abb,a962ffcb-a300-45e1-8850-70c7173c233e,4
68a869d7-3216-4208-9b57-e87405a11abb,ae91b7a3-544d-40c7-8373-815a0bd18cf0,1
68a869d7-3216-4208-9b57-e87405a11abb,b29c0e00-7ac2-4c28-ab4f-8fceb156337b,2
68a869d7-3216-4208-9b57-e87405a11abb,b9cfefa1-1e5e-4fd7-a9d5-458e4c3a20db,6
68a869d7-3216-4208-9b57-e87405a11abb,ba21eb65-8546-40e5-a425-0d228d0eaeac,9
68a869d7-3216-4208-9b57-e87405a11abb,bb6801d4-f671-4ade-aa86-29aa89373dd9,1
68a869d7-3216-4208-9b57-e87405a11abb,bf97025a-1c30-4042-bffe-948027f24e6c,3
68a869d7-3216-4208-9b57-e87405a11abb,c3b1dca8-2cb4-4025-9527-36163a098c1f,3
68a869d7-3216-4208-9b57-e87405a11abb,c7822b58-103f-4612-87ef-648be97192c6,12
68a869d7-3216-4208-9b57-e87405a11abb,cabae19e-836c-48c4-903e-7357789f9260,17
68a869d7-3216-4208-9b57-e87405a11abb,cf4c4d24-798d-4bbe-bf06-23ca674f0d28,5
68a869d7-3216-4208-9b57-e87405a11abb,d1bb566e-a111-43b7-8856-273ebac1f753,2
68a869d7-3216-4208-9b57-e87405a11abb,dae67415-1ed1-4464-a59e-75170eb1925d,13
68a869d7-3216-4208-9b57-e87405a11abb,dc9f60e4-e1a4-487b-a002-40b3c77ba896,1
6a54c095-9872-4322-81be-114b74233d40,74b44968-d1f2-482a-a365-1fbb4cbda7f9,6
6a54c095-9872-4322-81be-114b74233d40,754f2d87-8990-4b77-8181-54d8df8fa63a,1
6a54c095-9872-4322-81be-114b74233d40,88bf9f29-aa91-4ddd-ad2d-b73dfe6706ef,6
6a54c095-9872-4322-81be-114b74233d40,973da897-66c7-4010-a98d-505e0e97a60c,17
6a54c095-9872-4322-81be-114b74233d40,9b13c8c8-eba4-411e-b095-858e352d3178,2
6a54c095-9872-4322-81be-114b74233d40,9e79de98-e914-4dc8-8dc7-6d7cb09b93d7,6
6a54c095-9872-4322-81be-114b74233d40,9f855643-68a2-409e-b4fe-81b92547212a,3
6a54c095-9872-4322-81be-114b74233d40,ab15ce32-a527-4526-a5b2-0f2cdb92feeb,1
6a54c095-9872-4322-81be-114b74233d40,b41b2403-9f06-4d55-adc5-b0777373ca7e,3
6a54c095-9872-4322-81be-114b74233d40,c6e26bd3-724f-45d3-93af-ef431e6fcd42,3
6a54c095-9872-4322-81be-114b74233d40,c7822b58-103f-4612-87ef-648be97192c6,1
6a54c095-9872-4322-81be-114b74233d40,d34e1efc-fbba-4ad8-823a-61bc3f25d580,5
6a54c095-9872-4322-81be-114b74233d40,da9f33b0-80ca-49eb-a1ec-def3b46538d9,2
6a54c095-9872-4322-81be-114b74233d40,e85125f3-b7cf-426c-9355-412838893f55,1
6a54c095-9872-4322-81be-114b74233d40,fdc445bd-f8fe-4cfc-b387-7fd66a181674,11
6bfaf570-5b6f-41e1-baf2-b833f6203513,6ce9c9e8-daec-4ef0-b975-f372e100d3e6,1
6bfaf570-5b6f-41e1-baf2-b833f6203513,6d33b9bc-7d3a-4a60-b2d7-c2b70cd11ab1,5
6bfaf570-5b6f-41e1-baf2-b833f6203513,71cbc21c-4e36-4df7-9f58-e15a1c1f162c,6
6bfaf570-5b6f-41e1-baf2-b833f6203513,754f2d87-8990-4b77-8181-54d8df8fa63a,1
6bfaf570-5b6f-41e1-baf2-b833f6203513,75a44c3a-5914-4c8e-9ca4-d987853f5844,15
6bfaf570-5b6f-41e1-baf2-b833f6203513,762e0f40-f100-4896-85a2-b1d8818fae41,3
6bfaf570-5b6f-41e1-baf2-b833f6203513,77c541d2-49e3-483f-869d-134df420c5ea,2
6bfaf570-5b6f-41e1-baf2-b833f6203513,819764fa-3a17-467b-8327-30899ed083b6,7
6bfaf570-5b6f-41e1-baf2-b833f6203513,8711c928-b30d-4859-b091-74678ca63e5b,4
6bfaf570-5b6f-41e1-baf2-b833f6203513,935fc903-0272-4f85-84e7-6c22aa9710f3,3
6bfaf570-5b6f-41e1-baf2-b833f6203513,98aa8bde-85b0-49ed-9795-e2eeb206e3b8,13
6bfaf570-5b6f-41e1-baf2-b833f6203513,9ab41898-332f-4c08-a834-d58b4669c990,4
6bfaf570-5b6f-41e1-baf2-b833f6203513,9b13c8c8-eba4-411e-b095-858e352d3178,8
6bfaf570-5b6f-41e1-baf2-b833f6203513,9bf12da8-39ea-4505-9500-764bc440cfc9,14
6bfaf570-5b6f-41e1-baf2-b833f6203513,a4074721-5d4d-444a-bb98-1ddbc592a78a,2
6bfaf570-5b6f-41e1-baf2-b833f6203513,a8e4581d-5186-4367-95c5-0a754c60b276,1
6bfaf570-5b6f-41e1-baf2-b833f6203513,ab15ce32-a527-4526-a5b2-0f2cdb92feeb,5
6bfaf570-5b6f-41e1-baf2-b833f6203513,ae91b7a3-544d-40c7-8373-815a0bd18cf0,1
6bfaf570-5b6f-41e1-baf2-b833f6203513,b29c0e00-7ac2-4c28-ab4f-8fceb156337b,4
6bfaf570-5b6f-41e1-baf2-b833f6203513,b50b3f0b-afc8-46e5-bfda-cb60e2935a5a,13
6bfaf570-5b6f-41e1-baf2-b833f6203513,b8d002bc-ea6c-4f57-b36e-38415b205e09,1
6bfaf570-5b6f-41e1-baf2-b833f6203513,ba21eb65-8546-40e5-a425-0d228d0eaeac,14
6bfaf570-5b6f-41e1-baf2-b833f6203513,bb3a9cf3-6f64-4092-85a1-4318244ee603,8
6bfaf570-5b6f-41e1-baf2-b833f6203513,bb6801d4-f671-4ade-aa86-29aa89373dd9,2
6bfaf570-5b6f-41e1-baf2-b833f6203513,bf030048-0434-42f1-bbed-8b0c04014db4,1
6bfaf570-5b6f-41e1-baf2-b833f6203513,c0648a21-11c6-4b4f-a4be-205d7dcbb746,1
6bfaf570-5b6f-41e1-baf2-b833f6203513,c3b1dca8-2cb4-4025-9527-36163a098c1f,5
6bfaf570-5b6f-41e1-baf2-b833f6203513,c60c655f-40ba-47b0-8e93-a2c8d1ff4743,1
6bfaf570-5b6f-41e1-baf2-b833f6203513,cefbf19c-653b-4af7-84a6-e17fba0e4a70,8
6bfaf570-5b6f-41e1-baf2-b833f6203513,cf4c4d24-798d-4bbe-bf06-23ca674f0d28,3
6bfaf570-5b6f-41e1-baf2-b833f6203513,d07ef52c-cc10-4445-a3a1-dfe50371f110,2
6bfaf570-5b6f-41e1-baf2-b833f6203513,d1bb566e-a111-43b7-8856-273ebac1f753,11
6bfaf570-5b6f-41e1-baf2-b833f6203513,d53f00ee-a955-434a-b636-f07d79859c49,5
6bfaf570-5b6f-41e1-baf2-b833f6203513,d847851a-777b-43c6-83b3-392672659edc,17
6bfaf570-5b6f-41e1-baf2-b833f6203513,da9f33b0-80ca-49eb-a1ec-def3b46538d9,1
6bfaf570-5b6f-41e1-baf2-b833f6203513,dae67415-1ed1-4464-a59e-75170eb1925d,5
6bfaf570-5b6f-41e1-baf2-b833f6203513,e6cc253d-14cb-437b-be88-4966f5fcb1f5,15
6bfaf570-5b6f-41e1-baf2-b833f6203513,e7f0d8e8-4c52-4d0a-8b94-28729046f45b,2
6bfaf570-5b6f-41e1-baf2-b833f6203513,ee32e8d2-aa15-4603-901e-2cc3c72e9ead,4
6bfaf570-5b6f-41e1-baf2-b833f6203513,fa4d473c-e553-439e-8f53-ca5f2b203dbd,5
6c2ee55a-fa05-4a41-b522-c878c6a61ce8,71cbc21c-4e36-4df7-9f58-e15a1c1f162c,7
6c2ee55a-fa05-4a41-b522-c878c6a61ce8,7265b8e8-62d4-4ba2-8117-8f758fbf606e,1
6c2ee55a-fa05-4a41-b522-c878c6a61ce8,77d2c6f1-3af4-4256-b52f-23fcb7bb8be2,3
6c2ee55a-fa05-4a41-b522-c878c6a61ce8,78464103-e740-4fff-b508-c5377a089cb7,3
6c2ee55a-fa05-4a41-b522-c878c6a61ce8,935fc903-0272-4f85-84e7-6c22aa9710f3,1
6c2ee55a-fa05-4a41-b522-c878c6a61ce8,9522ae6b-a187-4f51-9df7-1b0feb767d6e,6
6c2ee55a-fa05-4a41-b522-c878c6a61ce8,990c794a-2170-435a-8c43-97d4fd0e621e,4
6c2ee55a-fa05-4a41-b522-c878c6a61ce8,9b13c8c8-eba4-411e-b095-858e352d3178,2
6c2ee55a-fa05-4a41-b522-c878c6a61ce8,9d2229a5-c46a-485a-9b82-315e270c3e9a,16
6c2ee55a-fa05-4a41-b522-c878c6a61ce8,9ea41959-b952-4e42-92fb-bc616ac17241,11
6c2ee55a-fa05-4a41-b522-c878c6a61ce8,ab97f146-7308-4a7e-9197-2ef5ee467a95,2
6c2ee55a-fa05-4a41-b522-c878c6a61ce8,ac61813c-2d49-4318-b5d0-32e3559b8db4,3
6c2ee55a-fa05-4a41-b522-c878c6a61ce8,ac969248-8799-4f53-ad71-76815c79da35,3
6c2ee55a-fa05-4a41-b522-c878c6a61ce8,b1e4718d-bf16-4b46-91fd-946b42bed3af,4
6c2ee55a-fa05-4a41-b522-c878c6a61ce8,ba21eb65-8546-40e5-a425-0d228d0eaeac,3
6c2ee55a-fa05-4a41-b522-c878c6a61ce8,c01b88c4-5507-49c5-9ec3-f08af6e6eace,2
6c2ee55a-fa05-4a41-b522-c878c6a61ce8,c1c11045-81c6-43a3-96e4-4cc6d5f2fbb4,2
6c2ee55a-fa05-4a41-b522-c878c6a61ce8,c6b2bdaf-8c1f-4b88-a8cb-167941b98bfb,2
6c2ee55a-fa05-4a41-b522-c878c6a61ce8,caaae646-de85-453f-b6e0-9b9b4f710f03,3
6c2ee55a-fa05-4a41-b522-c878c6a61ce8,d6c2b5eb-b21a-440a-b628-75492d313ffa,1
6c2ee55a-fa05-4a41-b522-c878c6a61ce8,edefa48b-f14e-4ec3-ab3c-dfe2aa0126ec,1
6c2ee55a-fa05-4a41-b522-c878c6a61ce8,ee32e8d2-aa15-4603-901e-2cc3c72e9ead,8
6c2ee55a-fa05-4a41-b522-c878c6a61ce8,f0ff5ae5-e0e8-4a26-af3a-93c8b5947dc4,1
6ce9c9e8-daec-4ef0-b975-f372e100d3e6,762e0f40-f100-4896-85a2-b1d8818fae41,1
6ce9c9e8-daec-4ef0-b975-f372e100d3e6,88bf9f29-aa91-4ddd-ad2d-b73dfe6706ef,18
6ce9c9e8-daec-4ef0-b975-f372e100d3e6,98aa8bde-85b0-49ed-9795-e2eeb206e3b8,2
6ce9c9e8-daec-4ef0-b975-f372e100d3e6,9ab41898-332f-4c08-a834-d58b4669c990,1
6ce9c9e8-daec-4ef0-b975-f372e100d3e6,a901d2d2-35f6-4341-bbfb-38e5d9b21d07,11
6ce9c9e8-daec-4ef0-b975-f372e100d3e6,a962ffcb-a300-45e1-8850-70c7173c233e,8
6ce9c9e8-daec-4ef0-b975-f372e100d3e6,ab15ce32-a527-4526-a5b2-0f2cdb92feeb,3
6ce9c9e8-daec-4ef0-b975-f372e100d3e6,ab97f146-7308-4a7e-9197-2ef5ee467a95,3
6ce9c9e8-daec-4ef0-b975-f372e100d3e6,bb3a9cf3-6f64-4092-85a1-4318244ee603,1
6ce9c9e8-daec-4ef0-b975-f372e100d3e6,bb6801d4-f671-4ade-aa86-29aa89373dd9,7
6ce9c9e8-daec-4ef0-b975-f372e100d3e6,bf030048-0434-42f1-bbed-8b0c04014db4,2
6ce9c9e8-daec-4ef0-b975-f372e100d3e6,c8935902-45d6-45d6-ac31-77bc0e143154,3
6ce9c9e8-daec-4ef0-b975-f372e100d3e6,cefbf19c-653b-4af7-84a6-e17fba0e4a70,5
6ce9c9e8-daec-4ef0-b975-f372e100d3e6,d847851a-777b-43c6-83b3-392672659edc,6
6ce9c9e8-daec-4ef0-b975-f372e100d3e6,e7f0d8e8-4c52-4d0a-8b94-28729046f45b,5
6ce9c9e8-daec-4ef0-b975-f372e100d3e6,f29c0ba8-4d4a-4cca-bb1b-229f68b4ae6a,2
6ce9c9e8-daec-4ef0-b975-f372e100d3e6,fa4d473c-e553-439e-8f53-ca5f2b203dbd,4
6d33b9bc-7d3a-4a60-b2d7-c2b70cd11ab1,71cbc21c-4e36-4df7-9f58-e15a1c1f162c,5
6d33b9bc-7d3a-4a60-b2d7-c2b70cd11ab1,7265b8e8-62d4-4ba2-8117-8f758fbf606e,1
6d33b9bc-7d3a-4a60-b2d7-c2b70cd11ab1,74b44968-d1f2-482a-a365-1fbb4cbda7f9,9
6d33b9bc-7d3a-4a60-b2d7-c2b70cd11ab1,754f2d87-8990-4b77-8181-54d8df8fa63a,27
6d33b9bc-7d3a-4a60-b2d7-c2b70cd11ab1,75a44c3a-5914-4c8e-9ca4-d987853f5844,2
6d33b9bc-7d3a-4a60-b2d7-c2b70cd11ab1,75c8786e-c5c2-4d12-95ff-4b804234f062,21
6d33b9bc-7d3a-4a60-b2d7-c2b70cd11ab1,77c541d2-49e3-483f-869d-134df420c5ea,7
6d33b9bc-7d3a-4a60-b2d7-c2b70cd11ab1,7c43c8c2-1958-496c-8060-b0f3bf652992,11
6d33b9bc-7d3a-4a60-b2d7-c2b70cd11ab1,81552958-ef83-4fab-8a92-6e5b1975c9ef,11
6d33b9bc-7d3a-4a60-b2d7-c2b70cd11ab1,819764fa-3a17-467b-8327-30899ed083b6,7
6d33b9bc-7d3a-4a60-b2d7-c2b70cd11ab1,84e7ec53-7bec-491e-bec7-19b6b1d359b1,17
6d33b9bc-7d3a-4a60-b2d7-c2b70cd11ab1,8711c928-b30d-4859-b091-74678ca63e5b,8
6d33b9bc-7d3a-4a60-b2d7-c2b70cd11ab1,88bf9f29-aa91-4ddd-ad2d-b73dfe6706ef,1
6d33b9bc-7d3a-4a60-b2d7-c2b70cd11ab1,8b3664bd-77e4-468b-af96-f3f4ec27fcce,2
6d33b9bc-7d3a-4a60-b2d7-c2b70cd11ab1,8dcd68d9-3f9b-4c92-b3e6-9f6c48a3bdfe,2
6d33b9bc-7d3a-4a60-b2d7-c2b70cd11ab1,92fe14f9-9abe-4759-b311-8b635302c2f2,19
6d33b9bc-7d3a-4a60-b2d7-c2b70cd11ab1,935fc903-0272-4f85-84e7-6c22aa9710f3,4
6d33b9bc-7d3a-4a60-b2d7-c2b70cd11ab1,94f6aaa0-69ed-4721-a62c-c2b592bec175,2
6d33b9bc-7d3a-4a60-b2d7-c2b70cd11ab1,98aa8bde-85b0-49ed-9795-e2eeb206e3b8,14
6d33b9bc-7d3a-4a60-b2d7-c2b70cd11ab1,9b13c8c8-eba4-411e-b095-858e352d3178,3
6d33b9bc-7d3a-4a60-b2d7-c2b70cd11ab1,9bf12da8-39ea-4505-9500-764bc440cfc9,39
6d33b9bc-7d3a-4a60-b2d7-c2b70cd11ab1,9f0c39d6-4a57-4849-9215-aa1147c7e0f6,15
6d33b9bc-7d3a-4a60-b2d7-c2b70cd11ab1,a396ae20-6309-456b-a5ae-e4068dea8a67,22
6d33b9bc-7d3a-4a60-b2d7-c2b70cd11ab1,a59b540b-1460-4aa0-b9ce-19356f87c77e,3
6d33b9bc-7d3a-4a60-b2d7-c2b70cd11ab1,a68468b6-51ea-440c-9387-b44ba10ad8b6,9
6d33b9bc-7d3a-4a60-b2d7-c2b70cd11ab1,a8e4581d-5186-4367-95c5-0a754c60b276,16
6d33b9bc-7d3a-4a60-b2d7-c2b70cd11ab1,aa0272f6-6e3c-41f7-b040-b774b30d2196,1
6d33b9bc-7d3a-4a60-b2d7-c2b70cd11ab1,aa612b6e-b61d-43a8-8775-c83839a9f6ef,4
6d33b9bc-7d3a-4a60-b2d7-c2b70cd11ab1,ab15ce32-a527-4526-a5b2-0f2cdb92feeb,101
6d33b9bc-7d3a-4a60-b2d7-c2b70cd11ab1,b29c0e00-7ac2-4c28-ab4f-8fceb156337b,11
6d33b9bc-7d3a-4a60-b2d7-c2b70cd11ab1,b41b2403-9f06-4d55-adc5-b0777373ca7e,29
6d33b9bc-7d3a-4a60-b2d7-c2b70cd11ab1,b4e1d8cf-e8cf-4b66-9ded-97fc8176fa4a,12
6d33b9bc-7d3a-4a60-b2d7-c2b70cd11ab1,b8663b71-f92b-4d2b-a06b-f78dba168d98,3
6d33b9bc-7d3a-4a60-b2d7-c2b70cd11ab1,b9cfefa1-1e5e-4fd7-a9d5-458e4c3a20db,10
6d33b9bc-7d3a-4a60-b2d7-c2b70cd11ab1,ba21eb65-8546-40e5-a425-0d228d0eaeac,4
6d33b9bc-7d3a-4a60-b2d7-c2b70cd11ab1,bb3a9cf3-6f64-4092-85a1-4318244ee603,57
6d33b9bc-7d3a-4a60-b2d7-c2b70cd11ab1,bf8eb79e-5034-4882-a4c5-413baba477d5,2
6d33b9bc-7d3a-4a60-b2d7-c2b70cd11ab1,bf97025a-1c30-4042-bffe-948027f24e6c,2
6d33b9bc-7d3a-4a60-b2d7-c2b70cd11ab1,c0d8ed4a-ec11-48e2-a468-6cd93327305b,5
6d33b9bc-7d3a-4a60-b2d7-c2b70cd11ab1,c3b1dca8-2cb4-4025-9527-36163a098c1f,4
6d33b9bc-7d3a-4a60-b2d7-c2b70cd11ab1,c606904d-daef-44ff-bd30-cfdc1e6b5185,1
6d33b9bc-7d3a-4a60-b2d7-c2b70cd11ab1,c60c655f-40ba-47b0-8e93-a2c8d1ff4743,29
6d33b9bc-7d3a-4a60-b2d7-c2b70cd11ab1,c6b2bdaf-8c1f-4b88-a8cb-167941b98bfb,1
6d33b9bc-7d3a-4a60-b2d7-c2b70cd11ab1,c6e26bd3-724f-45d3-93af-ef431e6fcd42,9
6d33b9bc-7d3a-4a60-b2d7-c2b70cd11ab1,c7822b58-103f-4612-87ef-648be97192c6,3
6d33b9bc-7d3a-4a60-b2d7-c2b70cd11ab1,cabae19e-836c-48c4-903e-7357789f9260,1
6d33b9bc-7d3a-4a60-b2d7-c2b70cd11ab1,cefbf19c-653b-4af7-84a6-e17fba0e4a70,5
6d33b9bc-7d3a-4a60-b2d7-c2b70cd11ab1,cf4c4d24-798d-4bbe-bf06-23ca674f0d28,21
6d33b9bc-7d3a-4a60-b2d7-c2b70cd11ab1,d07ef52c-cc10-4445-a3a1-dfe50371f110,2
6d33b9bc-7d3a-4a60-b2d7-c2b70cd11ab1,d59d1492-57b6-482b-88b6-b2b77c45c33d,1
6d33b9bc-7d3a-4a60-b2d7-c2b70cd11ab1,d6c2b5eb-b21a-440a-b628-75492d313ffa,1
6d33b9bc-7d3a-4a60-b2d7-c2b70cd11ab1,d847851a-777b-43c6-83b3-392672659edc,9
6d33b9bc-7d3a-4a60-b2d7-c2b70cd11ab1,dae67415-1ed1-4464-a59e-75170eb1925d,2
6d33b9bc-7d3a-4a60-b2d7-c2b70cd11ab1,ddaff486-ef62-4200-aeb9-eeb4bedcc620,4
6d33b9bc-7d3a-4a60-b2d7-c2b70cd11ab1,e5c9b4ba-9064-4858-a052-bb3bbecfac4b,3
6d33b9bc-7d3a-4a60-b2d7-c2b70cd11ab1,e5f316f0-e4e7-4cf0-a064-ed9321737487,18
6d33b9bc-7d3a-4a60-b2d7-c2b70cd11ab1,e6cc253d-14cb-437b-be88-4966f5fcb1f5,2
6d33b9bc-7d3a-4a60-b2d7-c2b70cd11ab1,e7f0d8e8-4c52-4d0a-8b94-28729046f45b,1
6d33b9bc-7d3a-4a60-b2d7-c2b70cd11ab1,eb79af3c-a66d-4374-b9e7-34d7f3e92dc7,1
6d33b9bc-7d3a-4a60-b2d7-c2b70cd11ab1,ec273841-069f-408b-b434-8524904ae314,9
6d33b9bc-7d3a-4a60-b2d7-c2b70cd11ab1,ec571f94-11b8-47d7-bb47-fd0d2d7c7f07,1
6d33b9bc-7d3a-4a60-b2d7-c2b70cd11ab1,ef8d31db-0876-4998-b0d9-056643260d46,3
6d33b9bc-7d3a-4a60-b2d7-c2b70cd11ab1,f31cabe4-e1f4-46db-88a9-b46ba44dded4,7
6e4027b2-cb08-44ca-b030-07d9074512d1,71cbc21c-4e36-4df7-9f58-e15a1c1f162c,3
6e4027b2-cb08-44ca-b030-07d9074512d1,c01b88c4-5507-49c5-9ec3-f08af6e6eace,3
6e4027b2-cb08-44ca-b030-07d9074512d1,c1c11045-81c6-43a3-96e4-4cc6d5f2fbb4,4
6e4027b2-cb08-44ca-b030-07d9074512d1,d07ef52c-cc10-4445-a3a1-dfe50371f110,1
6fc5878e-d76a-4e9d-a4e3-e5ef581bb2ff,71cbc21c-4e36-4df7-9f58-e15a1c1f162c,11
6fc5878e-d76a-4e9d-a4e3-e5ef581bb2ff,7cbb2d95-46b2-4fcb-b129-9505f56e7f07,7
6fc5878e-d76a-4e9d-a4e3-e5ef581bb2ff,7dc8c80e-6b9a-47e5-b61f-d57bcb36158f,3
6fc5878e-d76a-4e9d-a4e3-e5ef581bb2ff,8711c928-b30d-4859-b091-74678ca63e5b,2
6fc5878e-d76a-4e9d-a4e3-e5ef581bb2ff,8ba16b4b-5dc1-441e-9229-8bb63c903ce1,32
6fc5878e-d76a-4e9d-a4e3-e5ef581bb2ff,92fe14f9-9abe-4759-b311-8b635302c2f2,2
6fc5878e-d76a-4e9d-a4e3-e5ef581bb2ff,93ace320-ab4e-42d3-9783-b2e2e02eb546,4
6fc5878e-d76a-4e9d-a4e3-e5ef581bb2ff,9431dc1b-9891-4d15-aaf1-b98e347c3b46,4
6fc5878e-d76a-4e9d-a4e3-e5ef581bb2ff,97ffe642-648f-4dab-a0e8-0720e96e3e35,2
6fc5878e-d76a-4e9d-a4e3-e5ef581bb2ff,98aa8bde-85b0-49ed-9795-e2eeb206e3b8,3
6fc5878e-d76a-4e9d-a4e3-e5ef581bb2ff,9ab41898-332f-4c08-a834-d58b4669c990,2
6fc5878e-d76a-4e9d-a4e3-e5ef581bb2ff,9b13c8c8-eba4-411e-b095-858e352d3178,1
6fc5878e-d76a-4e9d-a4e3-e5ef581bb2ff,9bf12da8-39ea-4505-9500-764bc440cfc9,5
6fc5878e-d76a-4e9d-a4e3-e5ef581bb2ff,a04d4b85-56f0-448f-b5e8-28b5340af204,1
6fc5878e-d76a-4e9d-a4e3-e5ef581bb2ff,a8e4581d-5186-4367-95c5-0a754c60b276,1
6fc5878e-d76a-4e9d-a4e3-e5ef581bb2ff,aa0272f6-6e3c-41f7-b040-b774b30d2196,10
6fc5878e-d76a-4e9d-a4e3-e5ef581bb2ff,b29c0e00-7ac2-4c28-ab4f-8fceb156337b,8
6fc5878e-d76a-4e9d-a4e3-e5ef581bb2ff,ba21eb65-8546-40e5-a425-0d228d0eaeac,18
6fc5878e-d76a-4e9d-a4e3-e5ef581bb2ff,bf030048-0434-42f1-bbed-8b0c04014db4,1
6fc5878e-d76a-4e9d-a4e3-e5ef581bb2ff,bf97025a-1c30-4042-bffe-948027f24e6c,2
6fc5878e-d76a-4e9d-a4e3-e5ef581bb2ff,c0d8ed4a-ec11-48e2-a468-6cd93327305b,21
6fc5878e-d76a-4e9d-a4e3-e5ef581bb2ff,c3b1dca8-2cb4-4025-9527-36163a098c1f,2
6fc5878e-d76a-4e9d-a4e3-e5ef581bb2ff,c6f061f1-9cb7-4e0a-a281-4fc80527c5d7,2
6fc5878e-d76a-4e9d-a4e3-e5ef581bb2ff,c7822b58-103f-4612-87ef-648be97192c6,7
6fc5878e-d76a-4e9d-a4e3-e5ef581bb2ff,cabae19e-836c-48c4-903e-7357789f9260,7
6fc5878e-d76a-4e9d-a4e3-e5ef581bb2ff,cfb17042-9f10-4e44-99f4-358bad067455,1
6fc5878e-d76a-4e9d-a4e3-e5ef581bb2ff,d0d8dcbd-4818-4925-a684-13767c7dae0d,3
6fc5878e-d76a-4e9d-a4e3-e5ef581bb2ff,d1bb566e-a111-43b7-8856-273ebac1f753,1
6fc5878e-d76a-4e9d-a4e3-e5ef581bb2ff,d34e1efc-fbba-4ad8-823a-61bc3f25d580,1
6fc5878e-d76a-4e9d-a4e3-e5ef581bb2ff,d89044ef-b7df-4a15-be10-d342fe381664,1
6fc5878e-d76a-4e9d-a4e3-e5ef581bb2ff,e10065e1-776d-4bf3-8669-56788c453079,12
6fc5878e-d76a-4e9d-a4e3-e5ef581bb2ff,f289b7eb-f6ba-415b-90d9-1124c652637c,1
6fc5878e-d76a-4e9d-a4e3-e5ef581bb2ff,fa4d473c-e553-439e-8f53-ca5f2b203dbd,1
6fc5878e-d76a-4e9d-a4e3-e5ef581bb2ff,fd544ce8-6d2a-4d79-81e0-c240fcf1776e,1
70af2625-600a-4ff6-bfe5-52b2ca26b437,b50b3f0b-afc8-46e5-bfda-cb60e2935a5a,1
70af2625-600a-4ff6-bfe5-52b2ca26b437,ba21eb65-8546-40e5-a425-0d228d0eaeac,5
70af2625-600a-4ff6-bfe5-52b2ca26b437,d847851a-777b-43c6-83b3-392672659edc,5
70af2625-600a-4ff6-bfe5-52b2ca26b437,da9f33b0-80ca-49eb-a1ec-def3b46538d9,4
70af2625-600a-4ff6-bfe5-52b2ca26b437,e6cc253d-14cb-437b-be88-4966f5fcb1f5,1
71cbc21c-4e36-4df7-9f58-e15a1c1f162c,74c13ffe-54e0-4cfd-a5fd-f21de61a0995,15
71cbc21c-4e36-4df7-9f58-e15a1c1f162c,7564c685-2691-4796-9159-ebd5df4fdc8d,4
71cbc21c-4e36-4df7-9f58-e15a1c1f162c,75a44c3a-5914-4c8e-9ca4-d987853f5844,98
71cbc21c-4e36-4df7-9f58-e15a1c1f162c,762e0f40-f100-4896-85a2-b1d8818fae41,64
71cbc21c-4e36-4df7-9f58-e15a1c1f162c,77c541d2-49e3-483f-869d-134df420c5ea,17
71cbc21c-4e36-4df7-9f58-e15a1c1f162c,77d2c6f1-3af4-4256-b52f-23fcb7bb8be2,8
71cbc21c-4e36-4df7-9f58-e15a1c1f162c,78464103-e740-4fff-b508-c5377a089cb7,1
71cbc21c-4e36-4df7-9f58-e15a1c1f162c,7897cad0-5099-4630-9311-65cc01450063,13
71cbc21c-4e36-4df7-9f58-e15a1c1f162c,7c43c8c2-1958-496c-8060-b0f3bf652992,1
71cbc21c-4e36-4df7-9f58-e15a1c1f162c,7d18b6e3-de0c-4aea-bef8-242bbc38e936,1
71cbc21c-4e36-4df7-9f58-e15a1c1f162c,7dc8c80e-6b9a-47e5-b61f-d57bcb36158f,12
71cbc21c-4e36-4df7-9f58-e15a1c1f162c,808636f6-10d2-4ed6-a5fe-f98ab3fcbbee,5
71cbc21c-4e36-4df7-9f58-e15a1c1f162c,819764fa-3a17-467b-8327-30899ed083b6,28
71cbc21c-4e36-4df7-9f58-e15a1c1f162c,84e7ec53-7bec-491e-bec7-19b6b1d359b1,1
71cbc21c-4e36-4df7-9f58-e15a1c1f162c,8711c928-b30d-4859-b091-74678ca63e5b,42
71cbc21c-4e36-4df7-9f58-e15a1c1f162c,88bf9f29-aa91-4ddd-ad2d-b73dfe6706ef,15
71cbc21c-4e36-4df7-9f58-e15a1c1f162c,88e0734b-8c03-4daa-8ec5-055e36c07030,20
71cbc21c-4e36-4df7-9f58-e15a1c1f162c,89d70a20-bd10-46ed-866a-2c79362a0559,19
71cbc21c-4e36-4df7-9f58-e15a1c1f162c,8ba16b4b-5dc1-441e-9229-8bb63c903ce1,5
71cbc21c-4e36-4df7-9f58-e15a1c1f162c,8c5a8186-8f46-4bca-956d-06d4fa521635,21
71cbc21c-4e36-4df7-9f58-e15a1c1f162c,8f81c0fd-e9cc-42ad-8e93-7bb0456955d3,1
71cbc21c-4e36-4df7-9f58-e15a1c1f162c,935fc903-0272-4f85-84e7-6c22aa9710f3,2
71cbc21c-4e36-4df7-9f58-e15a1c1f162c,9431dc1b-9891-4d15-aaf1-b98e347c3b46,3
71cbc21c-4e36-4df7-9f58-e15a1c1f162c,9522ae6b-a187-4f51-9df7-1b0feb767d6e,1
71cbc21c-4e36-4df7-9f58-e15a1c1f162c,98aa8bde-85b0-49ed-9795-e2eeb206e3b8,33
71cbc21c-4e36-4df7-9f58-e15a1c1f162c,990c794a-2170-435a-8c43-97d4fd0e621e,1
71cbc21c-4e36-4df7-9f58-e15a1c1f162c,99c6218e-8f0c-45d4-bd24-f300c6cfcb2f,2
71cbc21c-4e36-4df7-9f58-e15a1c1f162c,9ab41898-332f-4c08-a834-d58b4669c990,95
71cbc21c-4e36-4df7-9f58-e15a1c1f162c,9b13c8c8-eba4-411e-b095-858e352d3178,56
71cbc21c-4e36-4df7-9f58-e15a1c1f162c,9bf12da8-39ea-4505-9500-764bc440cfc9,6
71cbc21c-4e36-4df7-9f58-e15a1c1f162c,9c4710f5-fb0b-42cc-9d53-4cf5dfe6e27c,1
71cbc21c-4e36-4df7-9f58-e15a1c1f162c,9d2229a5-c46a-485a-9b82-315e270c3e9a,179
71cbc21c-4e36-4df7-9f58-e15a1c1f162c,9ea41959-b952-4e42-92fb-bc616ac17241,36
71cbc21c-4e36-4df7-9f58-e15a1c1f162c,9f3aadb0-0f76-49b8-9e54-126c97fc0ae8,1
71cbc21c-4e36-4df7-9f58-e15a1c1f162c,a1811d65-87c9-484a-ac37-d0ba90214f91,1
71cbc21c-4e36-4df7-9f58-e15a1c1f162c,a1877608-2b03-4620-b854-d57de44cd52e,6
71cbc21c-4e36-4df7-9f58-e15a1c1f162c,a59b540b-1460-4aa0-b9ce-19356f87c77e,1
71cbc21c-4e36-4df7-9f58-e15a1c1f162c,a8e4581d-5186-4367-95c5-0a754c60b276,16
71cbc21c-4e36-4df7-9f58-e15a1c1f162c,a900b4e7-92d9-4903-ab21-3189f17fe2e0,10
71cbc21c-4e36-4df7-9f58-e15a1c1f162c,aa0272f6-6e3c-41f7-b040-b774b30d2196,92
71cbc21c-4e36-4df7-9f58-e15a1c1f162c,aa612b6e-b61d-43a8-8775-c83839a9f6ef,6
71cbc21c-4e36-4df7-9f58-e15a1c1f162c,ab15ce32-a527-4526-a5b2-0f2cdb92feeb,1
71cbc21c-4e36-4df7-9f58-e15a1c1f162c,ab97f146-7308-4a7e-9197-2ef5ee467a95,56
71cbc21c-4e36-4df7-9f58-e15a1c1f162c,ac969248-8799-4f53-ad71-76815c79da35,6
71cbc21c-4e36-4df7-9f58-e15a1c1f162c,ad8654f3-811a-4a63-ab7a-01bf76347caa,15
71cbc21c-4e36-4df7-9f58-e15a1c1f162c,ae91b7a3-544d-40c7-8373-815a0bd18cf0,1
71cbc21c-4e36-4df7-9f58-e15a1c1f162c,b1e4718d-bf16-4b46-91fd-946b42bed3af,20
71cbc21c-4e36-4df7-9f58-e15a1c1f162c,b221afb0-2758-4ace-846a-7bfc33389ad6,7
71cbc21c-4e36-4df7-9f58-e15a1c1f162c,b29c0e00-7ac2-4c28-ab4f-8fceb156337b,9
71cbc21c-4e36-4df7-9f58-e15a1c1f162c,b3230578-426f-4b84-bfe2-6a8136c6a3af,7
71cbc21c-4e36-4df7-9f58-e15a1c1f162c,b4e1d8cf-e8cf-4b66-9ded-97fc8176fa4a,1
71cbc21c-4e36-4df7-9f58-e15a1c1f162c,b4fdf408-8296-4d14-9e95-b4b96dc20751,2
71cbc21c-4e36-4df7-9f58-e15a1c1f162c,b8663b71-f92b-4d2b-a06b-f78dba168d98,6
71cbc21c-4e36-4df7-9f58-e15a1c1f162c,b8d002bc-ea6c-4f57-b36e-38415b205e09,13
71cbc21c-4e36-4df7-9f58-e15a1c1f162c,ba21eb65-8546-40e5-a425-0d228d0eaeac,4
71cbc21c-4e36-4df7-9f58-e15a1c1f162c,bb3a9cf3-6f64-4092-85a1-4318244ee603,1
71cbc21c-4e36-4df7-9f58-e15a1c1f162c,bd954447-a92c-4899-a9a8-4a58569fd4d2,7
71cbc21c-4e36-4df7-9f58-e15a1c1f162c,bf030048-0434-42f1-bbed-8b0c04014db4,1
71cbc21c-4e36-4df7-9f58-e15a1c1f162c,bf97025a-1c30-4042-bffe-948027f24e6c,24
71cbc21c-4e36-4df7-9f58-e15a1c1f162c,c01b88c4-5507-49c5-9ec3-f08af6e6eace,1
71cbc21c-4e36-4df7-9f58-e15a1c1f162c,c0d8ed4a-ec11-48e2-a468-6cd93327305b,49
71cbc21c-4e36-4df7-9f58-e15a1c1f162c,c128a46d-ebd9-4ee9-80cc-16bfe505e539,25
71cbc21c-4e36-4df7-9f58-e15a1c1f162c,c1c11045-81c6-43a3-96e4-4cc6d5f2fbb4,7
71cbc21c-4e36-4df7-9f58-e15a1c1f162c,c3adeaa2-c232-48f9-967d-caf4b0b51719,1
71cbc21c-4e36-4df7-9f58-e15a1c1f162c,c4f7c468-721e-4953-97f2-bff05fe570c4,4
71cbc21c-4e36-4df7-9f58-e15a1c1f162c,c606904d-daef-44ff-bd30-cfdc1e6b5185,1
71cbc21c-4e36-4df7-9f58-e15a1c1f162c,c6b2bdaf-8c1f-4b88-a8cb-167941b98bfb,10
71cbc21c-4e36-4df7-9f58-e15a1c1f162c,c6f061f1-9cb7-4e0a-a281-4fc80527c5d7,4
71cbc21c-4e36-4df7-9f58-e15a1c1f162c,c7822b58-103f-4612-87ef-648be97192c6,1
71cbc21c-4e36-4df7-9f58-e15a1c1f162c,c8935902-45d6-45d6-ac31-77bc0e143154,17
71cbc21c-4e36-4df7-9f58-e15a1c1f162c,c955972d-2702-4d28-8461-262072218f3f,4
71cbc21c-4e36-4df7-9f58-e15a1c1f162c,caaae646-de85-453f-b6e0-9b9b4f710f03,36
71cbc21c-4e36-4df7-9f58-e15a1c1f162c,cabae19e-836c-48c4-903e-7357789f9260,1
71cbc21c-4e36-4df7-9f58-e15a1c1f162c,ccea26dd-dcae-4174-8945-ec5cb568e951,13
71cbc21c-4e36-4df7-9f58-e15a1c1f162c,cd5a2cfd-7689-4a6e-aed1-df2a773bab9c,3
71cbc21c-4e36-4df7-9f58-e15a1c1f162c,cf4c4d24-798d-4bbe-bf06-23ca674f0d28,4
71cbc21c-4e36-4df7-9f58-e15a1c1f162c,cfb17042-9f10-4e44-99f4-358bad067455,11
71cbc21c-4e36-4df7-9f58-e15a1c1f162c,cfd07390-25a9-4fdb-bced-8a463530bf51,6
71cbc21c-4e36-4df7-9f58-e15a1c1f162c,d07ef52c-cc10-4445-a3a1-dfe50371f110,86
71cbc21c-4e36-4df7-9f58-e15a1c1f162c,d0d8dcbd-4818-4925-a684-13767c7dae0d,12
71cbc21c-4e36-4df7-9f58-e15a1c1f162c,d1bb566e-a111-43b7-8856-273ebac1f753,4
71cbc21c-4e36-4df7-9f58-e15a1c1f162c,d53f00ee-a955-434a-b636-f07d79859c49,153
71cbc21c-4e36-4df7-9f58-e15a1c1f162c,d653bf17-e60f-4512-9258-a68ec026e381,7
71cbc21c-4e36-4df7-9f58-e15a1c1f162c,d6c2b5eb-b21a-440a-b628-75492d313ffa,8
71cbc21c-4e36-4df7-9f58-e15a1c1f162c,d847851a-777b-43c6-83b3-392672659edc,3
71cbc21c-4e36-4df7-9f58-e15a1c1f162c,dae67415-1ed1-4464-a59e-75170eb1925d,12
71cbc21c-4e36-4df7-9f58-e15a1c1f162c,dc9f60e4-e1a4-487b-a002-40b3c77ba896,9
71cbc21c-4e36-4df7-9f58-e15a1c1f162c,ddaff486-ef62-4200-aeb9-eeb4bedcc620,5
71cbc21c-4e36-4df7-9f58-e15a1c1f162c,de674538-350f-4a5a-9f8e-fa8f7c4b93ca,12
71cbc21c-4e36-4df7-9f58-e15a1c1f162c,e10065e1-776d-4bf3-8669-56788c453079,13
71cbc21c-4e36-4df7-9f58-e15a1c1f162c,e5c9b4ba-9064-4858-a052-bb3bbecfac4b,6
71cbc21c-4e36-4df7-9f58-e15a1c1f162c,e6cc253d-14cb-437b-be88-4966f5fcb1f5,19
71cbc21c-4e36-4df7-9f58-e15a1c1f162c,e7f0d8e8-4c52-4d0a-8b94-28729046f45b,1
71cbc21c-4e36-4df7-9f58-e15a1c1f162c,ee32e8d2-aa15-4603-901e-2cc3c72e9ead,253
71cbc21c-4e36-4df7-9f58-e15a1c1f162c,efd89dff-2cde-4afc-ab14-e4f9795d1407,2
71cbc21c-4e36-4df7-9f58-e15a1c1f162c,f0ff5ae5-e0e8-4a26-af3a-93c8b5947dc4,3
71cbc21c-4e36-4df7-9f58-e15a1c1f162c,fa4d473c-e553-439e-8f53-ca5f2b203dbd,6
71cbc21c-4e36-4df7-9f58-e15a1c1f162c,face7642-1fd8-4ec1-a909-c2579b0bd8d2,1
71cbc21c-4e36-4df7-9f58-e15a1c1f162c,fd544ce8-6d2a-4d79-81e0-c240fcf1776e,10
71df2edb-5973-46ec-82d7-c65ccd00abd4,7265b8e8-62d4-4ba2-8117-8f758fbf606e,4
71df2edb-5973-46ec-82d7-c65ccd00abd4,7c43c8c2-1958-496c-8060-b0f3bf652992,1
71df2edb-5973-46ec-82d7-c65ccd00abd4,8dfa0156-0834-4c00-87e8-c4e9919f781f,1
71df2edb-5973-46ec-82d7-c65ccd00abd4,935fc903-0272-4f85-84e7-6c22aa9710f3,1
71df2edb-5973-46ec-82d7-c65ccd00abd4,974099ff-20a6-4119-84be-96e244befc55,1
71df2edb-5973-46ec-82d7-c65ccd00abd4,9b13c8c8-eba4-411e-b095-858e352d3178,1
71df2edb-5973-46ec-82d7-c65ccd00abd4,aa612b6e-b61d-43a8-8775-c83839a9f6ef,2
71df2edb-5973-46ec-82d7-c65ccd00abd4,ab97f146-7308-4a7e-9197-2ef5ee467a95,1
71df2edb-5973-46ec-82d7-c65ccd00abd4,ac61813c-2d49-4318-b5d0-32e3559b8db4,1
71df2edb-5973-46ec-82d7-c65ccd00abd4,bf030048-0434-42f1-bbed-8b0c04014db4,2
71df2edb-5973-46ec-82d7-c65ccd00abd4,caaae646-de85-453f-b6e0-9b9b4f710f03,1
71df2edb-5973-46ec-82d7-c65ccd00abd4,d847851a-777b-43c6-83b3-392672659edc,2
71df2edb-5973-46ec-82d7-c65ccd00abd4,ddaff486-ef62-4200-aeb9-eeb4bedcc620,2
71df2edb-5973-46ec-82d7-c65ccd00abd4,de076177-b820-4aff-9629-6829277e1c16,3
71df2edb-5973-46ec-82d7-c65ccd00abd4,e5c9b4ba-9064-4858-a052-bb3bbecfac4b,1
722997ad-c4fa-4012-9ea5-f1314978764b,9b13c8c8-eba4-411e-b095-858e352d3178,2
722997ad-c4fa-4012-9ea5-f1314978764b,ae91b7a3-544d-40c7-8373-815a0bd18cf0,1
722997ad-c4fa-4012-9ea5-f1314978764b,ba21eb65-8546-40e5-a425-0d228d0eaeac,1
722997ad-c4fa-4012-9ea5-f1314978764b,da9f33b0-80ca-49eb-a1ec-def3b46538d9,1
722997ad-c4fa-4012-9ea5-f1314978764b,fa4d473c-e553-439e-8f53-ca5f2b203dbd,1
7265b8e8-62d4-4ba2-8117-8f758fbf606e,7c43c8c2-1958-496c-8060-b0f3bf652992,1
7265b8e8-62d4-4ba2-8117-8f758fbf606e,8dfa0156-0834-4c00-87e8-c4e9919f781f,8
7265b8e8-62d4-4ba2-8117-8f758fbf606e,935fc903-0272-4f85-84e7-6c22aa9710f3,5
7265b8e8-62d4-4ba2-8117-8f758fbf606e,9b13c8c8-eba4-411e-b095-858e352d3178,1
7265b8e8-62d4-4ba2-8117-8f758fbf606e,9d2229a5-c46a-485a-9b82-315e270c3e9a,1
7265b8e8-62d4-4ba2-8117-8f758fbf606e,aa612b6e-b61d-43a8-8775-c83839a9f6ef,2
7265b8e8-62d4-4ba2-8117-8f758fbf606e,ab97f146-7308-4a7e-9197-2ef5ee467a95,2
7265b8e8-62d4-4ba2-8117-8f758fbf606e,ac61813c-2d49-4318-b5d0-32e3559b8db4,1
7265b8e8-62d4-4ba2-8117-8f758fbf606e,bf030048-0434-42f1-bbed-8b0c04014db4,30
7265b8e8-62d4-4ba2-8117-8f758fbf606e,c01b88c4-5507-49c5-9ec3-f08af6e6eace,1
7265b8e8-62d4-4ba2-8117-8f758fbf606e,c606904d-daef-44ff-bd30-cfdc1e6b5185,4
7265b8e8-62d4-4ba2-8117-8f758fbf606e,cefbf19c-653b-4af7-84a6-e17fba0e4a70,5
7265b8e8-62d4-4ba2-8117-8f758fbf606e,d847851a-777b-43c6-83b3-392672659edc,10
7265b8e8-62d4-4ba2-8117-8f758fbf606e,ddaff486-ef62-4200-aeb9-eeb4bedcc620,1
7265b8e8-62d4-4ba2-8117-8f758fbf606e,de076177-b820-4aff-9629-6829277e1c16,3
7265b8e8-62d4-4ba2-8117-8f758fbf606e,e5c9b4ba-9064-4858-a052-bb3bbecfac4b,3
7265b8e8-62d4-4ba2-8117-8f758fbf606e,ec273841-069f-408b-b434-8524904ae314,2
7265b8e8-62d4-4ba2-8117-8f758fbf606e,ee32e8d2-aa15-4603-901e-2cc3c72e9ead,1
74b44968-d1f2-482a-a365-1fbb4cbda7f9,754f2d87-8990-4b77-8181-54d8df8fa63a,7
74b44968-d1f2-482a-a365-1fbb4cbda7f9,75c8786e-c5c2-4d12-95ff-4b804234f062,6
74b44968-d1f2-482a-a365-1fbb4cbda7f9,7c43c8c2-1958-496c-8060-b0f3bf652992,2
74b44968-d1f2-482a-a365-1fbb4cbda7f9,808636f6-10d2-4ed6-a5fe-f98ab3fcbbee,1
74b44968-d1f2-482a-a365-1fbb4cbda7f9,8133067c-1a90-482b-9ee4-e585a096ffb5,3
74b44968-d1f2-482a-a365-1fbb4cbda7f9,819764fa-3a17-467b-8327-30899ed083b6,13
74b44968-d1f2-482a-a365-1fbb4cbda7f9,81d3a9a6-03c1-424b-873f-2df53af69e6c,8
74b44968-d1f2-482a-a365-1fbb4cbda7f9,83a1ccbf-fe6a-4f7a-a0d0-4cf90337ab90,9
74b44968-d1f2-482a-a365-1fbb4cbda7f9,84e7ec53-7bec-491e-bec7-19b6b1d359b1,4
74b44968-d1f2-482a-a365-1fbb4cbda7f9,88bf9f29-aa91-4ddd-ad2d-b73dfe6706ef,1
74b44968-d1f2-482a-a365-1fbb4cbda7f9,8dfa0156-0834-4c00-87e8-c4e9919f781f,1
74b44968-d1f2-482a-a365-1fbb4cbda7f9,973da897-66c7-4010-a98d-505e0e97a60c,9
74b44968-d1f2-482a-a365-1fbb4cbda7f9,99c6218e-8f0c-45d4-bd24-f300c6cfcb2f,1
74b44968-d1f2-482a-a365-1fbb4cbda7f9,9ab41898-332f-4c08-a834-d58b4669c990,2
74b44968-d1f2-482a-a365-1fbb4cbda7f9,9b13c8c8-eba4-411e-b095-858e352d3178,8
74b44968-d1f2-482a-a365-1fbb4cbda7f9,9bf12da8-39ea-4505-9500-764bc440cfc9,2
74b44968-d1f2-482a-a365-1fbb4cbda7f9,9e79de98-e914-4dc8-8dc7-6d7cb09b93d7,2
74b44968-d1f2-482a-a365-1fbb4cbda7f9,a396ae20-6309-456b-a5ae-e4068dea8a67,1
74b44968-d1f2-482a-a365-1fbb4cbda7f9,a59b540b-1460-4aa0-b9ce-19356f87c77e,2
74b44968-d1f2-482a-a365-1fbb4cbda7f9,a900b4e7-92d9-4903-ab21-3189f17fe2e0,2
74b44968-d1f2-482a-a365-1fbb4cbda7f9,ac61813c-2d49-4318-b5d0-32e3559b8db4,1
74b44968-d1f2-482a-a365-1fbb4cbda7f9,ae91b7a3-544d-40c7-8373-815a0bd18cf0,3
74b44968-d1f2-482a-a365-1fbb4cbda7f9,b3230578-426f-4b84-bfe2-6a8136c6a3af,2
74b44968-d1f2-482a-a365-1fbb4cbda7f9,b41b2403-9f06-4d55-adc5-b0777373ca7e,4
74b44968-d1f2-482a-a365-1fbb4cbda7f9,b4fdf408-8296-4d14-9e95-b4b96dc20751,7
74b44968-d1f2-482a-a365-1fbb4cbda7f9,b9cfefa1-1e5e-4fd7-a9d5-458e4c3a20db,1
74b44968-d1f2-482a-a365-1fbb4cbda7f9,bb3a9cf3-6f64-4092-85a1-4318244ee603,2
74b44968-d1f2-482a-a365-1fbb4cbda7f9,bd954447-a92c-4899-a9a8-4a58569fd4d2,17
74b44968-d1f2-482a-a365-1fbb4cbda7f9,c606904d-daef-44ff-bd30-cfdc1e6b5185,3
74b44968-d1f2-482a-a365-1fbb4cbda7f9,c60c655f-40ba-47b0-8e93-a2c8d1ff4743,2
74b44968-d1f2-482a-a365-1fbb4cbda7f9,c6e26bd3-724f-45d3-93af-ef431e6fcd42,2
74b44968-d1f2-482a-a365-1fbb4cbda7f9,c7822b58-103f-4612-87ef-648be97192c6,1
74b44968-d1f2-482a-a365-1fbb4cbda7f9,d0d8dcbd-4818-4925-a684-13767c7dae0d,1
74b44968-d1f2-482a-a365-1fbb4cbda7f9,d34e1efc-fbba-4ad8-823a-61bc3f25d580,1
74b44968-d1f2-482a-a365-1fbb4cbda7f9,d3eeba5c-e756-485b-978e-a91629c31e57,2
74b44968-d1f2-482a-a365-1fbb4cbda7f9,d59d1492-57b6-482b-88b6-b2b77c45c33d,1
74b44968-d1f2-482a-a365-1fbb4cbda7f9,d847851a-777b-43c6-83b3-392672659edc,1
74b44968-d1f2-482a-a365-1fbb4cbda7f9,e6e673f5-f0a7-4d34-a6aa-d2f12fed24ed,3
74b44968-d1f2-482a-a365-1fbb4cbda7f9,eef0e09f-c709-4de5-8b44-086876d5f631,3
74b44968-d1f2-482a-a365-1fbb4cbda7f9,fa4d473c-e553-439e-8f53-ca5f2b203dbd,5
74b44968-d1f2-482a-a365-1fbb4cbda7f9,fac3056b-df3b-4712-9ae3-56472806747b,1
74b44968-d1f2-482a-a365-1fbb4cbda7f9,fdc445bd-f8fe-4cfc-b387-7fd66a181674,17
74c13ffe-54e0-4cfd-a5fd-f21de61a0995,75a44c3a-5914-4c8e-9ca4-d987853f5844,3
74c13ffe-54e0-4cfd-a5fd-f21de61a0995,762e0f40-f100-4896-85a2-b1d8818fae41,9
74c13ffe-54e0-4cfd-a5fd-f21de61a0995,7897cad0-5099-4630-9311-65cc01450063,40
74c13ffe-54e0-4cfd-a5fd-f21de61a0995,819764fa-3a17-467b-8327-30899ed083b6,3
74c13ffe-54e0-4cfd-a5fd-f21de61a0995,88bf9f29-aa91-4ddd-ad2d-b73dfe6706ef,3
74c13ffe-54e0-4cfd-a5fd-f21de61a0995,89d70a20-bd10-46ed-866a-2c79362a0559,10
74c13ffe-54e0-4cfd-a5fd-f21de61a0995,8f6a5115-367e-4dc2-88c5-1eae50593652,2
74c13ffe-54e0-4cfd-a5fd-f21de61a0995,98aa8bde-85b0-49ed-9795-e2eeb206e3b8,19
74c13ffe-54e0-4cfd-a5fd-f21de61a0995,9b13c8c8-eba4-411e-b095-858e352d3178,6
74c13ffe-54e0-4cfd-a5fd-f21de61a0995,9bf12da8-39ea-4505-9500-764bc440cfc9,1
74c13ffe-54e0-4cfd-a5fd-f21de61a0995,a1877608-2b03-4620-b854-d57de44cd52e,32
74c13ffe-54e0-4cfd-a5fd-f21de61a0995,a59b540b-1460-4aa0-b9ce-19356f87c77e,10
74c13ffe-54e0-4cfd-a5fd-f21de61a0995,a8e4581d-5186-4367-95c5-0a754c60b276,1
74c13ffe-54e0-4cfd-a5fd-f21de61a0995,ab15ce32-a527-4526-a5b2-0f2cdb92feeb,5
74c13ffe-54e0-4cfd-a5fd-f21de61a0995,b29c0e00-7ac2-4c28-ab4f-8fceb156337b,8
74c13ffe-54e0-4cfd-a5fd-f21de61a0995,b4fdf408-8296-4d14-9e95-b4b96dc20751,2
74c13ffe-54e0-4cfd-a5fd-f21de61a0995,ba21eb65-8546-40e5-a425-0d228d0eaeac,1
74c13ffe-54e0-4cfd-a5fd-f21de61a0995,bf97025a-1c30-4042-bffe-948027f24e6c,5
74c13ffe-54e0-4cfd-a5fd-f21de61a0995,c0d8ed4a-ec11-48e2-a468-6cd93327305b,1
74c13ffe-54e0-4cfd-a5fd-f21de61a0995,c7822b58-103f-4612-87ef-648be97192c6,2
74c13ffe-54e0-4cfd-a5fd-f21de61a0995,c8935902-45d6-45d6-ac31-77bc0e143154,9
74c13ffe-54e0-4cfd-a5fd-f21de61a0995,cabae19e-836c-48c4-903e-7357789f9260,9
74c13ffe-54e0-4cfd-a5fd-f21de61a0995,ccea26dd-dcae-4174-8945-ec5cb568e951,2
74c13ffe-54e0-4cfd-a5fd-f21de61a0995,d07ef52c-cc10-4445-a3a1-dfe50371f110,3
74c13ffe-54e0-4cfd-a5fd-f21de61a0995,d0d8dcbd-4818-4925-a684-13767c7dae0d,1
74c13ffe-54e0-4cfd-a5fd-f21de61a0995,d53f00ee-a955-434a-b636-f07d79859c49,19
74c13ffe-54e0-4cfd-a5fd-f21de61a0995,d642dcc9-3f86-49d1-96c9-ae2771d1e89a,3
74c13ffe-54e0-4cfd-a5fd-f21de61a0995,dc9f60e4-e1a4-487b-a002-40b3c77ba896,20
74c13ffe-54e0-4cfd-a5fd-f21de61a0995,e7f0d8e8-4c52-4d0a-8b94-28729046f45b,1
74c13ffe-54e0-4cfd-a5fd-f21de61a0995,ee32e8d2-aa15-4603-901e-2cc3c72e9ead,1
74c13ffe-54e0-4cfd-a5fd-f21de61a0995,fa4d473c-e553-439e-8f53-ca5f2b203dbd,29
74c13ffe-54e0-4cfd-a5fd-f21de61a0995,face7642-1fd8-4ec1-a909-c2579b0bd8d2,1
754f2d87-8990-4b77-8181-54d8df8fa63a,75c8786e-c5c2-4d12-95ff-4b804234f062,5
754f2d87-8990-4b77-8181-54d8df8fa63a,77c541d2-49e3-483f-869d-134df420c5ea,1
754f2d87-8990-4b77-8181-54d8df8fa63a,7c43c8c2-1958-496c-8060-b0f3bf652992,2
754f2d87-8990-4b77-8181-54d8df8fa63a,84e7ec53-7bec-491e-bec7-19b6b1d359b1,3
754f2d87-8990-4b77-8181-54d8df8fa63a,88bf9f29-aa91-4ddd-ad2d-b73dfe6706ef,2
754f2d87-8990-4b77-8181-54d8df8fa63a,92fe14f9-9abe-4759-b311-8b635302c2f2,2
754f2d87-8990-4b77-8181-54d8df8fa63a,973da897-66c7-4010-a98d-505e0e97a60c,2
754f2d87-8990-4b77-8181-54d8df8fa63a,99c6218e-8f0c-45d4-bd24-f300c6cfcb2f,2
754f2d87-8990-4b77-8181-54d8df8fa63a,9b13c8c8-eba4-411e-b095-858e352d3178,1
754f2d87-8990-4b77-8181-54d8df8fa63a,9bf12da8-39ea-4505-9500-764bc440cfc9,1
754f2d87-8990-4b77-8181-54d8df8fa63a,9e79de98-e914-4dc8-8dc7-6d7cb09b93d7,1
754f2d87-8990-4b77-8181-54d8df8fa63a,aa0272f6-6e3c-41f7-b040-b774b30d2196,2
754f2d87-8990-4b77-8181-54d8df8fa63a,ab15ce32-a527-4526-a5b2-0f2cdb92feeb,3
754f2d87-8990-4b77-8181-54d8df8fa63a,ad44b24f-bb14-4f4a-a476-3cbbb3e9cdb0,1
754f2d87-8990-4b77-8181-54d8df8fa63a,b41b2403-9f06-4d55-adc5-b0777373ca7e,2
754f2d87-8990-4b77-8181-54d8df8fa63a,bd954447-a92c-4899-a9a8-4a58569fd4d2,3
754f2d87-8990-4b77-8181-54d8df8fa63a,bf030048-0434-42f1-bbed-8b0c04014db4,1
754f2d87-8990-4b77-8181-54d8df8fa63a,c60c655f-40ba-47b0-8e93-a2c8d1ff4743,2
754f2d87-8990-4b77-8181-54d8df8fa63a,c6e26bd3-724f-45d3-93af-ef431e6fcd42,3
754f2d87-8990-4b77-8181-54d8df8fa63a,cefbf19c-653b-4af7-84a6-e17fba0e4a70,1
754f2d87-8990-4b77-8181-54d8df8fa63a,d34e1efc-fbba-4ad8-823a-61bc3f25d580,1
754f2d87-8990-4b77-8181-54d8df8fa63a,e5f316f0-e4e7-4cf0-a064-ed9321737487,5
754f2d87-8990-4b77-8181-54d8df8fa63a,fa4d473c-e553-439e-8f53-ca5f2b203dbd,1
754f2d87-8990-4b77-8181-54d8df8fa63a,fdc445bd-f8fe-4cfc-b387-7fd66a181674,6
7564c685-2691-4796-9159-ebd5df4fdc8d,75a44c3a-5914-4c8e-9ca4-d987853f5844,20
7564c685-2691-4796-9159-ebd5df4fdc8d,762e0f40-f100-4896-85a2-b1d8818fae41,1
7564c685-2691-4796-9159-ebd5df4fdc8d,7cbb2d95-46b2-4fcb-b129-9505f56e7f07,15
7564c685-2691-4796-9159-ebd5df4fdc8d,7d18b6e3-de0c-4aea-bef8-242bbc38e936,6
7564c685-2691-4796-9159-ebd5df4fdc8d,819764fa-3a17-467b-8327-30899ed083b6,1
7564c685-2691-4796-9159-ebd5df4fdc8d,84e7ec53-7bec-491e-bec7-19b6b1d359b1,2
7564c685-2691-4796-9159-ebd5df4fdc8d,859e1824-cc60-4304-9293-dca932ebbed2,6
7564c685-2691-4796-9159-ebd5df4fdc8d,88bf9f29-aa91-4ddd-ad2d-b73dfe6706ef,2
7564c685-2691-4796-9159-ebd5df4fdc8d,89d70a20-bd10-46ed-866a-2c79362a0559,24
7564c685-2691-4796-9159-ebd5df4fdc8d,942a29b8-057f-4dba-a8cd-3c35e5a81aaf,4
7564c685-2691-4796-9159-ebd5df4fdc8d,94f6aaa0-69ed-4721-a62c-c2b592bec175,13
7564c685-2691-4796-9159-ebd5df4fdc8d,98aa8bde-85b0-49ed-9795-e2eeb206e3b8,22
7564c685-2691-4796-9159-ebd5df4fdc8d,9b13c8c8-eba4-411e-b095-858e352d3178,1
7564c685-2691-4796-9159-ebd5df4fdc8d,9c8bc5bc-8d13-4c11-be37-57a43a1d734b,1
7564c685-2691-4796-9159-ebd5df4fdc8d,9f0c39d6-4a57-4849-9215-aa1147c7e0f6,4
7564c685-2691-4796-9159-ebd5df4fdc8d,a437e923-725f-415e-a01d-5588a7af933e,33
7564c685-2691-4796-9159-ebd5df4fdc8d,a68468b6-51ea-440c-9387-b44ba10ad8b6,30
7564c685-2691-4796-9159-ebd5df4fdc8d,a8e4581d-5186-4367-95c5-0a754c60b276,7
7564c685-2691-4796-9159-ebd5df4fdc8d,aa0272f6-6e3c-41f7-b040-b774b30d2196,2
7564c685-2691-4796-9159-ebd5df4fdc8d,ab15ce32-a527-4526-a5b2-0f2cdb92feeb,15
7564c685-2691-4796-9159-ebd5df4fdc8d,ad8654f3-811a-4a63-ab7a-01bf76347caa,1
7564c685-2691-4796-9159-ebd5df4fdc8d,b221afb0-2758-4ace-846a-7bfc33389ad6,1
7564c685-2691-4796-9159-ebd5df4fdc8d,b29c0e00-7ac2-4c28-ab4f-8fceb156337b,2
7564c685-2691-4796-9159-ebd5df4fdc8d,b41b2403-9f06-4d55-adc5-b0777373ca7e,28
7564c685-2691-4796-9159-ebd5df4fdc8d,b8663b71-f92b-4d2b-a06b-f78dba168d98,2
7564c685-2691-4796-9159-ebd5df4fdc8d,bb6801d4-f671-4ade-aa86-29aa89373dd9,1
7564c685-2691-4796-9159-ebd5df4fdc8d,bf030048-0434-42f1-bbed-8b0c04014db4,9
7564c685-2691-4796-9159-ebd5df4fdc8d,c6e26bd3-724f-45d3-93af-ef431e6fcd42,3
7564c685-2691-4796-9159-ebd5df4fdc8d,c7822b58-103f-4612-87ef-648be97192c6,13
7564c685-2691-4796-9159-ebd5df4fdc8d,cabae19e-836c-48c4-903e-7357789f9260,3
7564c685-2691-4796-9159-ebd5df4fdc8d,ccea26dd-dcae-4174-8945-ec5cb568e951,21
7564c685-2691-4796-9159-ebd5df4fdc8d,ce400601-651e-4ac9-a43e-ed8d4817b7fd,2
7564c685-2691-4796-9159-ebd5df4fdc8d,d07ef52c-cc10-4445-a3a1-dfe50371f110,12
7564c685-2691-4796-9159-ebd5df4fdc8d,d34e1efc-fbba-4ad8-823a-61bc3f25d580,14
7564c685-2691-4796-9159-ebd5df4fdc8d,d38ca3cf-9803-48dc-8592-c67c4430168e,7
7564c685-2691-4796-9159-ebd5df4fdc8d,d59d1492-57b6-482b-88b6-b2b77c45c33d,1
7564c685-2691-4796-9159-ebd5df4fdc8d,d847851a-777b-43c6-83b3-392672659edc,17
7564c685-2691-4796-9159-ebd5df4fdc8d,da756f9c-3f10-4ab8-9fa8-75812e248959,6
7564c685-2691-4796-9159-ebd5df4fdc8d,dc9f60e4-e1a4-487b-a002-40b3c77ba896,12
7564c685-2691-4796-9159-ebd5df4fdc8d,e5c4753f-d2d8-4a4a-ae9d-62118892a731,2
7564c685-2691-4796-9159-ebd5df4fdc8d,e6cc253d-14cb-437b-be88-4966f5fcb1f5,9
7564c685-2691-4796-9159-ebd5df4fdc8d,e70c3ee3-cca2-4521-abea-b124dcec0952,1
7564c685-2691-4796-9159-ebd5df4fdc8d,ec571f94-11b8-47d7-bb47-fd0d2d7c7f07,1
7564c685-2691-4796-9159-ebd5df4fdc8d,ee32e8d2-aa15-4603-901e-2cc3c72e9ead,7
7564c685-2691-4796-9159-ebd5df4fdc8d,ef8d31db-0876-4998-b0d9-056643260d46,2
7564c685-2691-4796-9159-ebd5df4fdc8d,f23be4bd-7b2b-45dd-be84-4f76f11b624a,2
7564c685-2691-4796-9159-ebd5df4fdc8d,f31cabe4-e1f4-46db-88a9-b46ba44dded4,9
7564c685-2691-4796-9159-ebd5df4fdc8d,fa4d473c-e553-439e-8f53-ca5f2b203dbd,1
75a44c3a-5914-4c8e-9ca4-d987853f5844,762e0f40-f100-4896-85a2-b1d8818fae41,1
75a44c3a-5914-4c8e-9ca4-d987853f5844,77c541d2-49e3-483f-869d-134df420c5ea,32
75a44c3a-5914-4c8e-9ca4-d987853f5844,7954eb2c-1bf5-42af-80dc-85f29b367db0,1
75a44c3a-5914-4c8e-9ca4-d987853f5844,7cbb2d95-46b2-4fcb-b129-9505f56e7f07,19
75a44c3a-5914-4c8e-9ca4-d987853f5844,7d18b6e3-de0c-4aea-bef8-242bbc38e936,10
75a44c3a-5914-4c8e-9ca4-d987853f5844,7dc8c80e-6b9a-47e5-b61f-d57bcb36158f,12
75a44c3a-5914-4c8e-9ca4-d987853f5844,819764fa-3a17-467b-8327-30899ed083b6,20
75a44c3a-5914-4c8e-9ca4-d987853f5844,859e1824-cc60-4304-9293-dca932ebbed2,4
75a44c3a-5914-4c8e-9ca4-d987853f5844,8711c928-b30d-4859-b091-74678ca63e5b,25
75a44c3a-5914-4c8e-9ca4-d987853f5844,88bf9f29-aa91-4ddd-ad2d-b73dfe6706ef,3
75a44c3a-5914-4c8e-9ca4-d987853f5844,89d70a20-bd10-46ed-866a-2c79362a0559,10
75a44c3a-5914-4c8e-9ca4-d987853f5844,935fc903-0272-4f85-84e7-6c22aa9710f3,5
75a44c3a-5914-4c8e-9ca4-d987853f5844,942a29b8-057f-4dba-a8cd-3c35e5a81aaf,6
75a44c3a-5914-4c8e-9ca4-d987853f5844,94f6aaa0-69ed-4721-a62c-c2b592bec175,14
75a44c3a-5914-4c8e-9ca4-d987853f5844,98aa8bde-85b0-49ed-9795-e2eeb206e3b8,64
75a44c3a-5914-4c8e-9ca4-d987853f5844,9ab41898-332f-4c08-a834-d58b4669c990,57
75a44c3a-5914-4c8e-9ca4-d987853f5844,9b13c8c8-eba4-411e-b095-858e352d3178,17
75a44c3a-5914-4c8e-9ca4-d987853f5844,9bf12da8-39ea-4505-9500-764bc440cfc9,2
75a44c3a-5914-4c8e-9ca4-d987853f5844,9c8bc5bc-8d13-4c11-be37-57a43a1d734b,9
75a44c3a-5914-4c8e-9ca4-d987853f5844,9e79de98-e914-4dc8-8dc7-6d7cb09b93d7,6
75a44c3a-5914-4c8e-9ca4-d987853f5844,a1877608-2b03-4620-b854-d57de44cd52e,2
75a44c3a-5914-4c8e-9ca4-d987853f5844,a3b17348-54cf-4bca-82d4-e62bd46c2fbc,1
75a44c3a-5914-4c8e-9ca4-d987853f5844,a437e923-725f-415e-a01d-5588a7af933e,103
75a44c3a-5914-4c8e-9ca4-d987853f5844,a68468b6-51ea-440c-9387-b44ba10ad8b6,87
75a44c3a-5914-4c8e-9ca4-d987853f5844,a901d2d2-35f6-4341-bbfb-38e5d9b21d07,2
75a44c3a-5914-4c8e-9ca4-d987853f5844,ab15ce32-a527-4526-a5b2-0f2cdb92feeb,8
75a44c3a-5914-4c8e-9ca4-d987853f5844,b221afb0-2758-4ace-846a-7bfc33389ad6,18
75a44c3a-5914-4c8e-9ca4-d987853f5844,b29c0e00-7ac2-4c28-ab4f-8fceb156337b,4
75a44c3a-5914-4c8e-9ca4-d987853f5844,b41b2403-9f06-4d55-adc5-b0777373ca7e,28
75a44c3a-5914-4c8e-9ca4-d987853f5844,b50b3f0b-afc8-46e5-bfda-cb60e2935a5a,2
75a44c3a-5914-4c8e-9ca4-d987853f5844,b8d002bc-ea6c-4f57-b36e-38415b205e09,2
75a44c3a-5914-4c8e-9ca4-d987853f5844,ba21eb65-8546-40e5-a425-0d228d0eaeac,20
75a44c3a-5914-4c8e-9ca4-d987853f5844,bb3a9cf3-6f64-4092-85a1-4318244ee603,3
75a44c3a-5914-4c8e-9ca4-d987853f5844,bb6801d4-f671-4ade-aa86-29aa89373dd9,17
75a44c3a-5914-4c8e-9ca4-d987853f5844,bf030048-0434-42f1-bbed-8b0c04014db4,54
75a44c3a-5914-4c8e-9ca4-d987853f5844,c0d8ed4a-ec11-48e2-a468-6cd93327305b,17
75a44c3a-5914-4c8e-9ca4-d987853f5844,c3b1dca8-2cb4-4025-9527-36163a098c1f,3
75a44c3a-5914-4c8e-9ca4-d987853f5844,c6e26bd3-724f-45d3-93af-ef431e6fcd42,8
75a44c3a-5914-4c8e-9ca4-d987853f5844,c7822b58-103f-4612-87ef-648be97192c6,1
75a44c3a-5914-4c8e-9ca4-d987853f5844,c8935902-45d6-45d6-ac31-77bc0e143154,4
75a44c3a-5914-4c8e-9ca4-d987853f5844,cabae19e-836c-48c4-903e-7357789f9260,9
75a44c3a-5914-4c8e-9ca4-d987853f5844,ccea26dd-dcae-4174-8945-ec5cb568e951,3
75a44c3a-5914-4c8e-9ca4-d987853f5844,ce400601-651e-4ac9-a43e-ed8d4817b7fd,6
75a44c3a-5914-4c8e-9ca4-d987853f5844,cfb17042-9f10-4e44-99f4-358bad067455,17
75a44c3a-5914-4c8e-9ca4-d987853f5844,d07ef52c-cc10-4445-a3a1-dfe50371f110,81
75a44c3a-5914-4c8e-9ca4-d987853f5844,d0d8dcbd-4818-4925-a684-13767c7dae0d,1
75a44c3a-5914-4c8e-9ca4-d987853f5844,d1bb566e-a111-43b7-8856-273ebac1f753,2
75a44c3a-5914-4c8e-9ca4-d987853f5844,d34e1efc-fbba-4ad8-823a-61bc3f25d580,23
75a44c3a-5914-4c8e-9ca4-d987853f5844,d38ca3cf-9803-48dc-8592-c67c4430168e,28
75a44c3a-5914-4c8e-9ca4-d987853f5844,d53f00ee-a955-434a-b636-f07d79859c49,92
75a44c3a-5914-4c8e-9ca4-d987853f5844,d59d1492-57b6-482b-88b6-b2b77c45c33d,8
75a44c3a-5914-4c8e-9ca4-d987853f5844,d847851a-777b-43c6-83b3-392672659edc,19
75a44c3a-5914-4c8e-9ca4-d987853f5844,d9e78b0a-0a3b-44ef-acd9-15d6e9e19d60,7
75a44c3a-5914-4c8e-9ca4-d987853f5844,da9f33b0-80ca-49eb-a1ec-def3b46538d9,2
75a44c3a-5914-4c8e-9ca4-d987853f5844,dab4cf29-4843-4261-b09b-973fe98dbf65,2
75a44c3a-5914-4c8e-9ca4-d987853f5844,dae67415-1ed1-4464-a59e-75170eb1925d,11
75a44c3a-5914-4c8e-9ca4-d987853f5844,e5c4753f-d2d8-4a4a-ae9d-62118892a731,12
75a44c3a-5914-4c8e-9ca4-d987853f5844,e6cc253d-14cb-437b-be88-4966f5fcb1f5,16
75a44c3a-5914-4c8e-9ca4-d987853f5844,ee32e8d2-aa15-4603-901e-2cc3c72e9ead,131
75a44c3a-5914-4c8e-9ca4-d987853f5844,f23be4bd-7b2b-45dd-be84-4f76f11b624a,6
75a44c3a-5914-4c8e-9ca4-d987853f5844,f31cabe4-e1f4-46db-88a9-b46ba44dded4,17
75a44c3a-5914-4c8e-9ca4-d987853f5844,fa4d473c-e553-439e-8f53-ca5f2b203dbd,16
75a44c3a-5914-4c8e-9ca4-d987853f5844,fb291eb2-962a-482f-971a-0b62673f9a86,3
75c8786e-c5c2-4d12-95ff-4b804234f062,77c541d2-49e3-483f-869d-134df420c5ea,1
75c8786e-c5c2-4d12-95ff-4b804234f062,7c43c8c2-1958-496c-8060-b0f3bf652992,7
75c8786e-c5c2-4d12-95ff-4b804234f062,819764fa-3a17-467b-8327-30899ed083b6,8
75c8786e-c5c2-4d12-95ff-4b804234f062,84e7ec53-7bec-491e-bec7-19b6b1d359b1,9
75c8786e-c5c2-4d12-95ff-4b804234f062,8f6a5115-367e-4dc2-88c5-1eae50593652,1
75c8786e-c5c2-4d12-95ff-4b804234f062,92fe14f9-9abe-4759-b311-8b635302c2f2,6
75c8786e-c5c2-4d12-95ff-4b804234f062,95b979e4-888d-402d-8167-4f817cea413b,1
75c8786e-c5c2-4d12-95ff-4b804234f062,9b13c8c8-eba4-411e-b095-858e352d3178,1
75c8786e-c5c2-4d12-95ff-4b804234f062,a396ae20-6309-456b-a5ae-e4068dea8a67,9
75c8786e-c5c2-4d12-95ff-4b804234f062,a4074721-5d4d-444a-bb98-1ddbc592a78a,1
75c8786e-c5c2-4d12-95ff-4b804234f062,a59b540b-1460-4aa0-b9ce-19356f87c77e,1
75c8786e-c5c2-4d12-95ff-4b804234f062,aa612b6e-b61d-43a8-8775-c83839a9f6ef,4
75c8786e-c5c2-4d12-95ff-4b804234f062,ab97f146-7308-4a7e-9197-2ef5ee467a95,1
75c8786e-c5c2-4d12-95ff-4b804234f062,ae91b7a3-544d-40c7-8373-815a0bd18cf0,2
75c8786e-c5c2-4d12-95ff-4b804234f062,b4fdf408-8296-4d14-9e95-b4b96dc20751,2
75c8786e-c5c2-4d12-95ff-4b804234f062,b9cfefa1-1e5e-4fd7-a9d5-458e4c3a20db,6
75c8786e-c5c2-4d12-95ff-4b804234f062,bb3a9cf3-6f64-4092-85a1-4318244ee603,1
75c8786e-c5c2-4d12-95ff-4b804234f062,bf97025a-1c30-4042-bffe-948027f24e6c,2
75c8786e-c5c2-4d12-95ff-4b804234f062,c0d8ed4a-ec11-48e2-a468-6cd93327305b,1
75c8786e-c5c2-4d12-95ff-4b804234f062,c60c655f-40ba-47b0-8e93-a2c8d1ff4743,2
75c8786e-c5c2-4d12-95ff-4b804234f062,c6b2bdaf-8c1f-4b88-a8cb-167941b98bfb,2
75c8786e-c5c2-4d12-95ff-4b804234f062,d07ef52c-cc10-4445-a3a1-dfe50371f110,1
75c8786e-c5c2-4d12-95ff-4b804234f062,d847851a-777b-43c6-83b3-392672659edc,1
75c8786e-c5c2-4d12-95ff-4b804234f062,de674538-350f-4a5a-9f8e-fa8f7c4b93ca,2
75c8786e-c5c2-4d12-95ff-4b804234f062,e5c9b4ba-9064-4858-a052-bb3bbecfac4b,1
75c8786e-c5c2-4d12-95ff-4b804234f062,e5f316f0-e4e7-4cf0-a064-ed9321737487,1
75c8786e-c5c2-4d12-95ff-4b804234f062,f6e59e50-f22a-450c-8d4f-8a7072e50277,2
75c8786e-c5c2-4d12-95ff-4b804234f062,fa4d473c-e553-439e-8f53-ca5f2b203dbd,1
762e0f40-f100-4896-85a2-b1d8818fae41,7897cad0-5099-4630-9311-65cc01450063,6
762e0f40-f100-4896-85a2-b1d8818fae41,7c43c8c2-1958-496c-8060-b0f3bf652992,1
762e0f40-f100-4896-85a2-b1d8818fae41,7ca42fe3-e292-4aff-9275-57889d920853,1
762e0f40-f100-4896-85a2-b1d8818fae41,819764fa-3a17-467b-8327-30899ed083b6,17
762e0f40-f100-4896-85a2-b1d8818fae41,88bf9f29-aa91-4ddd-ad2d-b73dfe6706ef,1
762e0f40-f100-4896-85a2-b1d8818fae41,89d70a20-bd10-46ed-866a-2c79362a0559,1
762e0f40-f100-4896-85a2-b1d8818fae41,8f81c0fd-e9cc-42ad-8e93-7bb0456955d3,1
762e0f40-f100-4896-85a2-b1d8818fae41,94f6aaa0-69ed-4721-a62c-c2b592bec175,1
762e0f40-f100-4896-85a2-b1d8818fae41,980a8ae3-b1c7-4912-ab9e-be3e6fd20d36,5
762e0f40-f100-4896-85a2-b1d8818fae41,98aa8bde-85b0-49ed-9795-e2eeb206e3b8,4
762e0f40-f100-4896-85a2-b1d8818fae41,9b13c8c8-eba4-411e-b095-858e352d3178,25
762e0f40-f100-4896-85a2-b1d8818fae41,9bf12da8-39ea-4505-9500-764bc440cfc9,1
762e0f40-f100-4896-85a2-b1d8818fae41,9c8bc5bc-8d13-4c11-be37-57a43a1d734b,1
762e0f40-f100-4896-85a2-b1d8818fae41,a1877608-2b03-4620-b854-d57de44cd52e,1
762e0f40-f100-4896-85a2-b1d8818fae41,a68468b6-51ea-440c-9387-b44ba10ad8b6,1
762e0f40-f100-4896-85a2-b1d8818fae41,a8e4581d-5186-4367-95c5-0a754c60b276,6
762e0f40-f100-4896-85a2-b1d8818fae41,ab15ce32-a527-4526-a5b2-0f2cdb92feeb,2
762e0f40-f100-4896-85a2-b1d8818fae41,ab97f146-7308-4a7e-9197-2ef5ee467a95,1
762e0f40-f100-4896-85a2-b1d8818fae41,b41b2403-9f06-4d55-adc5-b0777373ca7e,7
762e0f40-f100-4896-85a2-b1d8818fae41,b625d2bf-da74-40a2-b013-2069a09dcb6c,5
762e0f40-f100-4896-85a2-b1d8818fae41,ba21eb65-8546-40e5-a425-0d228d0eaeac,5
762e0f40-f100-4896-85a2-b1d8818fae41,bf030048-0434-42f1-bbed-8b0c04014db4,3
762e0f40-f100-4896-85a2-b1d8818fae41,bf494e35-c009-4c74-a5c6-3cb2cd26bb51,44
762e0f40-f100-4896-85a2-b1d8818fae41,bf97025a-1c30-4042-bffe-948027f24e6c,2
762e0f40-f100-4896-85a2-b1d8818fae41,c6e26bd3-724f-45d3-93af-ef431e6fcd42,1
762e0f40-f100-4896-85a2-b1d8818fae41,c8935902-45d6-45d6-ac31-77bc0e143154,23
762e0f40-f100-4896-85a2-b1d8818fae41,c955972d-2702-4d28-8461-262072218f3f,1
762e0f40-f100-4896-85a2-b1d8818fae41,cabae19e-836c-48c4-903e-7357789f9260,1
762e0f40-f100-4896-85a2-b1d8818fae41,ccea26dd-dcae-4174-8945-ec5cb568e951,50
762e0f40-f100-4896-85a2-b1d8818fae41,d07ef52c-cc10-4445-a3a1-dfe50371f110,8
762e0f40-f100-4896-85a2-b1d8818fae41,d1bb566e-a111-43b7-8856-273ebac1f753,1
762e0f40-f100-4896-85a2-b1d8818fae41,d34e1efc-fbba-4ad8-823a-61bc3f25d580,7
762e0f40-f100-4896-85a2-b1d8818fae41,d38ca3cf-9803-48dc-8592-c67c4430168e,57
762e0f40-f100-4896-85a2-b1d8818fae41,d53f00ee-a955-434a-b636-f07d79859c49,4
762e0f40-f100-4896-85a2-b1d8818fae41,d847851a-777b-43c6-83b3-392672659edc,1
762e0f40-f100-4896-85a2-b1d8818fae41,da756f9c-3f10-4ab8-9fa8-75812e248959,1
762e0f40-f100-4896-85a2-b1d8818fae41,da9f33b0-80ca-49eb-a1ec-def3b46538d9,1
762e0f40-f100-4896-85a2-b1d8818fae41,dae67415-1ed1-4464-a59e-75170eb1925d,16
762e0f40-f100-4896-85a2-b1d8818fae41,dc9f60e4-e1a4-487b-a002-40b3c77ba896,3
762e0f40-f100-4896-85a2-b1d8818fae41,e70c3ee3-cca2-4521-abea-b124dcec0952,3
762e0f40-f100-4896-85a2-b1d8818fae41,e85125f3-b7cf-426c-9355-412838893f55,2
762e0f40-f100-4896-85a2-b1d8818fae41,ee32e8d2-aa15-4603-901e-2cc3c72e9ead,5
762e0f40-f100-4896-85a2-b1d8818fae41,f31cabe4-e1f4-46db-88a9-b46ba44dded4,1
77c541d2-49e3-483f-869d-134df420c5ea,7d18b6e3-de0c-4aea-bef8-242bbc38e936,1
77c541d2-49e3-483f-869d-134df420c5ea,7dc8c80e-6b9a-47e5-b61f-d57bcb36158f,12
77c541d2-49e3-483f-869d-134df420c5ea,81552958-ef83-4fab-8a92-6e5b1975c9ef,1
77c541d2-49e3-483f-869d-134df420c5ea,819764fa-3a17-467b-8327-30899ed083b6,1
77c541d2-49e3-483f-869d-134df420c5ea,84e7ec53-7bec-491e-bec7-19b6b1d359b1,4
77c541d2-49e3-483f-869d-134df420c5ea,8711c928-b30d-4859-b091-74678ca63e5b,8
77c541d2-49e3-483f-869d-134df420c5ea,88e0734b-8c03-4daa-8ec5-055e36c07030,2
77c541d2-49e3-483f-869d-134df420c5ea,89d70a20-bd10-46ed-866a-2c79362a0559,7
77c541d2-49e3-483f-869d-134df420c5ea,98aa8bde-85b0-49ed-9795-e2eeb206e3b8,11
77c541d2-49e3-483f-869d-134df420c5ea,9ab41898-332f-4c08-a834-d58b4669c990,13
77c541d2-49e3-483f-869d-134df420c5ea,9b13c8c8-eba4-411e-b095-858e352d3178,6
77c541d2-49e3-483f-869d-134df420c5ea,a396ae20-6309-456b-a5ae-e4068dea8a67,4
77c541d2-49e3-483f-869d-134df420c5ea,a4074721-5d4d-444a-bb98-1ddbc592a78a,1
77c541d2-49e3-483f-869d-134df420c5ea,a59b540b-1460-4aa0-b9ce-19356f87c77e,1
77c541d2-49e3-483f-869d-134df420c5ea,ab15ce32-a527-4526-a5b2-0f2cdb92feeb,13
77c541d2-49e3-483f-869d-134df420c5ea,b221afb0-2758-4ace-846a-7bfc33389ad6,4
77c541d2-49e3-483f-869d-134df420c5ea,b41b2403-9f06-4d55-adc5-b0777373ca7e,12
77c541d2-49e3-483f-869d-134df420c5ea,b8d002bc-ea6c-4f57-b36e-38415b205e09,1
77c541d2-49e3-483f-869d-134df420c5ea,b9cfefa1-1e5e-4fd7-a9d5-458e4c3a20db,6
77c541d2-49e3-483f-869d-134df420c5ea,bb3a9cf3-6f64-4092-85a1-4318244ee603,3
77c541d2-49e3-483f-869d-134df420c5ea,c60c655f-40ba-47b0-8e93-a2c8d1ff4743,1
77c541d2-49e3-483f-869d-134df420c5ea,c6e26bd3-724f-45d3-93af-ef431e6fcd42,7
77c541d2-49e3-483f-869d-134df420c5ea,ccea26dd-dcae-4174-8945-ec5cb568e951,1
77c541d2-49e3-483f-869d-134df420c5ea,cfb17042-9f10-4e44-99f4-358bad067455,3
77c541d2-49e3-483f-869d-134df420c5ea,d07ef52c-cc10-4445-a3a1-dfe50371f110,25
77c541d2-49e3-483f-869d-134df420c5ea,d38ca3cf-9803-48dc-8592-c67c4430168e,1
77c541d2-49e3-483f-869d-134df420c5ea,d53f00ee-a955-434a-b636-f07d79859c49,11
77c541d2-49e3-483f-869d-134df420c5ea,e5f316f0-e4e7-4cf0-a064-ed9321737487,1
77c541d2-49e3-483f-869d-134df420c5ea,e85125f3-b7cf-426c-9355-412838893f55,1
77c541d2-49e3-483f-869d-134df420c5ea,ec571f94-11b8-47d7-bb47-fd0d2d7c7f07,2
77c541d2-49e3-483f-869d-134df420c5ea,ee32e8d2-aa15-4603-901e-2cc3c72e9ead,16
77d2c6f1-3af4-4256-b52f-23fcb7bb8be2,9b13c8c8-eba4-411e-b095-858e352d3178,2
77d2c6f1-3af4-4256-b52f-23fcb7bb8be2,9d2229a5-c46a-485a-9b82-315e270c3e9a,18
77d2c6f1-3af4-4256-b52f-23fcb7bb8be2,b1e4718d-bf16-4b46-91fd-946b42bed3af,18
77d2c6f1-3af4-4256-b52f-23fcb7bb8be2,ba21eb65-8546-40e5-a425-0d228d0eaeac,2
77d2c6f1-3af4-4256-b52f-23fcb7bb8be2,c6b2bdaf-8c1f-4b88-a8cb-167941b98bfb,2
77d2c6f1-3af4-4256-b52f-23fcb7bb8be2,c955972d-2702-4d28-8461-262072218f3f,1
77d2c6f1-3af4-4256-b52f-23fcb7bb8be2,d653bf17-e60f-4512-9258-a68ec026e381,2
77d2c6f1-3af4-4256-b52f-23fcb7bb8be2,d6c2b5eb-b21a-440a-b628-75492d313ffa,1
77d2c6f1-3af4-4256-b52f-23fcb7bb8be2,de674538-350f-4a5a-9f8e-fa8f7c4b93ca,4
77d2c6f1-3af4-4256-b52f-23fcb7bb8be2,e7f0d8e8-4c52-4d0a-8b94-28729046f45b,11
77d2c6f1-3af4-4256-b52f-23fcb7bb8be2,f0ff5ae5-e0e8-4a26-af3a-93c8b5947dc4,31
78464103-e740-4fff-b508-c5377a089cb7,9f3aadb0-0f76-49b8-9e54-126c97fc0ae8,3
78464103-e740-4fff-b508-c5377a089cb7,ac969248-8799-4f53-ad71-76815c79da35,2
78464103-e740-4fff-b508-c5377a089cb7,ae91b7a3-544d-40c7-8373-815a0bd18cf0,1
78464103-e740-4fff-b508-c5377a089cb7,bd954447-a92c-4899-a9a8-4a58569fd4d2,4
78464103-e740-4fff-b508-c5377a089cb7,ee32e8d2-aa15-4603-901e-2cc3c72e9ead,1
7897cad0-5099-4630-9311-65cc01450063,819764fa-3a17-467b-8327-30899ed083b6,14
7897cad0-5099-4630-9311-65cc01450063,85f67e79-5385-444f-9bf0-be01daa37e03,1
7897cad0-5099-4630-9311-65cc01450063,89d70a20-bd10-46ed-866a-2c79362a0559,16
7897cad0-5099-4630-9311-65cc01450063,8f6a5115-367e-4dc2-88c5-1eae50593652,2
7897cad0-5099-4630-9311-65cc01450063,98aa8bde-85b0-49ed-9795-e2eeb206e3b8,31
7897cad0-5099-4630-9311-65cc01450063,9b13c8c8-eba4-411e-b095-858e352d3178,3
7897cad0-5099-4630-9311-65cc01450063,9d2229a5-c46a-485a-9b82-315e270c3e9a,17
7897cad0-5099-4630-9311-65cc01450063,a1877608-2b03-4620-b854-d57de44cd52e,35
7897cad0-5099-4630-9311-65cc01450063,a59b540b-1460-4aa0-b9ce-19356f87c77e,15
7897cad0-5099-4630-9311-65cc01450063,a8e4581d-5186-4367-95c5-0a754c60b276,4
7897cad0-5099-4630-9311-65cc01450063,ab15ce32-a527-4526-a5b2-0f2cdb92feeb,1
7897cad0-5099-4630-9311-65cc01450063,ab97f146-7308-4a7e-9197-2ef5ee467a95,1
7897cad0-5099-4630-9311-65cc01450063,af31a147-9feb-4f6e-8e8a-aeced0fcc56f,1
7897cad0-5099-4630-9311-65cc01450063,b29c0e00-7ac2-4c28-ab4f-8fceb156337b,18
7897cad0-5099-4630-9311-65cc01450063,ba21eb65-8546-40e5-a425-0d228d0eaeac,4
7897cad0-5099-4630-9311-65cc01450063,c6b2bdaf-8c1f-4b88-a8cb-167941b98bfb,1
7897cad0-5099-4630-9311-65cc01450063,c8935902-45d6-45d6-ac31-77bc0e143154,1
7897cad0-5099-4630-9311-65cc01450063,caaae646-de85-453f-b6e0-9b9b4f710f03,4
7897cad0-5099-4630-9311-65cc01450063,cabae19e-836c-48c4-903e-7357789f9260,17
7897cad0-5099-4630-9311-65cc01450063,ccea26dd-dcae-4174-8945-ec5cb568e951,2
7897cad0-5099-4630-9311-65cc01450063,d07ef52c-cc10-4445-a3a1-dfe50371f110,2
7897cad0-5099-4630-9311-65cc01450063,d3023879-e3c7-411b-bb8a-1a0be0ca6035,1
7897cad0-5099-4630-9311-65cc01450063,d53f00ee-a955-434a-b636-f07d79859c49,17
7897cad0-5099-4630-9311-65cc01450063,d6c2b5eb-b21a-440a-b628-75492d313ffa,1
7897cad0-5099-4630-9311-65cc01450063,dc9f60e4-e1a4-487b-a002-40b3c77ba896,23
7897cad0-5099-4630-9311-65cc01450063,e7f0d8e8-4c52-4d0a-8b94-28729046f45b,1
7897cad0-5099-4630-9311-65cc01450063,ee32e8d2-aa15-4603-901e-2cc3c72e9ead,17
7897cad0-5099-4630-9311-65cc01450063,fa4d473c-e553-439e-8f53-ca5f2b203dbd,41
7897cad0-5099-4630-9311-65cc01450063,face7642-1fd8-4ec1-a909-c2579b0bd8d2,27
7954eb2c-1bf5-42af-80dc-85f29b367db0,8349fff0-99b3-449a-bd4d-932ae95b29da,10
7954eb2c-1bf5-42af-80dc-85f29b367db0,859e1824-cc60-4304-9293-dca932ebbed2,1
7954eb2c-1bf5-42af-80dc-85f29b367db0,98aa8bde-85b0-49ed-9795-e2eeb206e3b8,5
7954eb2c-1bf5-42af-80dc-85f29b367db0,9b13c8c8-eba4-411e-b095-858e352d3178,1
7954eb2c-1bf5-42af-80dc-85f29b367db0,a68468b6-51ea-440c-9387-b44ba10ad8b6,1
7954eb2c-1bf5-42af-80dc-85f29b367db0,ab15ce32-a527-4526-a5b2-0f2cdb92feeb,1
7954eb2c-1bf5-42af-80dc-85f29b367db0,b41b2403-9f06-4d55-adc5-b0777373ca7e,1
7954eb2c-1bf5-42af-80dc-85f29b367db0,b50b3f0b-afc8-46e5-bfda-cb60e2935a5a,4
7954eb2c-1bf5-42af-80dc-85f29b367db0,bb6801d4-f671-4ade-aa86-29aa89373dd9,2
7954eb2c-1bf5-42af-80dc-85f29b367db0,c6e26bd3-724f-45d3-93af-ef431e6fcd42,1
7954eb2c-1bf5-42af-80dc-85f29b367db0,ccea26dd-dcae-4174-8945-ec5cb568e951,1
7954eb2c-1bf5-42af-80dc-85f29b367db0,d1bb566e-a111-43b7-8856-273ebac1f753,1
7954eb2c-1bf5-42af-80dc-85f29b367db0,d38ca3cf-9803-48dc-8592-c67c4430168e,21
7954eb2c-1bf5-42af-80dc-85f29b367db0,d847851a-777b-43c6-83b3-392672659edc,2
7954eb2c-1bf5-42af-80dc-85f29b367db0,e6cc253d-14cb-437b-be88-4966f5fcb1f5,1
7954eb2c-1bf5-42af-80dc-85f29b367db0,ec571f94-11b8-47d7-bb47-fd0d2d7c7f07,1
7adae072-f9e6-4c0c-a1ae-fc10e9fad200,a6727ba5-e45d-4f28-b2fb-6bb73d255d81,2
7adae072-f9e6-4c0c-a1ae-fc10e9fad200,e740c2a5-57ae-47ef-bcd2-fbfcca2affc1,2
7adae072-f9e6-4c0c-a1ae-fc10e9fad200,efbd64bd-4263-433f-a3f2-67386477de49,2
7c43c8c2-1958-496c-8060-b0f3bf652992,819764fa-3a17-467b-8327-30899ed083b6,8
7c43c8c2-1958-496c-8060-b0f3bf652992,84e7ec53-7bec-491e-bec7-19b6b1d359b1,2
7c43c8c2-1958-496c-8060-b0f3bf652992,88e0734b-8c03-4daa-8ec5-055e36c07030,4
7c43c8c2-1958-496c-8060-b0f3bf652992,95b979e4-888d-402d-8167-4f817cea413b,3
7c43c8c2-1958-496c-8060-b0f3bf652992,98aa8bde-85b0-49ed-9795-e2eeb206e3b8,2
7c43c8c2-1958-496c-8060-b0f3bf652992,9b13c8c8-eba4-411e-b095-858e352d3178,1
7c43c8c2-1958-496c-8060-b0f3bf652992,9d2229a5-c46a-485a-9b82-315e270c3e9a,1
7c43c8c2-1958-496c-8060-b0f3bf652992,9f0c39d6-4a57-4849-9215-aa1147c7e0f6,1
7c43c8c2-1958-496c-8060-b0f3bf652992,a396ae20-6309-456b-a5ae-e4068dea8a67,3
7c43c8c2-1958-496c-8060-b0f3bf652992,a68468b6-51ea-440c-9387-b44ba10ad8b6,1
7c43c8c2-1958-496c-8060-b0f3bf652992,a8e4581d-5186-4367-95c5-0a754c60b276,1
7c43c8c2-1958-496c-8060-b0f3bf652992,aa316142-d6ee-4138-bf48-37cd7d11d058,1
7c43c8c2-1958-496c-8060-b0f3bf652992,aa612b6e-b61d-43a8-8775-c83839a9f6ef,3
7c43c8c2-1958-496c-8060-b0f3bf652992,ab15ce32-a527-4526-a5b2-0f2cdb92feeb,1
7c43c8c2-1958-496c-8060-b0f3bf652992,ab97f146-7308-4a7e-9197-2ef5ee467a95,4
7c43c8c2-1958-496c-8060-b0f3bf652992,b41b2403-9f06-4d55-adc5-b0777373ca7e,1
7c43c8c2-1958-496c-8060-b0f3bf652992,b9cfefa1-1e5e-4fd7-a9d5-458e4c3a20db,1
7c43c8c2-1958-496c-8060-b0f3bf652992,bb3a9cf3-6f64-4092-85a1-4318244ee603,1
7c43c8c2-1958-496c-8060-b0f3bf652992,c606904d-daef-44ff-bd30-cfdc1e6b5185,1
7c43c8c2-1958-496c-8060-b0f3bf652992,c60c655f-40ba-47b0-8e93-a2c8d1ff4743,2
7c43c8c2-1958-496c-8060-b0f3bf652992,c6b2bdaf-8c1f-4b88-a8cb-167941b98bfb,2
7c43c8c2-1958-496c-8060-b0f3bf652992,ccea26dd-dcae-4174-8945-ec5cb568e951,1
7c43c8c2-1958-496c-8060-b0f3bf652992,cd02edbc-106e-46d1-8d70-6594741356ea,1
7c43c8c2-1958-496c-8060-b0f3bf652992,d1bb566e-a111-43b7-8856-273ebac1f753,1
7c43c8c2-1958-496c-8060-b0f3bf652992,d38ca3cf-9803-48dc-8592-c67c4430168e,1
7c43c8c2-1958-496c-8060-b0f3bf652992,d847851a-777b-43c6-83b3-392672659edc,4
7c43c8c2-1958-496c-8060-b0f3bf652992,ddaff486-ef62-4200-aeb9-eeb4bedcc620,1
7c43c8c2-1958-496c-8060-b0f3bf652992,de076177-b820-4aff-9629-6829277e1c16,1
7c43c8c2-1958-496c-8060-b0f3bf652992,de674538-350f-4a5a-9f8e-fa8f7c4b93ca,4
7c43c8c2-1958-496c-8060-b0f3bf652992,e5c9b4ba-9064-4858-a052-bb3bbecfac4b,1
7c43c8c2-1958-496c-8060-b0f3bf652992,e70c3ee3-cca2-4521-abea-b124dcec0952,1
7c43c8c2-1958-496c-8060-b0f3bf652992,f31cabe4-e1f4-46db-88a9-b46ba44dded4,1
7c43c8c2-1958-496c-8060-b0f3bf652992,fa4d473c-e553-439e-8f53-ca5f2b203dbd,1
7ca42fe3-e292-4aff-9275-57889d920853,a8e4581d-5186-4367-95c5-0a754c60b276,2
7ca42fe3-e292-4aff-9275-57889d920853,d38ca3cf-9803-48dc-8592-c67c4430168e,1
7ca42fe3-e292-4aff-9275-57889d920853,dab4cf29-4843-4261-b09b-973fe98dbf65,1
7ca42fe3-e292-4aff-9275-57889d920853,e70c3ee3-cca2-4521-abea-b124dcec0952,1
7ca42fe3-e292-4aff-9275-57889d920853,ee32e8d2-aa15-4603-901e-2cc3c72e9ead,4
7ca42fe3-e292-4aff-9275-57889d920853,fa4d473c-e553-439e-8f53-ca5f2b203dbd,1
7cbb2d95-46b2-4fcb-b129-9505f56e7f07,7d18b6e3-de0c-4aea-bef8-242bbc38e936,19
7cbb2d95-46b2-4fcb-b129-9505f56e7f07,8349fff0-99b3-449a-bd4d-932ae95b29da,18
7cbb2d95-46b2-4fcb-b129-9505f56e7f07,8509e44d-0f9b-413a-a2cd-f64d656c3955,1
7cbb2d95-46b2-4fcb-b129-9505f56e7f07,859e1824-cc60-4304-9293-dca932ebbed2,14
7cbb2d95-46b2-4fcb-b129-9505f56e7f07,8767e9de-869e-4e8a-940f-1a63d15eab3c,3
7cbb2d95-46b2-4fcb-b129-9505f56e7f07,88bf9f29-aa91-4ddd-ad2d-b73dfe6706ef,16
7cbb2d95-46b2-4fcb-b129-9505f56e7f07,89d70a20-bd10-46ed-866a-2c79362a0559,4
7cbb2d95-46b2-4fcb-b129-9505f56e7f07,8ba16b4b-5dc1-441e-9229-8bb63c903ce1,13
7cbb2d95-46b2-4fcb-b129-9505f56e7f07,8ee20f38-f3f0-4ff9-b5d9-84557b5ddcb1,2
7cbb2d95-46b2-4fcb-b129-9505f56e7f07,942a29b8-057f-4dba-a8cd-3c35e5a81aaf,14
7cbb2d95-46b2-4fcb-b129-9505f56e7f07,94f6aaa0-69ed-4721-a62c-c2b592bec175,13
7cbb2d95-46b2-4fcb-b129-9505f56e7f07,950c21d2-8a14-406d-b3af-877360bbd0ab,19
7cbb2d95-46b2-4fcb-b129-9505f56e7f07,97ffe642-648f-4dab-a0e8-0720e96e3e35,6
7cbb2d95-46b2-4fcb-b129-9505f56e7f07,980a8ae3-b1c7-4912-ab9e-be3e6fd20d36,2
7cbb2d95-46b2-4fcb-b129-9505f56e7f07,98aa8bde-85b0-49ed-9795-e2eeb206e3b8,25
7cbb2d95-46b2-4fcb-b129-9505f56e7f07,9b13c8c8-eba4-411e-b095-858e352d3178,7
7cbb2d95-46b2-4fcb-b129-9505f56e7f07,9e79de98-e914-4dc8-8dc7-6d7cb09b93d7,18
7cbb2d95-46b2-4fcb-b129-9505f56e7f07,9f0c39d6-4a57-4849-9215-aa1147c7e0f6,3
7cbb2d95-46b2-4fcb-b129-9505f56e7f07,9f855643-68a2-409e-b4fe-81b92547212a,5
7cbb2d95-46b2-4fcb-b129-9505f56e7f07,a04d4b85-56f0-448f-b5e8-28b5340af204,13
7cbb2d95-46b2-4fcb-b129-9505f56e7f07,a437e923-725f-415e-a01d-5588a7af933e,50
7cbb2d95-46b2-4fcb-b129-9505f56e7f07,a68468b6-51ea-440c-9387-b44ba10ad8b6,21
7cbb2d95-46b2-4fcb-b129-9505f56e7f07,a8e4581d-5186-4367-95c5-0a754c60b276,7
7cbb2d95-46b2-4fcb-b129-9505f56e7f07,ab15ce32-a527-4526-a5b2-0f2cdb92feeb,12
7cbb2d95-46b2-4fcb-b129-9505f56e7f07,b41b2403-9f06-4d55-adc5-b0777373ca7e,24
7cbb2d95-46b2-4fcb-b129-9505f56e7f07,b625d2bf-da74-40a2-b013-2069a09dcb6c,1
7cbb2d95-46b2-4fcb-b129-9505f56e7f07,b7a52679-bac9-4e00-9dfd-06a22a7cf088,1
7cbb2d95-46b2-4fcb-b129-9505f56e7f07,b8d002bc-ea6c-4f57-b36e-38415b205e09,5
7cbb2d95-46b2-4fcb-b129-9505f56e7f07,bf030048-0434-42f1-bbed-8b0c04014db4,25
7cbb2d95-46b2-4fcb-b129-9505f56e7f07,c0d8ed4a-ec11-48e2-a468-6cd93327305b,11
7cbb2d95-46b2-4fcb-b129-9505f56e7f07,c4f7c468-721e-4953-97f2-bff05fe570c4,2
7cbb2d95-46b2-4fcb-b129-9505f56e7f07,c6e26bd3-724f-45d3-93af-ef431e6fcd42,4
7cbb2d95-46b2-4fcb-b129-9505f56e7f07,c7822b58-103f-4612-87ef-648be97192c6,11
7cbb2d95-46b2-4fcb-b129-9505f56e7f07,cabae19e-836c-48c4-903e-7357789f9260,2
7cbb2d95-46b2-4fcb-b129-9505f56e7f07,ccea26dd-dcae-4174-8945-ec5cb568e951,20
7cbb2d95-46b2-4fcb-b129-9505f56e7f07,d07ef52c-cc10-4445-a3a1-dfe50371f110,1
7cbb2d95-46b2-4fcb-b129-9505f56e7f07,d0d8dcbd-4818-4925-a684-13767c7dae0d,1
7cbb2d95-46b2-4fcb-b129-9505f56e7f07,d34e1efc-fbba-4ad8-823a-61bc3f25d580,28
7cbb2d95-46b2-4fcb-b129-9505f56e7f07,d59d1492-57b6-482b-88b6-b2b77c45c33d,1
7cbb2d95-46b2-4fcb-b129-9505f56e7f07,d642dcc9-3f86-49d1-96c9-ae2771d1e89a,1
7cbb2d95-46b2-4fcb-b129-9505f56e7f07,d847851a-777b-43c6-83b3-392672659edc,15
7cbb2d95-46b2-4fcb-b129-9505f56e7f07,d9e78b0a-0a3b-44ef-acd9-15d6e9e19d60,5
7cbb2d95-46b2-4fcb-b129-9505f56e7f07,da756f9c-3f10-4ab8-9fa8-75812e248959,16
7cbb2d95-46b2-4fcb-b129-9505f56e7f07,dab4cf29-4843-4261-b09b-973fe98dbf65,9
7cbb2d95-46b2-4fcb-b129-9505f56e7f07,e5c4753f-d2d8-4a4a-ae9d-62118892a731,22
7cbb2d95-46b2-4fcb-b129-9505f56e7f07,e5f316f0-e4e7-4cf0-a064-ed9321737487,1
7cbb2d95-46b2-4fcb-b129-9505f56e7f07,e6cc253d-14cb-437b-be88-4966f5fcb1f5,21
7cbb2d95-46b2-4fcb-b129-9505f56e7f07,ea21d788-7cfe-41ff-b22f-0664397139af,3
7cbb2d95-46b2-4fcb-b129-9505f56e7f07,ec571f94-11b8-47d7-bb47-fd0d2d7c7f07,5
7cbb2d95-46b2-4fcb-b129-9505f56e7f07,ee32e8d2-aa15-4603-901e-2cc3c72e9ead,29
7cbb2d95-46b2-4fcb-b129-9505f56e7f07,ef8d31db-0876-4998-b0d9-056643260d46,2
7cbb2d95-46b2-4fcb-b129-9505f56e7f07,f23be4bd-7b2b-45dd-be84-4f76f11b624a,1
7cbb2d95-46b2-4fcb-b129-9505f56e7f07,f289b7eb-f6ba-415b-90d9-1124c652637c,6
7cbb2d95-46b2-4fcb-b129-9505f56e7f07,f31cabe4-e1f4-46db-88a9-b46ba44dded4,3
7cbb2d95-46b2-4fcb-b129-9505f56e7f07,fa4d473c-e553-439e-8f53-ca5f2b203dbd,2
7cbb2d95-46b2-4fcb-b129-9505f56e7f07,fb291eb2-962a-482f-971a-0b62673f9a86,1
7cbb2d95-46b2-4fcb-b129-9505f56e7f07,fdc445bd-f8fe-4cfc-b387-7fd66a181674,1
7d18b6e3-de0c-4aea-bef8-242bbc38e936,8133067c-1a90-482b-9ee4-e585a096ffb5,1
7d18b6e3-de0c-4aea-bef8-242bbc38e936,81d3a9a6-03c1-424b-873f-2df53af69e6c,1
7d18b6e3-de0c-4aea-bef8-242bbc38e936,859e1824-cc60-4304-9293-dca932ebbed2,2
7d18b6e3-de0c-4aea-bef8-242bbc38e936,88bf9f29-aa91-4ddd-ad2d-b73dfe6706ef,3
7d18b6e3-de0c-4aea-bef8-242bbc38e936,89d70a20-bd10-46ed-866a-2c79362a0559,3
7d18b6e3-de0c-4aea-bef8-242bbc38e936,8ba16b4b-5dc1-441e-9229-8bb63c903ce1,3
7d18b6e3-de0c-4aea-bef8-242bbc38e936,8f6a5115-367e-4dc2-88c5-1eae50593652,7
7d18b6e3-de0c-4aea-bef8-242bbc38e936,935fc903-0272-4f85-84e7-6c22aa9710f3,1
7d18b6e3-de0c-4aea-bef8-242bbc38e936,942a29b8-057f-4dba-a8cd-3c35e5a81aaf,1
7d18b6e3-de0c-4aea-bef8-242bbc38e936,94f6aaa0-69ed-4721-a62c-c2b592bec175,12
7d18b6e3-de0c-4aea-bef8-242bbc38e936,98aa8bde-85b0-49ed-9795-e2eeb206e3b8,18
7d18b6e3-de0c-4aea-bef8-242bbc38e936,990c794a-2170-435a-8c43-97d4fd0e621e,1
7d18b6e3-de0c-4aea-bef8-242bbc38e936,99c6218e-8f0c-45d4-bd24-f300c6cfcb2f,7
7d18b6e3-de0c-4aea-bef8-242bbc38e936,9ab41898-332f-4c08-a834-d58b4669c990,3
7d18b6e3-de0c-4aea-bef8-242bbc38e936,9b13c8c8-eba4-411e-b095-858e352d3178,4
7d18b6e3-de0c-4aea-bef8-242bbc38e936,9bf12da8-39ea-4505-9500-764bc440cfc9,1
7d18b6e3-de0c-4aea-bef8-242bbc38e936,9e79de98-e914-4dc8-8dc7-6d7cb09b93d7,1
7d18b6e3-de0c-4aea-bef8-242bbc38e936,a437e923-725f-415e-a01d-5588a7af933e,19
7d18b6e3-de0c-4aea-bef8-242bbc38e936,a68468b6-51ea-440c-9387-b44ba10ad8b6,7
7d18b6e3-de0c-4aea-bef8-242bbc38e936,aa0272f6-6e3c-41f7-b040-b774b30d2196,4
7d18b6e3-de0c-4aea-bef8-242bbc38e936,ab15ce32-a527-4526-a5b2-0f2cdb92feeb,19
7d18b6e3-de0c-4aea-bef8-242bbc38e936,b41b2403-9f06-4d55-adc5-b0777373ca7e,12
7d18b6e3-de0c-4aea-bef8-242bbc38e936,b4fdf408-8296-4d14-9e95-b4b96dc20751,15
7d18b6e3-de0c-4aea-bef8-242bbc38e936,bd954447-a92c-4899-a9a8-4a58569fd4d2,35
7d18b6e3-de0c-4aea-bef8-242bbc38e936,bf030048-0434-42f1-bbed-8b0c04014db4,11
7d18b6e3-de0c-4aea-bef8-242bbc38e936,c0d8ed4a-ec11-48e2-a468-6cd93327305b,1
7d18b6e3-de0c-4aea-bef8-242bbc38e936,c6e26bd3-724f-45d3-93af-ef431e6fcd42,2
7d18b6e3-de0c-4aea-bef8-242bbc38e936,cabae19e-836c-48c4-903e-7357789f9260,1
7d18b6e3-de0c-4aea-bef8-242bbc38e936,ccea26dd-dcae-4174-8945-ec5cb568e951,4
7d18b6e3-de0c-4aea-bef8-242bbc38e936,cefbf19c-653b-4af7-84a6-e17fba0e4a70,2
7d18b6e3-de0c-4aea-bef8-242bbc38e936,cfd07390-25a9-4fdb-bced-8a463530bf51,1
7d18b6e3-de0c-4aea-bef8-242bbc38e936,d07ef52c-cc10-4445-a3a1-dfe50371f110,1
7d18b6e3-de0c-4aea-bef8-242bbc38e936,d34e1efc-fbba-4ad8-823a-61bc3f25d580,4
7d18b6e3-de0c-4aea-bef8-242bbc38e936,d38ca3cf-9803-48dc-8592-c67c4430168e,1
7d18b6e3-de0c-4aea-bef8-242bbc38e936,d847851a-777b-43c6-83b3-392672659edc,6
7d18b6e3-de0c-4aea-bef8-242bbc38e936,e10065e1-776d-4bf3-8669-56788c453079,1
7d18b6e3-de0c-4aea-bef8-242bbc38e936,e6cc253d-14cb-437b-be88-4966f5fcb1f5,1
7d18b6e3-de0c-4aea-bef8-242bbc38e936,e85125f3-b7cf-426c-9355-412838893f55,17
7d18b6e3-de0c-4aea-bef8-242bbc38e936,ec571f94-11b8-47d7-bb47-fd0d2d7c7f07,1
7d18b6e3-de0c-4aea-bef8-242bbc38e936,edb8800b-6f1b-4e13-be0a-5b88fbd13c82,2
7d18b6e3-de0c-4aea-bef8-242bbc38e936,edefa48b-f14e-4ec3-ab3c-dfe2aa0126ec,1
7d18b6e3-de0c-4aea-bef8-242bbc38e936,ee32e8d2-aa15-4603-901e-2cc3c72e9ead,25
7d18b6e3-de0c-4aea-bef8-242bbc38e936,f31cabe4-e1f4-46db-88a9-b46ba44dded4,4
7d18b6e3-de0c-4aea-bef8-242bbc38e936,fa4d473c-e553-439e-8f53-ca5f2b203dbd,23
7d18b6e3-de0c-4aea-bef8-242bbc38e936,fdc445bd-f8fe-4cfc-b387-7fd66a181674,21
7dc8c80e-6b9a-47e5-b61f-d57bcb36158f,98aa8bde-85b0-49ed-9795-e2eeb206e3b8,8
7dc8c80e-6b9a-47e5-b61f-d57bcb36158f,9ab41898-332f-4c08-a834-d58b4669c990,9
7dc8c80e-6b9a-47e5-b61f-d57bcb36158f,9b13c8c8-eba4-411e-b095-858e352d3178,1
7dc8c80e-6b9a-47e5-b61f-d57bcb36158f,9bf12da8-39ea-4505-9500-764bc440cfc9,2
7dc8c80e-6b9a-47e5-b61f-d57bcb36158f,aa0272f6-6e3c-41f7-b040-b774b30d2196,2
7dc8c80e-6b9a-47e5-b61f-d57bcb36158f,ad8654f3-811a-4a63-ab7a-01bf76347caa,1
7dc8c80e-6b9a-47e5-b61f-d57bcb36158f,b29c0e00-7ac2-4c28-ab4f-8fceb156337b,1
7dc8c80e-6b9a-47e5-b61f-d57bcb36158f,b8663b71-f92b-4d2b-a06b-f78dba168d98,1
7dc8c80e-6b9a-47e5-b61f-d57bcb36158f,bb3a9cf3-6f64-4092-85a1-4318244ee603,1
7dc8c80e-6b9a-47e5-b61f-d57bcb36158f,c0d8ed4a-ec11-48e2-a468-6cd93327305b,5
7dc8c80e-6b9a-47e5-b61f-d57bcb36158f,d07ef52c-cc10-4445-a3a1-dfe50371f110,11
7dc8c80e-6b9a-47e5-b61f-d57bcb36158f,d53f00ee-a955-434a-b636-f07d79859c49,10
7dc8c80e-6b9a-47e5-b61f-d57bcb36158f,ee32e8d2-aa15-4603-901e-2cc3c72e9ead,9
7f11ad79-297b-4b42-9fe0-f3fd38a470a9,95b979e4-888d-402d-8167-4f817cea413b,3
7f11ad79-297b-4b42-9fe0-f3fd38a470a9,aa316142-d6ee-4138-bf48-37cd7d11d058,1
7f11ad79-297b-4b42-9fe0-f3fd38a470a9,ab97f146-7308-4a7e-9197-2ef5ee467a95,3
7f11ad79-297b-4b42-9fe0-f3fd38a470a9,cf4c4d24-798d-4bbe-bf06-23ca674f0d28,4
7f11ad79-297b-4b42-9fe0-f3fd38a470a9,d1bb566e-a111-43b7-8856-273ebac1f753,6
7f11ad79-297b-4b42-9fe0-f3fd38a470a9,d847851a-777b-43c6-83b3-392672659edc,1
7f11ad79-297b-4b42-9fe0-f3fd38a470a9,fcdd8eba-ce4c-40ad-b68e-4fe542abd6b3,1
808636f6-10d2-4ed6-a5fe-f98ab3fcbbee,88e0734b-8c03-4daa-8ec5-055e36c07030,1
808636f6-10d2-4ed6-a5fe-f98ab3fcbbee,89d70a20-bd10-46ed-866a-2c79362a0559,2
808636f6-10d2-4ed6-a5fe-f98ab3fcbbee,8f6a5115-367e-4dc2-88c5-1eae50593652,1
808636f6-10d2-4ed6-a5fe-f98ab3fcbbee,935fc903-0272-4f85-84e7-6c22aa9710f3,1
808636f6-10d2-4ed6-a5fe-f98ab3fcbbee,9431dc1b-9891-4d15-aaf1-b98e347c3b46,1
808636f6-10d2-4ed6-a5fe-f98ab3fcbbee,99c6218e-8f0c-45d4-bd24-f300c6cfcb2f,1
808636f6-10d2-4ed6-a5fe-f98ab3fcbbee,9b13c8c8-eba4-411e-b095-858e352d3178,5
808636f6-10d2-4ed6-a5fe-f98ab3fcbbee,9bf12da8-39ea-4505-9500-764bc440cfc9,1
808636f6-10d2-4ed6-a5fe-f98ab3fcbbee,a4074721-5d4d-444a-bb98-1ddbc592a78a,18
808636f6-10d2-4ed6-a5fe-f98ab3fcbbee,aa0272f6-6e3c-41f7-b040-b774b30d2196,5
808636f6-10d2-4ed6-a5fe-f98ab3fcbbee,ad44b24f-bb14-4f4a-a476-3cbbb3e9cdb0,1
808636f6-10d2-4ed6-a5fe-f98ab3fcbbee,ae91b7a3-544d-40c7-8373-815a0bd18cf0,5
808636f6-10d2-4ed6-a5fe-f98ab3fcbbee,b3230578-426f-4b84-bfe2-6a8136c6a3af,7
808636f6-10d2-4ed6-a5fe-f98ab3fcbbee,b4fdf408-8296-4d14-9e95-b4b96dc20751,11
808636f6-10d2-4ed6-a5fe-f98ab3fcbbee,bb3a9cf3-6f64-4092-85a1-4318244ee603,1
808636f6-10d2-4ed6-a5fe-f98ab3fcbbee,bb6801d4-f671-4ade-aa86-29aa89373dd9,1
808636f6-10d2-4ed6-a5fe-f98ab3fcbbee,bf030048-0434-42f1-bbed-8b0c04014db4,1
808636f6-10d2-4ed6-a5fe-f98ab3fcbbee,bf97025a-1c30-4042-bffe-948027f24e6c,3
808636f6-10d2-4ed6-a5fe-f98ab3fcbbee,c0648a21-11c6-4b4f-a4be-205d7dcbb746,9
808636f6-10d2-4ed6-a5fe-f98ab3fcbbee,c0d8ed4a-ec11-48e2-a468-6cd93327305b,1
808636f6-10d2-4ed6-a5fe-f98ab3fcbbee,d07ef52c-cc10-4445-a3a1-dfe50371f110,2
808636f6-10d2-4ed6-a5fe-f98ab3fcbbee,d847851a-777b-43c6-83b3-392672659edc,1
808636f6-10d2-4ed6-a5fe-f98ab3fcbbee,da9f33b0-80ca-49eb-a1ec-def3b46538d9,1
808636f6-10d2-4ed6-a5fe-f98ab3fcbbee,e10065e1-776d-4bf3-8669-56788c453079,1
808636f6-10d2-4ed6-a5fe-f98ab3fcbbee,fa4d473c-e553-439e-8f53-ca5f2b203dbd,22
808636f6-10d2-4ed6-a5fe-f98ab3fcbbee,fd45195f-c35d-47c9-844e-a5893e10839e,3
808636f6-10d2-4ed6-a5fe-f98ab3fcbbee,fdc445bd-f8fe-4cfc-b387-7fd66a181674,2
80d891ee-7f80-4d4f-b486-3b0d1a9fd67a,8133067c-1a90-482b-9ee4-e585a096ffb5,1
80d891ee-7f80-4d4f-b486-3b0d1a9fd67a,81d3a9a6-03c1-424b-873f-2df53af69e6c,1
80d891ee-7f80-4d4f-b486-3b0d1a9fd67a,83a1ccbf-fe6a-4f7a-a0d0-4cf90337ab90,2
80d891ee-7f80-4d4f-b486-3b0d1a9fd67a,935fc903-0272-4f85-84e7-6c22aa9710f3,1
80d891ee-7f80-4d4f-b486-3b0d1a9fd67a,974099ff-20a6-4119-84be-96e244befc55,1
80d891ee-7f80-4d4f-b486-3b0d1a9fd67a,a900b4e7-92d9-4903-ab21-3189f17fe2e0,2
80d891ee-7f80-4d4f-b486-3b0d1a9fd67a,bd954447-a92c-4899-a9a8-4a58569fd4d2,5
80d891ee-7f80-4d4f-b486-3b0d1a9fd67a,bf030048-0434-42f1-bbed-8b0c04014db4,3
80d891ee-7f80-4d4f-b486-3b0d1a9fd67a,c1c11045-81c6-43a3-96e4-4cc6d5f2fbb4,1
80d891ee-7f80-4d4f-b486-3b0d1a9fd67a,cf4c4d24-798d-4bbe-bf06-23ca674f0d28,2
80d891ee-7f80-4d4f-b486-3b0d1a9fd67a,d1bb566e-a111-43b7-8856-273ebac1f753,1
80d891ee-7f80-4d4f-b486-3b0d1a9fd67a,ddaff486-ef62-4200-aeb9-eeb4bedcc620,1
80d891ee-7f80-4d4f-b486-3b0d1a9fd67a,e6e673f5-f0a7-4d34-a6aa-d2f12fed24ed,1
8129f279-1ddd-45e3-8de4-e9ceb5a68d34,8f6a5115-367e-4dc2-88c5-1eae50593652,1
8129f279-1ddd-45e3-8de4-e9ceb5a68d34,a4074721-5d4d-444a-bb98-1ddbc592a78a,2
8129f279-1ddd-45e3-8de4-e9ceb5a68d34,aa316142-d6ee-4138-bf48-37cd7d11d058,1
8129f279-1ddd-45e3-8de4-e9ceb5a68d34,c128a46d-ebd9-4ee9-80cc-16bfe505e539,1
8129f279-1ddd-45e3-8de4-e9ceb5a68d34,cefbf19c-653b-4af7-84a6-e17fba0e4a70,1
8129f279-1ddd-45e3-8de4-e9ceb5a68d34,cf4c4d24-798d-4bbe-bf06-23ca674f0d28,2
8129f279-1ddd-45e3-8de4-e9ceb5a68d34,d1bb566e-a111-43b7-8856-273ebac1f753,2
8129f279-1ddd-45e3-8de4-e9ceb5a68d34,d847851a-777b-43c6-83b3-392672659edc,5
8129f279-1ddd-45e3-8de4-e9ceb5a68d34,e5f316f0-e4e7-4cf0-a064-ed9321737487,1
8129f279-1ddd-45e3-8de4-e9ceb5a68d34,e6cc253d-14cb-437b-be88-4966f5fcb1f5,1
8129f279-1ddd-45e3-8de4-e9ceb5a68d34,e7f0d8e8-4c52-4d0a-8b94-28729046f45b,2
8129f279-1ddd-45e3-8de4-e9ceb5a68d34,f29c0ba8-4d4a-4cca-bb1b-229f68b4ae6a,3
8129f279-1ddd-45e3-8de4-e9ceb5a68d34,fa4d473c-e553-439e-8f53-ca5f2b203dbd,4
8133067c-1a90-482b-9ee4-e585a096ffb5,974099ff-20a6-4119-84be-96e244befc55,1
8133067c-1a90-482b-9ee4-e585a096ffb5,a900b4e7-92d9-4903-ab21-3189f17fe2e0,3
8133067c-1a90-482b-9ee4-e585a096ffb5,ac61813c-2d49-4318-b5d0-32e3559b8db4,2
8133067c-1a90-482b-9ee4-e585a096ffb5,bd954447-a92c-4899-a9a8-4a58569fd4d2,10
8133067c-1a90-482b-9ee4-e585a096ffb5,c606904d-daef-44ff-bd30-cfdc1e6b5185,1
8133067c-1a90-482b-9ee4-e585a096ffb5,e5c9b4ba-9064-4858-a052-bb3bbecfac4b,1
8133067c-1a90-482b-9ee4-e585a096ffb5,edefa48b-f14e-4ec3-ab3c-dfe2aa0126ec,1
8133067c-1a90-482b-9ee4-e585a096ffb5,eef0e09f-c709-4de5-8b44-086876d5f631,7
8133067c-1a90-482b-9ee4-e585a096ffb5,fdc445bd-f8fe-4cfc-b387-7fd66a181674,20
81552958-ef83-4fab-8a92-6e5b1975c9ef,84e7ec53-7bec-491e-bec7-19b6b1d359b1,4
81552958-ef83-4fab-8a92-6e5b1975c9ef,92fe14f9-9abe-4759-b311-8b635302c2f2,2
81552958-ef83-4fab-8a92-6e5b1975c9ef,98aa8bde-85b0-49ed-9795-e2eeb206e3b8,1
81552958-ef83-4fab-8a92-6e5b1975c9ef,a901d2d2-35f6-4341-bbfb-38e5d9b21d07,1
81552958-ef83-4fab-8a92-6e5b1975c9ef,c128a46d-ebd9-4ee9-80cc-16bfe505e539,1
81552958-ef83-4fab-8a92-6e5b1975c9ef,c60c655f-40ba-47b0-8e93-a2c8d1ff4743,1
81552958-ef83-4fab-8a92-6e5b1975c9ef,e5f316f0-e4e7-4cf0-a064-ed9321737487,5
81552958-ef83-4fab-8a92-6e5b1975c9ef,fd45195f-c35d-47c9-844e-a5893e10839e,1
819764fa-3a17-467b-8327-30899ed083b6,84e7ec53-7bec-491e-bec7-19b6b1d359b1,2
819764fa-3a17-467b-8327-30899ed083b6,8711c928-b30d-4859-b091-74678ca63e5b,9
819764fa-3a17-467b-8327-30899ed083b6,88e0734b-8c03-4daa-8ec5-055e36c07030,8
819764fa-3a17-467b-8327-30899ed083b6,89d70a20-bd10-46ed-866a-2c79362a0559,11
819764fa-3a17-467b-8327-30899ed083b6,935fc903-0272-4f85-84e7-6c22aa9710f3,9
819764fa-3a17-467b-8327-30899ed083b6,942a29b8-057f-4dba-a8cd-3c35e5a81aaf,1
819764fa-3a17-467b-8327-30899ed083b6,94f6aaa0-69ed-4721-a62c-c2b592bec175,5
819764fa-3a17-467b-8327-30899ed083b6,97ffe642-648f-4dab-a0e8-0720e96e3e35,1
819764fa-3a17-467b-8327-30899ed083b6,980a8ae3-b1c7-4912-ab9e-be3e6fd20d36,11
819764fa-3a17-467b-8327-30899ed083b6,98aa8bde-85b0-49ed-9795-e2eeb206e3b8,35
819764fa-3a17-467b-8327-30899ed083b6,9b13c8c8-eba4-411e-b095-858e352d3178,15
819764fa-3a17-467b-8327-30899ed083b6,9bf12da8-39ea-4505-9500-764bc440cfc9,8
819764fa-3a17-467b-8327-30899ed083b6,9d2229a5-c46a-485a-9b82-315e270c3e9a,12
819764fa-3a17-467b-8327-30899ed083b6,9f0c39d6-4a57-4849-9215-aa1147c7e0f6,2
819764fa-3a17-467b-8327-30899ed083b6,a1877608-2b03-4620-b854-d57de44cd52e,2
819764fa-3a17-467b-8327-30899ed083b6,a396ae20-6309-456b-a5ae-e4068dea8a67,13
819764fa-3a17-467b-8327-30899ed083b6,a59b540b-1460-4aa0-b9ce-19356f87c77e,7
819764fa-3a17-467b-8327-30899ed083b6,a68468b6-51ea-440c-9387-b44ba10ad8b6,1
819764fa-3a17-467b-8327-30899ed083b6,aa612b6e-b61d-43a8-8775-c83839a9f6ef,14
819764fa-3a17-467b-8327-30899ed083b6,ab15ce32-a527-4526-a5b2-0f2cdb92feeb,50
819764fa-3a17-467b-8327-30899ed083b6,ab97f146-7308-4a7e-9197-2ef5ee467a95,78
819764fa-3a17-467b-8327-30899ed083b6,ac61813c-2d49-4318-b5d0-32e3559b8db4,7
819764fa-3a17-467b-8327-30899ed083b6,b29c0e00-7ac2-4c28-ab4f-8fceb156337b,10
819764fa-3a17-467b-8327-30899ed083b6,b41b2403-9f06-4d55-adc5-b0777373ca7e,16
819764fa-3a17-467b-8327-30899ed083b6,b6c27e98-0f7f-42a2-9fae-50b5f8ca76cc,10
819764fa-3a17-467b-8327-30899ed083b6,b9cfefa1-1e5e-4fd7-a9d5-458e4c3a20db,1
819764fa-3a17-467b-8327-30899ed083b6,ba21eb65-8546-40e5-a425-0d228d0eaeac,46
819764fa-3a17-467b-8327-30899ed083b6,bb3a9cf3-6f64-4092-85a1-4318244ee603,9
819764fa-3a17-467b-8327-30899ed083b6,bb6801d4-f671-4ade-aa86-29aa89373dd9,2
819764fa-3a17-467b-8327-30899ed083b6,bd954447-a92c-4899-a9a8-4a58569fd4d2,2
819764fa-3a17-467b-8327-30899ed083b6,bf030048-0434-42f1-bbed-8b0c04014db4,2
819764fa-3a17-467b-8327-30899ed083b6,bf494e35-c009-4c74-a5c6-3cb2cd26bb51,4
819764fa-3a17-467b-8327-30899ed083b6,c0d8ed4a-ec11-48e2-a468-6cd93327305b,21
819764fa-3a17-467b-8327-30899ed083b6,c1c11045-81c6-43a3-96e4-4cc6d5f2fbb4,2
819764fa-3a17-467b-8327-30899ed083b6,c3b1dca8-2cb4-4025-9527-36163a098c1f,4
819764fa-3a17-467b-8327-30899ed083b6,c60c655f-40ba-47b0-8e93-a2c8d1ff4743,2
819764fa-3a17-467b-8327-30899ed083b6,c6b2bdaf-8c1f-4b88-a8cb-167941b98bfb,15
819764fa-3a17-467b-8327-30899ed083b6,c6e26bd3-724f-45d3-93af-ef431e6fcd42,11
819764fa-3a17-467b-8327-30899ed083b6,c8935902-45d6-45d6-ac31-77bc0e143154,9
819764fa-3a17-467b-8327-30899ed083b6,c955972d-2702-4d28-8461-262072218f3f,15
819764fa-3a17-467b-8327-30899ed083b6,cabae19e-836c-48c4-903e-7357789f9260,12
819764fa-3a17-467b-8327-30899ed083b6,ccea26dd-dcae-4174-8945-ec5cb568e951,27
819764fa-3a17-467b-8327-30899ed083b6,cd5a2cfd-7689-4a6e-aed1-df2a773bab9c,2
819764fa-3a17-467b-8327-30899ed083b6,ce400601-651e-4ac9-a43e-ed8d4817b7fd,5
819764fa-3a17-467b-8327-30899ed083b6,cfb17042-9f10-4e44-99f4-358bad067455,4
819764fa-3a17-467b-8327-30899ed083b6,d07ef52c-cc10-4445-a3a1-dfe50371f110,79
819764fa-3a17-467b-8327-30899ed083b6,d34e1efc-fbba-4ad8-823a-61bc3f25d580,8
819764fa-3a17-467b-8327-30899ed083b6,d38ca3cf-9803-48dc-8592-c67c4430168e,3
819764fa-3a17-467b-8327-30899ed083b6,d6c2b5eb-b21a-440a-b628-75492d313ffa,6
819764fa-3a17-467b-8327-30899ed083b6,d9e78b0a-0a3b-44ef-acd9-15d6e9e19d60,1
819764fa-3a17-467b-8327-30899ed083b6,dae67415-1ed1-4464-a59e-75170eb1925d,28
819764fa-3a17-467b-8327-30899ed083b6,dc9f60e4-e1a4-487b-a002-40b3c77ba896,13
819764fa-3a17-467b-8327-30899ed083b6,de674538-350f-4a5a-9f8e-fa8f7c4b93ca,2
819764fa-3a17-467b-8327-30899ed083b6,e5c9b4ba-9064-4858-a052-bb3bbecfac4b,2
819764fa-3a17-467b-8327-30899ed083b6,e6cc253d-14cb-437b-be88-4966f5fcb1f5,1
819764fa-3a17-467b-8327-30899ed083b6,e70c3ee3-cca2-4521-abea-b124dcec0952,1
819764fa-3a17-467b-8327-30899ed083b6,e7f0d8e8-4c52-4d0a-8b94-28729046f45b,11
819764fa-3a17-467b-8327-30899ed083b6,eb79af3c-a66d-4374-b9e7-34d7f3e92dc7,2
819764fa-3a17-467b-8327-30899ed083b6,edefa48b-f14e-4ec3-ab3c-dfe2aa0126ec,4
819764fa-3a17-467b-8327-30899ed083b6,ee32e8d2-aa15-4603-901e-2cc3c72e9ead,28
819764fa-3a17-467b-8327-30899ed083b6,f31cabe4-e1f4-46db-88a9-b46ba44dded4,1
819764fa-3a17-467b-8327-30899ed083b6,fa4d473c-e553-439e-8f53-ca5f2b203dbd,6
819764fa-3a17-467b-8327-30899ed083b6,face7642-1fd8-4ec1-a909-c2579b0bd8d2,4
81d3a9a6-03c1-424b-873f-2df53af69e6c,83a1ccbf-fe6a-4f7a-a0d0-4cf90337ab90,26
81d3a9a6-03c1-424b-873f-2df53af69e6c,974099ff-20a6-4119-84be-96e244befc55,1
81d3a9a6-03c1-424b-873f-2df53af69e6c,9b13c8c8-eba4-411e-b095-858e352d3178,2
81d3a9a6-03c1-424b-873f-2df53af69e6c,a900b4e7-92d9-4903-ab21-3189f17fe2e0,4
81d3a9a6-03c1-424b-873f-2df53af69e6c,ac61813c-2d49-4318-b5d0-32e3559b8db4,3
81d3a9a6-03c1-424b-873f-2df53af69e6c,ae91b7a3-544d-40c7-8373-815a0bd18cf0,1
81d3a9a6-03c1-424b-873f-2df53af69e6c,b4e1d8cf-e8cf-4b66-9ded-97fc8176fa4a,1
81d3a9a6-03c1-424b-873f-2df53af69e6c,c128a46d-ebd9-4ee9-80cc-16bfe505e539,1
81d3a9a6-03c1-424b-873f-2df53af69e6c,c606904d-daef-44ff-bd30-cfdc1e6b5185,2
81d3a9a6-03c1-424b-873f-2df53af69e6c,d3eeba5c-e756-485b-978e-a91629c31e57,2
81d3a9a6-03c1-424b-873f-2df53af69e6c,ddaff486-ef62-4200-aeb9-eeb4bedcc620,7
81d3a9a6-03c1-424b-873f-2df53af69e6c,e6e673f5-f0a7-4d34-a6aa-d2f12fed24ed,1
81d3a9a6-03c1-424b-873f-2df53af69e6c,e7f0d8e8-4c52-4d0a-8b94-28729046f45b,2
81d3a9a6-03c1-424b-873f-2df53af69e6c,eef0e09f-c709-4de5-8b44-086876d5f631,8
81d3a9a6-03c1-424b-873f-2df53af69e6c,fdc445bd-f8fe-4cfc-b387-7fd66a181674,9
8349fff0-99b3-449a-bd4d-932ae95b29da,859e1824-cc60-4304-9293-dca932ebbed2,1
8349fff0-99b3-449a-bd4d-932ae95b29da,8767e9de-869e-4e8a-940f-1a63d15eab3c,1
8349fff0-99b3-449a-bd4d-932ae95b29da,8ba16b4b-5dc1-441e-9229-8bb63c903ce1,3
8349fff0-99b3-449a-bd4d-932ae95b29da,98aa8bde-85b0-49ed-9795-e2eeb206e3b8,2
8349fff0-99b3-449a-bd4d-932ae95b29da,9b13c8c8-eba4-411e-b095-858e352d3178,1
8349fff0-99b3-449a-bd4d-932ae95b29da,9e79de98-e914-4dc8-8dc7-6d7cb09b93d7,1
8349fff0-99b3-449a-bd4d-932ae95b29da,a68468b6-51ea-440c-9387-b44ba10ad8b6,1
8349fff0-99b3-449a-bd4d-932ae95b29da,ab15ce32-a527-4526-a5b2-0f2cdb92feeb,1
8349fff0-99b3-449a-bd4d-932ae95b29da,b41b2403-9f06-4d55-adc5-b0777373ca7e,1
8349fff0-99b3-449a-bd4d-932ae95b29da,b50b3f0b-afc8-46e5-bfda-cb60e2935a5a,8
8349fff0-99b3-449a-bd4d-932ae95b29da,bb6801d4-f671-4ade-aa86-29aa89373dd9,4
8349fff0-99b3-449a-bd4d-932ae95b29da,c6e26bd3-724f-45d3-93af-ef431e6fcd42,1
8349fff0-99b3-449a-bd4d-932ae95b29da,ccea26dd-dcae-4174-8945-ec5cb568e951,1
8349fff0-99b3-449a-bd4d-932ae95b29da,d1bb566e-a111-43b7-8856-273ebac1f753,1
8349fff0-99b3-449a-bd4d-932ae95b29da,d34e1efc-fbba-4ad8-823a-61bc3f25d580,1
8349fff0-99b3-449a-bd4d-932ae95b29da,d38ca3cf-9803-48dc-8592-c67c4430168e,23
8349fff0-99b3-449a-bd4d-932ae95b29da,d847851a-777b-43c6-83b3-392672659edc,2
8349fff0-99b3-449a-bd4d-932ae95b29da,e6cc253d-14cb-437b-be88-4966f5fcb1f5,1
8349fff0-99b3-449a-bd4d-932ae95b29da,ec571f94-11b8-47d7-bb47-fd0d2d7c7f07,2
8349fff0-99b3-449a-bd4d-932ae95b29da,f289b7eb-f6ba-415b-90d9-1124c652637c,2
83a1ccbf-fe6a-4f7a-a0d0-4cf90337ab90,8c5a8186-8f46-4bca-956d-06d4fa521635,1
83a1ccbf-fe6a-4f7a-a0d0-4cf90337ab90,95b979e4-888d-402d-8167-4f817cea413b,1
83a1ccbf-fe6a-4f7a-a0d0-4cf90337ab90,a900b4e7-92d9-4903-ab21-3189f17fe2e0,5
83a1ccbf-fe6a-4f7a-a0d0-4cf90337ab90,aa0272f6-6e3c-41f7-b040-b774b30d2196,2
83a1ccbf-fe6a-4f7a-a0d0-4cf90337ab90,ac61813c-2d49-4318-b5d0-32e3559b8db4,5
83a1ccbf-fe6a-4f7a-a0d0-4cf90337ab90,bd954447-a92c-4899-a9a8-4a58569fd4d2,7
83a1ccbf-fe6a-4f7a-a0d0-4cf90337ab90,c606904d-daef-44ff-bd30-cfdc1e6b5185,2
83a1ccbf-fe6a-4f7a-a0d0-4cf90337ab90,d3eeba5c-e756-485b-978e-a91629c31e57,3
83a1ccbf-fe6a-4f7a-a0d0-4cf90337ab90,e6cc253d-14cb-437b-be88-4966f5fcb1f5,1
83a1ccbf-fe6a-4f7a-a0d0-4cf90337ab90,e6e673f5-f0a7-4d34-a6aa-d2f12fed24ed,1
83a1ccbf-fe6a-4f7a-a0d0-4cf90337ab90,eef0e09f-c709-4de5-8b44-086876d5f631,6
83a1ccbf-fe6a-4f7a-a0d0-4cf90337ab90,fac3056b-df3b-4712-9ae3-56472806747b,1
83a1ccbf-fe6a-4f7a-a0d0-4cf90337ab90,fdc445bd-f8fe-4cfc-b387-7fd66a181674,15
84e7ec53-7bec-491e-bec7-19b6b1d359b1,8c5a8186-8f46-4bca-956d-06d4fa521635,2
84e7ec53-7bec-491e-bec7-19b6b1d359b1,8dfa0156-0834-4c00-87e8-c4e9919f781f,1
84e7ec53-7bec-491e-bec7-19b6b1d359b1,92fe14f9-9abe-4759-b311-8b635302c2f2,3
84e7ec53-7bec-491e-bec7-19b6b1d359b1,935fc903-0272-4f85-84e7-6c22aa9710f3,3
84e7ec53-7bec-491e-bec7-19b6b1d359b1,94f6aaa0-69ed-4721-a62c-c2b592bec175,4
84e7ec53-7bec-491e-bec7-19b6b1d359b1,98aa8bde-85b0-49ed-9795-e2eeb206e3b8,5
84e7ec53-7bec-491e-bec7-19b6b1d359b1,9b13c8c8-eba4-411e-b095-858e352d3178,2
84e7ec53-7bec-491e-bec7-19b6b1d359b1,9f3aadb0-0f76-49b8-9e54-126c97fc0ae8,1
84e7ec53-7bec-491e-bec7-19b6b1d359b1,a396ae20-6309-456b-a5ae-e4068dea8a67,2
84e7ec53-7bec-491e-bec7-19b6b1d359b1,a437e923-725f-415e-a01d-5588a7af933e,2
84e7ec53-7bec-491e-bec7-19b6b1d359b1,a68468b6-51ea-440c-9387-b44ba10ad8b6,2
84e7ec53-7bec-491e-bec7-19b6b1d359b1,aa612b6e-b61d-43a8-8775-c83839a9f6ef,2
84e7ec53-7bec-491e-bec7-19b6b1d359b1,ab15ce32-a527-4526-a5b2-0f2cdb92feeb,11
84e7ec53-7bec-491e-bec7-19b6b1d359b1,ac61813c-2d49-4318-b5d0-32e3559b8db4,1
84e7ec53-7bec-491e-bec7-19b6b1d359b1,ae91b7a3-544d-40c7-8373-815a0bd18cf0,1
84e7ec53-7bec-491e-bec7-19b6b1d359b1,b41b2403-9f06-4d55-adc5-b0777373ca7e,2
84e7ec53-7bec-491e-bec7-19b6b1d359b1,b625d2bf-da74-40a2-b013-2069a09dcb6c,2
84e7ec53-7bec-491e-bec7-19b6b1d359b1,b9cfefa1-1e5e-4fd7-a9d5-458e4c3a20db,4
84e7ec53-7bec-491e-bec7-19b6b1d359b1,bb3a9cf3-6f64-4092-85a1-4318244ee603,2
84e7ec53-7bec-491e-bec7-19b6b1d359b1,c606904d-daef-44ff-bd30-cfdc1e6b5185,2
84e7ec53-7bec-491e-bec7-19b6b1d359b1,c60c655f-40ba-47b0-8e93-a2c8d1ff4743,3
84e7ec53-7bec-491e-bec7-19b6b1d359b1,ccea26dd-dcae-4174-8945-ec5cb568e951,2
84e7ec53-7bec-491e-bec7-19b6b1d359b1,d6c2b5eb-b21a-440a-b628-75492d313ffa,1
84e7ec53-7bec-491e-bec7-19b6b1d359b1,d847851a-777b-43c6-83b3-392672659edc,2
84e7ec53-7bec-491e-bec7-19b6b1d359b1,e5f316f0-e4e7-4cf0-a064-ed9321737487,4
84e7ec53-7bec-491e-bec7-19b6b1d359b1,e7f0d8e8-4c52-4d0a-8b94-28729046f45b,2
84e7ec53-7bec-491e-bec7-19b6b1d359b1,edb8800b-6f1b-4e13-be0a-5b88fbd13c82,1
84e7ec53-7bec-491e-bec7-19b6b1d359b1,f6e59e50-f22a-450c-8d4f-8a7072e50277,1
84e7ec53-7bec-491e-bec7-19b6b1d359b1,fd45195f-c35d-47c9-844e-a5893e10839e,1
8509e44d-0f9b-413a-a2cd-f64d656c3955,8ba16b4b-5dc1-441e-9229-8bb63c903ce1,3
8509e44d-0f9b-413a-a2cd-f64d656c3955,97ffe642-648f-4dab-a0e8-0720e96e3e35,12
8509e44d-0f9b-413a-a2cd-f64d656c3955,9f0c39d6-4a57-4849-9215-aa1147c7e0f6,4
8509e44d-0f9b-413a-a2cd-f64d656c3955,ab15ce32-a527-4526-a5b2-0f2cdb92feeb,2
8509e44d-0f9b-413a-a2cd-f64d656c3955,b41b2403-9f06-4d55-adc5-b0777373ca7e,2
8509e44d-0f9b-413a-a2cd-f64d656c3955,b7a52679-bac9-4e00-9dfd-06a22a7cf088,1
8509e44d-0f9b-413a-a2cd-f64d656c3955,c0d8ed4a-ec11-48e2-a468-6cd93327305b,15
8509e44d-0f9b-413a-a2cd-f64d656c3955,c7822b58-103f-4612-87ef-648be97192c6,1
8509e44d-0f9b-413a-a2cd-f64d656c3955,d89044ef-b7df-4a15-be10-d342fe381664,8
8509e44d-0f9b-413a-a2cd-f64d656c3955,eb79af3c-a66d-4374-b9e7-34d7f3e92dc7,1
8509e44d-0f9b-413a-a2cd-f64d656c3955,f289b7eb-f6ba-415b-90d9-1124c652637c,3
8509e44d-0f9b-413a-a2cd-f64d656c3955,fb291eb2-962a-482f-971a-0b62673f9a86,2
859e1824-cc60-4304-9293-dca932ebbed2,8767e9de-869e-4e8a-940f-1a63d15eab3c,1
859e1824-cc60-4304-9293-dca932ebbed2,88e0734b-8c03-4daa-8ec5-055e36c07030,1
859e1824-cc60-4304-9293-dca932ebbed2,8ba16b4b-5dc1-441e-9229-8bb63c903ce1,3
859e1824-cc60-4304-9293-dca932ebbed2,8ee20f38-f3f0-4ff9-b5d9-84557b5ddcb1,4
859e1824-cc60-4304-9293-dca932ebbed2,950c21d2-8a14-406d-b3af-877360bbd0ab,1
859e1824-cc60-4304-9293-dca932ebbed2,97ffe642-648f-4dab-a0e8-0720e96e3e35,1
859e1824-cc60-4304-9293-dca932ebbed2,980a8ae3-b1c7-4912-ab9e-be3e6fd20d36,1
859e1824-cc60-4304-9293-dca932ebbed2,98aa8bde-85b0-49ed-9795-e2eeb206e3b8,8
859e1824-cc60-4304-9293-dca932ebbed2,9b13c8c8-eba4-411e-b095-858e352d3178,10
859e1824-cc60-4304-9293-dca932ebbed2,9e79de98-e914-4dc8-8dc7-6d7cb09b93d7,18
859e1824-cc60-4304-9293-dca932ebbed2,9f0c39d6-4a57-4849-9215-aa1147c7e0f6,11
859e1824-cc60-4304-9293-dca932ebbed2,9f855643-68a2-409e-b4fe-81b92547212a,8
859e1824-cc60-4304-9293-dca932ebbed2,a04d4b85-56f0-448f-b5e8-28b5340af204,1
859e1824-cc60-4304-9293-dca932ebbed2,a396ae20-6309-456b-a5ae-e4068dea8a67,2
859e1824-cc60-4304-9293-dca932ebbed2,a437e923-725f-415e-a01d-5588a7af933e,3
859e1824-cc60-4304-9293-dca932ebbed2,a68468b6-51ea-440c-9387-b44ba10ad8b6,25
859e1824-cc60-4304-9293-dca932ebbed2,a8e4581d-5186-4367-95c5-0a754c60b276,14
859e1824-cc60-4304-9293-dca932ebbed2,ab15ce32-a527-4526-a5b2-0f2cdb92feeb,11
859e1824-cc60-4304-9293-dca932ebbed2,b41b2403-9f06-4d55-adc5-b0777373ca7e,28
859e1824-cc60-4304-9293-dca932ebbed2,b7a52679-bac9-4e00-9dfd-06a22a7cf088,5
859e1824-cc60-4304-9293-dca932ebbed2,b9cfefa1-1e5e-4fd7-a9d5-458e4c3a20db,7
859e1824-cc60-4304-9293-dca932ebbed2,bf030048-0434-42f1-bbed-8b0c04014db4,3
859e1824-cc60-4304-9293-dca932ebbed2,c6e26bd3-724f-45d3-93af-ef431e6fcd42,8
859e1824-cc60-4304-9293-dca932ebbed2,c7822b58-103f-4612-87ef-648be97192c6,23
859e1824-cc60-4304-9293-dca932ebbed2,cabae19e-836c-48c4-903e-7357789f9260,5
859e1824-cc60-4304-9293-dca932ebbed2,ccea26dd-dcae-4174-8945-ec5cb568e951,15
859e1824-cc60-4304-9293-dca932ebbed2,d07ef52c-cc10-4445-a3a1-dfe50371f110,19
859e1824-cc60-4304-9293-dca932ebbed2,d1bb566e-a111-43b7-8856-273ebac1f753,2
859e1824-cc60-4304-9293-dca932ebbed2,d34e1efc-fbba-4ad8-823a-61bc3f25d580,8
859e1824-cc60-4304-9293-dca932ebbed2,d38ca3cf-9803-48dc-8592-c67c4430168e,5
859e1824-cc60-4304-9293-dca932ebbed2,d59d1492-57b6-482b-88b6-b2b77c45c33d,5
859e1824-cc60-4304-9293-dca932ebbed2,d847851a-777b-43c6-83b3-392672659edc,14
859e1824-cc60-4304-9293-dca932ebbed2,da9f33b0-80ca-49eb-a1ec-def3b46538d9,2
859e1824-cc60-4304-9293-dca932ebbed2,dab4cf29-4843-4261-b09b-973fe98dbf65,10
859e1824-cc60-4304-9293-dca932ebbed2,e6cc253d-14cb-437b-be88-4966f5fcb1f5,25
859e1824-cc60-4304-9293-dca932ebbed2,e70c3ee3-cca2-4521-abea-b124dcec0952,21
859e1824-cc60-4304-9293-dca932ebbed2,ec571f94-11b8-47d7-bb47-fd0d2d7c7f07,11
859e1824-cc60-4304-9293-dca932ebbed2,ee32e8d2-aa15-4603-901e-2cc3c72e9ead,3
859e1824-cc60-4304-9293-dca932ebbed2,ef8d31db-0876-4998-b0d9-056643260d46,2
859e1824-cc60-4304-9293-dca932ebbed2,f067f702-8e06-491a-9498-462205d1aaec,1
859e1824-cc60-4304-9293-dca932ebbed2,f31cabe4-e1f4-46db-88a9-b46ba44dded4,13
859e1824-cc60-4304-9293-dca932ebbed2,fa4d473c-e553-439e-8f53-ca5f2b203dbd,2
859e1824-cc60-4304-9293-dca932ebbed2,fb291eb2-962a-482f-971a-0b62673f9a86,2
859e1824-cc60-4304-9293-dca932ebbed2,fdc445bd-f8fe-4cfc-b387-7fd66a181674,2
85f67e79-5385-444f-9bf0-be01daa37e03,98aa8bde-85b0-49ed-9795-e2eeb206e3b8,1
85f67e79-5385-444f-9bf0-be01daa37e03,a1877608-2b03-4620-b854-d57de44cd52e,1
85f67e79-5385-444f-9bf0-be01daa37e03,a59b540b-1460-4aa0-b9ce-19356f87c77e,1
85f67e79-5385-444f-9bf0-be01daa37e03,dc9f60e4-e1a4-487b-a002-40b3c77ba896,1
8711c928-b30d-4859-b091-74678ca63e5b,88bf9f29-aa91-4ddd-ad2d-b73dfe6706ef,7
8711c928-b30d-4859-b091-74678ca63e5b,89d70a20-bd10-46ed-866a-2c79362a0559,1
8711c928-b30d-4859-b091-74678ca63e5b,8ba16b4b-5dc1-441e-9229-8bb63c903ce1,4
8711c928-b30d-4859-b091-74678ca63e5b,8c5a8186-8f46-4bca-956d-06d4fa521635,1
8711c928-b30d-4859-b091-74678ca63e5b,98aa8bde-85b0-49ed-9795-e2eeb206e3b8,3
8711c928-b30d-4859-b091-74678ca63e5b,9ab41898-332f-4c08-a834-d58b4669c990,15
8711c928-b30d-4859-b091-74678ca63e5b,9b13c8c8-eba4-411e-b095-858e352d3178,16
8711c928-b30d-4859-b091-74678ca63e5b,9bf12da8-39ea-4505-9500-764bc440cfc9,34
8711c928-b30d-4859-b091-74678ca63e5b,9d2229a5-c46a-485a-9b82-315e270c3e9a,3
8711c928-b30d-4859-b091-74678ca63e5b,a8e4581d-5186-4367-95c5-0a754c60b276,27
8711c928-b30d-4859-b091-74678ca63e5b,aa0272f6-6e3c-41f7-b040-b774b30d2196,18
8711c928-b30d-4859-b091-74678ca63e5b,ab15ce32-a527-4526-a5b2-0f2cdb92feeb,6
8711c928-b30d-4859-b091-74678ca63e5b,ab97f146-7308-4a7e-9197-2ef5ee467a95,2
8711c928-b30d-4859-b091-74678ca63e5b,ad8654f3-811a-4a63-ab7a-01bf76347caa,1
8711c928-b30d-4859-b091-74678ca63e5b,b221afb0-2758-4ace-846a-7bfc33389ad6,1
8711c928-b30d-4859-b091-74678ca63e5b,b29c0e00-7ac2-4c28-ab4f-8fceb156337b,7
8711c928-b30d-4859-b091-74678ca63e5b,b3230578-426f-4b84-bfe2-6a8136c6a3af,5
8711c928-b30d-4859-b091-74678ca63e5b,b4e1d8cf-e8cf-4b66-9ded-97fc8176fa4a,3
8711c928-b30d-4859-b091-74678ca63e5b,b8663b71-f92b-4d2b-a06b-f78dba168d98,2
8711c928-b30d-4859-b091-74678ca63e5b,b8d002bc-ea6c-4f57-b36e-38415b205e09,1
8711c928-b30d-4859-b091-74678ca63e5b,ba21eb65-8546-40e5-a425-0d228d0eaeac,2
8711c928-b30d-4859-b091-74678ca63e5b,bb3a9cf3-6f64-4092-85a1-4318244ee603,4
8711c928-b30d-4859-b091-74678ca63e5b,bf030048-0434-42f1-bbed-8b0c04014db4,1
8711c928-b30d-4859-b091-74678ca63e5b,bf97025a-1c30-4042-bffe-948027f24e6c,15
8711c928-b30d-4859-b091-74678ca63e5b,c0d8ed4a-ec11-48e2-a468-6cd93327305b,18
8711c928-b30d-4859-b091-74678ca63e5b,c6f061f1-9cb7-4e0a-a281-4fc80527c5d7,10
8711c928-b30d-4859-b091-74678ca63e5b,c7822b58-103f-4612-87ef-648be97192c6,6
8711c928-b30d-4859-b091-74678ca63e5b,cefbf19c-653b-4af7-84a6-e17fba0e4a70,1
8711c928-b30d-4859-b091-74678ca63e5b,cf4c4d24-798d-4bbe-bf06-23ca674f0d28,8
8711c928-b30d-4859-b091-74678ca63e5b,cfb17042-9f10-4e44-99f4-358bad067455,2
8711c928-b30d-4859-b091-74678ca63e5b,d07ef52c-cc10-4445-a3a1-dfe50371f110,38
8711c928-b30d-4859-b091-74678ca63e5b,d0d8dcbd-4818-4925-a684-13767c7dae0d,5
8711c928-b30d-4859-b091-74678ca63e5b,dae67415-1ed1-4464-a59e-75170eb1925d,1
8711c928-b30d-4859-b091-74678ca63e5b,dc9f60e4-e1a4-487b-a002-40b3c77ba896,1
8711c928-b30d-4859-b091-74678ca63e5b,e10065e1-776d-4bf3-8669-56788c453079,14
8711c928-b30d-4859-b091-74678ca63e5b,e6cc253d-14cb-437b-be88-4966f5fcb1f5,1
8711c928-b30d-4859-b091-74678ca63e5b,ee32e8d2-aa15-4603-901e-2cc3c72e9ead,21
8711c928-b30d-4859-b091-74678ca63e5b,efd89dff-2cde-4afc-ab14-e4f9795d1407,3
8711c928-b30d-4859-b091-74678ca63e5b,fd544ce8-6d2a-4d79-81e0-c240fcf1776e,5
872e3c31-98a5-40cb-b7dc-9c821f3b1bca,8c5a8186-8f46-4bca-956d-06d4fa521635,5
872e3c31-98a5-40cb-b7dc-9c821f3b1bca,95b979e4-888d-402d-8167-4f817cea413b,5
872e3c31-98a5-40cb-b7dc-9c821f3b1bca,990c794a-2170-435a-8c43-97d4fd0e621e,1
872e3c31-98a5-40cb-b7dc-9c821f3b1bca,9b13c8c8-eba4-411e-b095-858e352d3178,5
872e3c31-98a5-40cb-b7dc-9c821f3b1bca,a900b4e7-92d9-4903-ab21-3189f17fe2e0,1
872e3c31-98a5-40cb-b7dc-9c821f3b1bca,aa0272f6-6e3c-41f7-b040-b774b30d2196,2
872e3c31-98a5-40cb-b7dc-9c821f3b1bca,ba21eb65-8546-40e5-a425-0d228d0eaeac,5
872e3c31-98a5-40cb-b7dc-9c821f3b1bca,cefbf19c-653b-4af7-84a6-e17fba0e4a70,2
872e3c31-98a5-40cb-b7dc-9c821f3b1bca,cf4c4d24-798d-4bbe-bf06-23ca674f0d28,1
872e3c31-98a5-40cb-b7dc-9c821f3b1bca,d1bb566e-a111-43b7-8856-273ebac1f753,4
872e3c31-98a5-40cb-b7dc-9c821f3b1bca,e6cc253d-14cb-437b-be88-4966f5fcb1f5,8
8767e9de-869e-4e8a-940f-1a63d15eab3c,9b13c8c8-eba4-411e-b095-858e352d3178,1
8767e9de-869e-4e8a-940f-1a63d15eab3c,9e79de98-e914-4dc8-8dc7-6d7cb09b93d7,2
8767e9de-869e-4e8a-940f-1a63d15eab3c,9f0c39d6-4a57-4849-9215-aa1147c7e0f6,2
8767e9de-869e-4e8a-940f-1a63d15eab3c,b7a52679-bac9-4e00-9dfd-06a22a7cf088,1
8767e9de-869e-4e8a-940f-1a63d15eab3c,c7822b58-103f-4612-87ef-648be97192c6,2
8767e9de-869e-4e8a-940f-1a63d15eab3c,e6cc253d-14cb-437b-be88-4966f5fcb1f5,1
8767e9de-869e-4e8a-940f-1a63d15eab3c,f067f702-8e06-491a-9498-462205d1aaec,1
8767e9de-869e-4e8a-940f-1a63d15eab3c,f289b7eb-f6ba-415b-90d9-1124c652637c,3
88bf9f29-aa91-4ddd-ad2d-b73dfe6706ef,88e0734b-8c03-4daa-8ec5-055e36c07030,1
88bf9f29-aa91-4ddd-ad2d-b73dfe6706ef,89d70a20-bd10-46ed-866a-2c79362a0559,4
88bf9f29-aa91-4ddd-ad2d-b73dfe6706ef,950c21d2-8a14-406d-b3af-877360bbd0ab,4
88bf9f29-aa91-4ddd-ad2d-b73dfe6706ef,973da897-66c7-4010-a98d-505e0e97a60c,14
88bf9f29-aa91-4ddd-ad2d-b73dfe6706ef,97ffe642-648f-4dab-a0e8-0720e96e3e35,3
88bf9f29-aa91-4ddd-ad2d-b73dfe6706ef,98aa8bde-85b0-49ed-9795-e2eeb206e3b8,9
88bf9f29-aa91-4ddd-ad2d-b73dfe6706ef,99c6218e-8f0c-45d4-bd24-f300c6cfcb2f,6
88bf9f29-aa91-4ddd-ad2d-b73dfe6706ef,9b13c8c8-eba4-411e-b095-858e352d3178,8
88bf9f29-aa91-4ddd-ad2d-b73dfe6706ef,9bf12da8-39ea-4505-9500-764bc440cfc9,2
88bf9f29-aa91-4ddd-ad2d-b73dfe6706ef,9e79de98-e914-4dc8-8dc7-6d7cb09b93d7,10
88bf9f29-aa91-4ddd-ad2d-b73dfe6706ef,9f0c39d6-4a57-4849-9215-aa1147c7e0f6,4
88bf9f29-aa91-4ddd-ad2d-b73dfe6706ef,9f855643-68a2-409e-b4fe-81b92547212a,4
88bf9f29-aa91-4ddd-ad2d-b73dfe6706ef,a437e923-725f-415e-a01d-5588a7af933e,5
88bf9f29-aa91-4ddd-ad2d-b73dfe6706ef,a68468b6-51ea-440c-9387-b44ba10ad8b6,4
88bf9f29-aa91-4ddd-ad2d-b73dfe6706ef,a8e4581d-5186-4367-95c5-0a754c60b276,6
88bf9f29-aa91-4ddd-ad2d-b73dfe6706ef,a901d2d2-35f6-4341-bbfb-38e5d9b21d07,5
88bf9f29-aa91-4ddd-ad2d-b73dfe6706ef,a962ffcb-a300-45e1-8850-70c7173c233e,5
88bf9f29-aa91-4ddd-ad2d-b73dfe6706ef,aa0272f6-6e3c-41f7-b040-b774b30d2196,2
88bf9f29-aa91-4ddd-ad2d-b73dfe6706ef,ab15ce32-a527-4526-a5b2-0f2cdb92feeb,4
88bf9f29-aa91-4ddd-ad2d-b73dfe6706ef,ab97f146-7308-4a7e-9197-2ef5ee467a95,1
88bf9f29-aa91-4ddd-ad2d-b73dfe6706ef,b41b2403-9f06-4d55-adc5-b0777373ca7e,9
88bf9f29-aa91-4ddd-ad2d-b73dfe6706ef,b4fdf408-8296-4d14-9e95-b4b96dc20751,1
88bf9f29-aa91-4ddd-ad2d-b73dfe6706ef,b625d2bf-da74-40a2-b013-2069a09dcb6c,3
88bf9f29-aa91-4ddd-ad2d-b73dfe6706ef,b8663b71-f92b-4d2b-a06b-f78dba168d98,6
88bf9f29-aa91-4ddd-ad2d-b73dfe6706ef,b9cfefa1-1e5e-4fd7-a9d5-458e4c3a20db,3
88bf9f29-aa91-4ddd-ad2d-b73dfe6706ef,ba21eb65-8546-40e5-a425-0d228d0eaeac,8
88bf9f29-aa91-4ddd-ad2d-b73dfe6706ef,bb6801d4-f671-4ade-aa86-29aa89373dd9,2
88bf9f29-aa91-4ddd-ad2d-b73dfe6706ef,bd954447-a92c-4899-a9a8-4a58569fd4d2,1
88bf9f29-aa91-4ddd-ad2d-b73dfe6706ef,bf030048-0434-42f1-bbed-8b0c04014db4,3
88bf9f29-aa91-4ddd-ad2d-b73dfe6706ef,bf494e35-c009-4c74-a5c6-3cb2cd26bb51,1
88bf9f29-aa91-4ddd-ad2d-b73dfe6706ef,bf97025a-1c30-4042-bffe-948027f24e6c,14
88bf9f29-aa91-4ddd-ad2d-b73dfe6706ef,c0d8ed4a-ec11-48e2-a468-6cd93327305b,5
88bf9f29-aa91-4ddd-ad2d-b73dfe6706ef,c3b1dca8-2cb4-4025-9527-36163a098c1f,8
88bf9f29-aa91-4ddd-ad2d-b73dfe6706ef,c4f7c468-721e-4953-97f2-bff05fe570c4,4
88bf9f29-aa91-4ddd-ad2d-b73dfe6706ef,c6e26bd3-724f-45d3-93af-ef431e6fcd42,6
88bf9f29-aa91-4ddd-ad2d-b73dfe6706ef,c6f061f1-9cb7-4e0a-a281-4fc80527c5d7,2
88bf9f29-aa91-4ddd-ad2d-b73dfe6706ef,c7822b58-103f-4612-87ef-648be97192c6,9
88bf9f29-aa91-4ddd-ad2d-b73dfe6706ef,cefbf19c-653b-4af7-84a6-e17fba0e4a70,3
88bf9f29-aa91-4ddd-ad2d-b73dfe6706ef,d07ef52c-cc10-4445-a3a1-dfe50371f110,2
88bf9f29-aa91-4ddd-ad2d-b73dfe6706ef,d0d8dcbd-4818-4925-a684-13767c7dae0d,1
88bf9f29-aa91-4ddd-ad2d-b73dfe6706ef,d34e1efc-fbba-4ad8-823a-61bc3f25d580,11
88bf9f29-aa91-4ddd-ad2d-b73dfe6706ef,d642dcc9-3f86-49d1-96c9-ae2771d1e89a,12
88bf9f29-aa91-4ddd-ad2d-b73dfe6706ef,d847851a-777b-43c6-83b3-392672659edc,2
88bf9f29-aa91-4ddd-ad2d-b73dfe6706ef,d9e78b0a-0a3b-44ef-acd9-15d6e9e19d60,1
88bf9f29-aa91-4ddd-ad2d-b73dfe6706ef,da9f33b0-80ca-49eb-a1ec-def3b46538d9,1
88bf9f29-aa91-4ddd-ad2d-b73dfe6706ef,dae67415-1ed1-4464-a59e-75170eb1925d,1
88bf9f29-aa91-4ddd-ad2d-b73dfe6706ef,e10065e1-776d-4bf3-8669-56788c453079,5
88bf9f29-aa91-4ddd-ad2d-b73dfe6706ef,e5c4753f-d2d8-4a4a-ae9d-62118892a731,2
88bf9f29-aa91-4ddd-ad2d-b73dfe6706ef,e6cc253d-14cb-437b-be88-4966f5fcb1f5,5
88bf9f29-aa91-4ddd-ad2d-b73dfe6706ef,ee32e8d2-aa15-4603-901e-2cc3c72e9ead,3
88bf9f29-aa91-4ddd-ad2d-b73dfe6706ef,efd89dff-2cde-4afc-ab14-e4f9795d1407,4
88bf9f29-aa91-4ddd-ad2d-b73dfe6706ef,f31cabe4-e1f4-46db-88a9-b46ba44dded4,3
88bf9f29-aa91-4ddd-ad2d-b73dfe6706ef,fa4d473c-e553-439e-8f53-ca5f2b203dbd,16
88bf9f29-aa91-4ddd-ad2d-b73dfe6706ef,fb291eb2-962a-482f-971a-0b62673f9a86,4
88bf9f29-aa91-4ddd-ad2d-b73dfe6706ef,fdc445bd-f8fe-4cfc-b387-7fd66a181674,22
88e0734b-8c03-4daa-8ec5-055e36c07030,89d70a20-bd10-46ed-866a-2c79362a0559,2
88e0734b-8c03-4daa-8ec5-055e36c07030,942a29b8-057f-4dba-a8cd-3c35e5a81aaf,1
88e0734b-8c03-4daa-8ec5-055e36c07030,973da897-66c7-4010-a98d-505e0e97a60c,1
88e0734b-8c03-4daa-8ec5-055e36c07030,98aa8bde-85b0-49ed-9795-e2eeb206e3b8,7
88e0734b-8c03-4daa-8ec5-055e36c07030,9b13c8c8-eba4-411e-b095-858e352d3178,4
88e0734b-8c03-4daa-8ec5-055e36c07030,9ea41959-b952-4e42-92fb-bc616ac17241,40
88e0734b-8c03-4daa-8ec5-055e36c07030,9f0c39d6-4a57-4849-9215-aa1147c7e0f6,3
88e0734b-8c03-4daa-8ec5-055e36c07030,ab15ce32-a527-4526-a5b2-0f2cdb92feeb,3
88e0734b-8c03-4daa-8ec5-055e36c07030,b41b2403-9f06-4d55-adc5-b0777373ca7e,2
88e0734b-8c03-4daa-8ec5-055e36c07030,bb6801d4-f671-4ade-aa86-29aa89373dd9,3
88e0734b-8c03-4daa-8ec5-055e36c07030,bd954447-a92c-4899-a9a8-4a58569fd4d2,3
88e0734b-8c03-4daa-8ec5-055e36c07030,c6e26bd3-724f-45d3-93af-ef431e6fcd42,2
88e0734b-8c03-4daa-8ec5-055e36c07030,ccea26dd-dcae-4174-8945-ec5cb568e951,1
88e0734b-8c03-4daa-8ec5-055e36c07030,cd02edbc-106e-46d1-8d70-6594741356ea,7
88e0734b-8c03-4daa-8ec5-055e36c07030,cf4c4d24-798d-4bbe-bf06-23ca674f0d28,1
88e0734b-8c03-4daa-8ec5-055e36c07030,d38ca3cf-9803-48dc-8592-c67c4430168e,9
88e0734b-8c03-4daa-8ec5-055e36c07030,e70c3ee3-cca2-4521-abea-b124dcec0952,3
88e0734b-8c03-4daa-8ec5-055e36c07030,e85125f3-b7cf-426c-9355-412838893f55,6
88e0734b-8c03-4daa-8ec5-055e36c07030,ee32e8d2-aa15-4603-901e-2cc3c72e9ead,1
88e0734b-8c03-4daa-8ec5-055e36c07030,fa4d473c-e553-439e-8f53-ca5f2b203dbd,7
88e0734b-8c03-4daa-8ec5-055e36c07030,fd544ce8-6d2a-4d79-81e0-c240fcf1776e,1
89d70a20-bd10-46ed-866a-2c79362a0559,8f6a5115-367e-4dc2-88c5-1eae50593652,1
89d70a20-bd10-46ed-866a-2c79362a0559,935fc903-0272-4f85-84e7-6c22aa9710f3,5
89d70a20-bd10-46ed-866a-2c79362a0559,942a29b8-057f-4dba-a8cd-3c35e5a81aaf,8
89d70a20-bd10-46ed-866a-2c79362a0559,950c21d2-8a14-406d-b3af-877360bbd0ab,4
89d70a20-bd10-46ed-866a-2c79362a0559,98aa8bde-85b0-49ed-9795-e2eeb206e3b8,36
89d70a20-bd10-46ed-866a-2c79362a0559,99c6218e-8f0c-45d4-bd24-f300c6cfcb2f,3
89d70a20-bd10-46ed-866a-2c79362a0559,9b13c8c8-eba4-411e-b095-858e352d3178,4
89d70a20-bd10-46ed-866a-2c79362a0559,9bf12da8-39ea-4505-9500-764bc440cfc9,10
89d70a20-bd10-46ed-866a-2c79362a0559,9c8bc5bc-8d13-4c11-be37-57a43a1d734b,6
89d70a20-bd10-46ed-866a-2c79362a0559,9d2229a5-c46a-485a-9b82-315e270c3e9a,9
89d70a20-bd10-46ed-866a-2c79362a0559,9e79de98-e914-4dc8-8dc7-6d7cb09b93d7,10
89d70a20-bd10-46ed-866a-2c79362a0559,9f0c39d6-4a57-4849-9215-aa1147c7e0f6,4
89d70a20-bd10-46ed-866a-2c79362a0559,a1877608-2b03-4620-b854-d57de44cd52e,47
89d70a20-bd10-46ed-866a-2c79362a0559,a437e923-725f-415e-a01d-5588a7af933e,19
89d70a20-bd10-46ed-866a-2c79362a0559,a59b540b-1460-4aa0-b9ce-19356f87c77e,4
89d70a20-bd10-46ed-866a-2c79362a0559,a68468b6-51ea-440c-9387-b44ba10ad8b6,10
89d70a20-bd10-46ed-866a-2c79362a0559,a8e4581d-5186-4367-95c5-0a754c60b276,44
89d70a20-bd10-46ed-866a-2c79362a0559,a901d2d2-35f6-4341-bbfb-38e5d9b21d07,1
89d70a20-bd10-46ed-866a-2c79362a0559,ab15ce32-a527-4526-a5b2-0f2cdb92feeb,11
89d70a20-bd10-46ed-866a-2c79362a0559,b221afb0-2758-4ace-846a-7bfc33389ad6,1
89d70a20-bd10-46ed-866a-2c79362a0559,b29c0e00-7ac2-4c28-ab4f-8fceb156337b,70
89d70a20-bd10-46ed-866a-2c79362a0559,b41b2403-9f06-4d55-adc5-b0777373ca7e,32
89d70a20-bd10-46ed-866a-2c79362a0559,b4fdf408-8296-4d14-9e95-b4b96dc20751,3
89d70a20-bd10-46ed-866a-2c79362a0559,b50b3f0b-afc8-46e5-bfda-cb60e2935a5a,6
89d70a20-bd10-46ed-866a-2c79362a0559,ba21eb65-8546-40e5-a425-0d228d0eaeac,12
89d70a20-bd10-46ed-866a-2c79362a0559,bb6801d4-f671-4ade-aa86-29aa89373dd9,11
89d70a20-bd10-46ed-866a-2c79362a0559,bf030048-0434-42f1-bbed-8b0c04014db4,1
89d70a20-bd10-46ed-866a-2c79362a0559,c6e26bd3-724f-45d3-93af-ef431e6fcd42,8
89d70a20-bd10-46ed-866a-2c79362a0559,c7822b58-103f-4612-87ef-648be97192c6,4
89d70a20-bd10-46ed-866a-2c79362a0559,cabae19e-836c-48c4-903e-7357789f9260,72
89d70a20-bd10-46ed-866a-2c79362a0559,ccea26dd-dcae-4174-8945-ec5cb568e951,18
89d70a20-bd10-46ed-866a-2c79362a0559,cd02edbc-106e-46d1-8d70-6594741356ea,1
89d70a20-bd10-46ed-866a-2c79362a0559,cefbf19c-653b-4af7-84a6-e17fba0e4a70,5
89d70a20-bd10-46ed-866a-2c79362a0559,d07ef52c-cc10-4445-a3a1-dfe50371f110,70
89d70a20-bd10-46ed-866a-2c79362a0559,d34e1efc-fbba-4ad8-823a-61bc3f25d580,28
89d70a20-bd10-46ed-866a-2c79362a0559,d38ca3cf-9803-48dc-8592-c67c4430168e,13
89d70a20-bd10-46ed-866a-2c79362a0559,d53f00ee-a955-434a-b636-f07d79859c49,7
89d70a20-bd10-46ed-866a-2c79362a0559,d847851a-777b-43c6-83b3-392672659edc,6
89d70a20-bd10-46ed-866a-2c79362a0559,dab4cf29-4843-4261-b09b-973fe98dbf65,3
89d70a20-bd10-46ed-866a-2c79362a0559,dae67415-1ed1-4464-a59e-75170eb1925d,2
89d70a20-bd10-46ed-866a-2c79362a0559,dc9f60e4-e1a4-487b-a002-40b3c77ba896,279
89d70a20-bd10-46ed-866a-2c79362a0559,e5c4753f-d2d8-4a4a-ae9d-62118892a731,1
89d70a20-bd10-46ed-866a-2c79362a0559,e6cc253d-14cb-437b-be88-4966f5fcb1f5,5
89d70a20-bd10-46ed-866a-2c79362a0559,e70c3ee3-cca2-4521-abea-b124dcec0952,16
89d70a20-bd10-46ed-866a-2c79362a0559,e85125f3-b7cf-426c-9355-412838893f55,5
89d70a20-bd10-46ed-866a-2c79362a0559,ec571f94-11b8-47d7-bb47-fd0d2d7c7f07,2
89d70a20-bd10-46ed-866a-2c79362a0559,ee32e8d2-aa15-4603-901e-2cc3c72e9ead,5
89d70a20-bd10-46ed-866a-2c79362a0559,f31cabe4-e1f4-46db-88a9-b46ba44dded4,2
89d70a20-bd10-46ed-866a-2c79362a0559,fa4d473c-e553-439e-8f53-ca5f2b203dbd,41
89d70a20-bd10-46ed-866a-2c79362a0559,face7642-1fd8-4ec1-a909-c2579b0bd8d2,14
89d70a20-bd10-46ed-866a-2c79362a0559,fdc445bd-f8fe-4cfc-b387-7fd66a181674,4
8b3664bd-77e4-468b-af96-f3f4ec27fcce,b41b2403-9f06-4d55-adc5-b0777373ca7e,2
8b3664bd-77e4-468b-af96-f3f4ec27fcce,bb3a9cf3-6f64-4092-85a1-4318244ee603,2
8b3664bd-77e4-468b-af96-f3f4ec27fcce,bf8eb79e-5034-4882-a4c5-413baba477d5,3
8b3664bd-77e4-468b-af96-f3f4ec27fcce,c6e26bd3-724f-45d3-93af-ef431e6fcd42,2
8b3664bd-77e4-468b-af96-f3f4ec27fcce,ddaff486-ef62-4200-aeb9-eeb4bedcc620,3
8b3664bd-77e4-468b-af96-f3f4ec27fcce,ec273841-069f-408b-b434-8524904ae314,3
8ba16b4b-5dc1-441e-9229-8bb63c903ce1,8ee20f38-f3f0-4ff9-b5d9-84557b5ddcb1,6
8ba16b4b-5dc1-441e-9229-8bb63c903ce1,92fe14f9-9abe-4759-b311-8b635302c2f2,1
8ba16b4b-5dc1-441e-9229-8bb63c903ce1,93ace320-ab4e-42d3-9783-b2e2e02eb546,13
8ba16b4b-5dc1-441e-9229-8bb63c903ce1,9431dc1b-9891-4d15-aaf1-b98e347c3b46,5
8ba16b4b-5dc1-441e-9229-8bb63c903ce1,97ffe642-648f-4dab-a0e8-0720e96e3e35,6
8ba16b4b-5dc1-441e-9229-8bb63c903ce1,98aa8bde-85b0-49ed-9795-e2eeb206e3b8,10
8ba16b4b-5dc1-441e-9229-8bb63c903ce1,99c6218e-8f0c-45d4-bd24-f300c6cfcb2f,4
8ba16b4b-5dc1-441e-9229-8bb63c903ce1,9ab41898-332f-4c08-a834-d58b4669c990,1
8ba16b4b-5dc1-441e-9229-8bb63c903ce1,9b13c8c8-eba4-411e-b095-858e352d3178,14
8ba16b4b-5dc1-441e-9229-8bb63c903ce1,9bf12da8-39ea-4505-9500-764bc440cfc9,3
8ba16b4b-5dc1-441e-9229-8bb63c903ce1,9f0c39d6-4a57-4849-9215-aa1147c7e0f6,5
8ba16b4b-5dc1-441e-9229-8bb63c903ce1,a04d4b85-56f0-448f-b5e8-28b5340af204,22
8ba16b4b-5dc1-441e-9229-8bb63c903ce1,a68468b6-51ea-440c-9387-b44ba10ad8b6,1
8ba16b4b-5dc1-441e-9229-8bb63c903ce1,a8e4581d-5186-4367-95c5-0a754c60b276,1
8ba16b4b-5dc1-441e-9229-8bb63c903ce1,a962ffcb-a300-45e1-8850-70c7173c233e,2
8ba16b4b-5dc1-441e-9229-8bb63c903ce1,aa0272f6-6e3c-41f7-b040-b774b30d2196,7
8ba16b4b-5dc1-441e-9229-8bb63c903ce1,ab15ce32-a527-4526-a5b2-0f2cdb92feeb,2
8ba16b4b-5dc1-441e-9229-8bb63c903ce1,b29c0e00-7ac2-4c28-ab4f-8fceb156337b,37
8ba16b4b-5dc1-441e-9229-8bb63c903ce1,b3230578-426f-4b84-bfe2-6a8136c6a3af,3
8ba16b4b-5dc1-441e-9229-8bb63c903ce1,b41b2403-9f06-4d55-adc5-b0777373ca7e,3
8ba16b4b-5dc1-441e-9229-8bb63c903ce1,b7a52679-bac9-4e00-9dfd-06a22a7cf088,1
8ba16b4b-5dc1-441e-9229-8bb63c903ce1,b9cfefa1-1e5e-4fd7-a9d5-458e4c3a20db,3
8ba16b4b-5dc1-441e-9229-8bb63c903ce1,ba21eb65-8546-40e5-a425-0d228d0eaeac,35
8ba16b4b-5dc1-441e-9229-8bb63c903ce1,bd954447-a92c-4899-a9a8-4a58569fd4d2,1
8ba16b4b-5dc1-441e-9229-8bb63c903ce1,c0d8ed4a-ec11-48e2-a468-6cd93327305b,3
8ba16b4b-5dc1-441e-9229-8bb63c903ce1,c3b1dca8-2cb4-4025-9527-36163a098c1f,5
8ba16b4b-5dc1-441e-9229-8bb63c903ce1,c6e26bd3-724f-45d3-93af-ef431e6fcd42,2
8ba16b4b-5dc1-441e-9229-8bb63c903ce1,c6f061f1-9cb7-4e0a-a281-4fc80527c5d7,2
8ba16b4b-5dc1-441e-9229-8bb63c903ce1,c7822b58-103f-4612-87ef-648be97192c6,23
8ba16b4b-5dc1-441e-9229-8bb63c903ce1,cabae19e-836c-48c4-903e-7357789f9260,23
8ba16b4b-5dc1-441e-9229-8bb63c903ce1,cfb17042-9f10-4e44-99f4-358bad067455,1
8ba16b4b-5dc1-441e-9229-8bb63c903ce1,d07ef52c-cc10-4445-a3a1-dfe50371f110,1
8ba16b4b-5dc1-441e-9229-8bb63c903ce1,d1bb566e-a111-43b7-8856-273ebac1f753,10
8ba16b4b-5dc1-441e-9229-8bb63c903ce1,d59d1492-57b6-482b-88b6-b2b77c45c33d,1
8ba16b4b-5dc1-441e-9229-8bb63c903ce1,d847851a-777b-43c6-83b3-392672659edc,1
8ba16b4b-5dc1-441e-9229-8bb63c903ce1,e10065e1-776d-4bf3-8669-56788c453079,26
8ba16b4b-5dc1-441e-9229-8bb63c903ce1,e5c4753f-d2d8-4a4a-ae9d-62118892a731,2
8ba16b4b-5dc1-441e-9229-8bb63c903ce1,e6cc253d-14cb-437b-be88-4966f5fcb1f5,2
8ba16b4b-5dc1-441e-9229-8bb63c903ce1,e70c3ee3-cca2-4521-abea-b124dcec0952,5
8ba16b4b-5dc1-441e-9229-8bb63c903ce1,ec571f94-11b8-47d7-bb47-fd0d2d7c7f07,2
8ba16b4b-5dc1-441e-9229-8bb63c903ce1,f289b7eb-f6ba-415b-90d9-1124c652637c,1
8ba16b4b-5dc1-441e-9229-8bb63c903ce1,f31cabe4-e1f4-46db-88a9-b46ba44dded4,3
8ba16b4b-5dc1-441e-9229-8bb63c903ce1,fa4d473c-e553-439e-8f53-ca5f2b203dbd,1
8ba16b4b-5dc1-441e-9229-8bb63c903ce1,fdc445bd-f8fe-4cfc-b387-7fd66a181674,1
8c5a8186-8f46-4bca-956d-06d4fa521635,8dfa0156-0834-4c00-87e8-c4e9919f781f,1
8c5a8186-8f46-4bca-956d-06d4fa521635,935fc903-0272-4f85-84e7-6c22aa9710f3,2
8c5a8186-8f46-4bca-956d-06d4fa521635,9431dc1b-9891-4d15-aaf1-b98e347c3b46,1
8c5a8186-8f46-4bca-956d-06d4fa521635,9b13c8c8-eba4-411e-b095-858e352d3178,3
8c5a8186-8f46-4bca-956d-06d4fa521635,9c4710f5-fb0b-42cc-9d53-4cf5dfe6e27c,1
8c5a8186-8f46-4bca-956d-06d4fa521635,9ea41959-b952-4e42-92fb-bc616ac17241,5
8c5a8186-8f46-4bca-956d-06d4fa521635,9f3aadb0-0f76-49b8-9e54-126c97fc0ae8,1
8c5a8186-8f46-4bca-956d-06d4fa521635,a1811d65-87c9-484a-ac37-d0ba90214f91,1
8c5a8186-8f46-4bca-956d-06d4fa521635,a900b4e7-92d9-4903-ab21-3189f17fe2e0,4
8c5a8186-8f46-4bca-956d-06d4fa521635,aa0272f6-6e3c-41f7-b040-b774b30d2196,43
8c5a8186-8f46-4bca-956d-06d4fa521635,ac61813c-2d49-4318-b5d0-32e3559b8db4,1
8c5a8186-8f46-4bca-956d-06d4fa521635,ae91b7a3-544d-40c7-8373-815a0bd18cf0,3
8c5a8186-8f46-4bca-956d-06d4fa521635,bd954447-a92c-4899-a9a8-4a58569fd4d2,1
8c5a8186-8f46-4bca-956d-06d4fa521635,c128a46d-ebd9-4ee9-80cc-16bfe505e539,15
8c5a8186-8f46-4bca-956d-06d4fa521635,c606904d-daef-44ff-bd30-cfdc1e6b5185,1
8c5a8186-8f46-4bca-956d-06d4fa521635,c6b2bdaf-8c1f-4b88-a8cb-167941b98bfb,1
8c5a8186-8f46-4bca-956d-06d4fa521635,c7822b58-103f-4612-87ef-648be97192c6,1
8c5a8186-8f46-4bca-956d-06d4fa521635,cf4c4d24-798d-4bbe-bf06-23ca674f0d28,1
8c5a8186-8f46-4bca-956d-06d4fa521635,d6c2b5eb-b21a-440a-b628-75492d313ffa,1
8c5a8186-8f46-4bca-956d-06d4fa521635,d847851a-777b-43c6-83b3-392672659edc,3
8c5a8186-8f46-4bca-956d-06d4fa521635,ddaff486-ef62-4200-aeb9-eeb4bedcc620,2
8c5a8186-8f46-4bca-956d-06d4fa521635,e6cc253d-14cb-437b-be88-4966f5fcb1f5,26
8c5a8186-8f46-4bca-956d-06d4fa521635,e7f0d8e8-4c52-4d0a-8b94-28729046f45b,3
8c5a8186-8f46-4bca-956d-06d4fa521635,edb8800b-6f1b-4e13-be0a-5b88fbd13c82,3
8dcd68d9-3f9b-4c92-b3e6-9f6c48a3bdfe,aa612b6e-b61d-43a8-8775-c83839a9f6ef,1
8dcd68d9-3f9b-4c92-b3e6-9f6c48a3bdfe,c6b2bdaf-8c1f-4b88-a8cb-167941b98bfb,1
8dcd68d9-3f9b-4c92-b3e6-9f6c48a3bdfe,cefbf19c-653b-4af7-84a6-e17fba0e4a70,5
8dcd68d9-3f9b-4c92-b3e6-9f6c48a3bdfe,d6c2b5eb-b21a-440a-b628-75492d313ffa,1
8dcd68d9-3f9b-4c92-b3e6-9f6c48a3bdfe,ddaff486-ef62-4200-aeb9-eeb4bedcc620,13
8dcd68d9-3f9b-4c92-b3e6-9f6c48a3bdfe,e5c9b4ba-9064-4858-a052-bb3bbecfac4b,2
8dcd68d9-3f9b-4c92-b3e6-9f6c48a3bdfe,ec273841-069f-408b-b434-8524904ae314,9
8dfa0156-0834-4c00-87e8-c4e9919f781f,935fc903-0272-4f85-84e7-6c22aa9710f3,4
8dfa0156-0834-4c00-87e8-c4e9919f781f,973da897-66c7-4010-a98d-505e0e97a60c,6
8dfa0156-0834-4c00-87e8-c4e9919f781f,974099ff-20a6-4119-84be-96e244befc55,2
8dfa0156-0834-4c00-87e8-c4e9919f781f,9b13c8c8-eba4-411e-b095-858e352d3178,6
8dfa0156-0834-4c00-87e8-c4e9919f781f,9f855643-68a2-409e-b4fe-81b92547212a,4
8dfa0156-0834-4c00-87e8-c4e9919f781f,a3986ffd-c057-46cc-afd5-54846c9955ef,7
8dfa0156-0834-4c00-87e8-c4e9919f781f,ab97f146-7308-4a7e-9197-2ef5ee467a95,8
8dfa0156-0834-4c00-87e8-c4e9919f781f,ac969248-8799-4f53-ad71-76815c79da35,2
8dfa0156-0834-4c00-87e8-c4e9919f781f,af31a147-9feb-4f6e-8e8a-aeced0fcc56f,4
8dfa0156-0834-4c00-87e8-c4e9919f781f,b41b2403-9f06-4d55-adc5-b0777373ca7e,2
8dfa0156-0834-4c00-87e8-c4e9919f781f,bf030048-0434-42f1-bbed-8b0c04014db4,20
8dfa0156-0834-4c00-87e8-c4e9919f781f,c606904d-daef-44ff-bd30-cfdc1e6b5185,3
8dfa0156-0834-4c00-87e8-c4e9919f781f,c60c655f-40ba-47b0-8e93-a2c8d1ff4743,4
8dfa0156-0834-4c00-87e8-c4e9919f781f,c6e26bd3-724f-45d3-93af-ef431e6fcd42,2
8dfa0156-0834-4c00-87e8-c4e9919f781f,c955972d-2702-4d28-8461-262072218f3f,2
8dfa0156-0834-4c00-87e8-c4e9919f781f,ce747c36-3ef4-49e3-b55e-1bc99db62413,11
8dfa0156-0834-4c00-87e8-c4e9919f781f,cefbf19c-653b-4af7-84a6-e17fba0e4a70,1
8dfa0156-0834-4c00-87e8-c4e9919f781f,d07ef52c-cc10-4445-a3a1-dfe50371f110,2
8dfa0156-0834-4c00-87e8-c4e9919f781f,d653bf17-e60f-4512-9258-a68ec026e381,17
8dfa0156-0834-4c00-87e8-c4e9919f781f,d6c2b5eb-b21a-440a-b628-75492d313ffa,3
8dfa0156-0834-4c00-87e8-c4e9919f781f,d847851a-777b-43c6-83b3-392672659edc,4
8dfa0156-0834-4c00-87e8-c4e9919f781f,da9f33b0-80ca-49eb-a1ec-def3b46538d9,2
8dfa0156-0834-4c00-87e8-c4e9919f781f,de076177-b820-4aff-9629-6829277e1c16,1
8dfa0156-0834-4c00-87e8-c4e9919f781f,de674538-350f-4a5a-9f8e-fa8f7c4b93ca,1
8dfa0156-0834-4c00-87e8-c4e9919f781f,e5c9b4ba-9064-4858-a052-bb3bbecfac4b,1
8dfa0156-0834-4c00-87e8-c4e9919f781f,ea21d788-7cfe-41ff-b22f-0664397139af,3
8dfa0156-0834-4c00-87e8-c4e9919f781f,fd45195f-c35d-47c9-844e-a5893e10839e,3
8dfa0156-0834-4c00-87e8-c4e9919f781f,fdc445bd-f8fe-4cfc-b387-7fd66a181674,5
8ee20f38-f3f0-4ff9-b5d9-84557b5ddcb1,980a8ae3-b1c7-4912-ab9e-be3e6fd20d36,1
8ee20f38-f3f0-4ff9-b5d9-84557b5ddcb1,9b13c8c8-eba4-411e-b095-858e352d3178,2
8ee20f38-f3f0-4ff9-b5d9-84557b5ddcb1,9e79de98-e914-4dc8-8dc7-6d7cb09b93d7,1
8ee20f38-f3f0-4ff9-b5d9-84557b5ddcb1,9f0c39d6-4a57-4849-9215-aa1147c7e0f6,5
8ee20f38-f3f0-4ff9-b5d9-84557b5ddcb1,a68468b6-51ea-440c-9387-b44ba10ad8b6,1
8ee20f38-f3f0-4ff9-b5d9-84557b5ddcb1,ab15ce32-a527-4526-a5b2-0f2cdb92feeb,1
8ee20f38-f3f0-4ff9-b5d9-84557b5ddcb1,b41b2403-9f06-4d55-adc5-b0777373ca7e,4
8ee20f38-f3f0-4ff9-b5d9-84557b5ddcb1,b7a52679-bac9-4e00-9dfd-06a22a7cf088,2
8ee20f38-f3f0-4ff9-b5d9-84557b5ddcb1,b9cfefa1-1e5e-4fd7-a9d5-458e4c3a20db,1
8ee20f38-f3f0-4ff9-b5d9-84557b5ddcb1,c7822b58-103f-4612-87ef-648be97192c6,5
8ee20f38-f3f0-4ff9-b5d9-84557b5ddcb1,ccea26dd-dcae-4174-8945-ec5cb568e951,2
8ee20f38-f3f0-4ff9-b5d9-84557b5ddcb1,d07ef52c-cc10-4445-a3a1-dfe50371f110,3
8ee20f38-f3f0-4ff9-b5d9-84557b5ddcb1,d59d1492-57b6-482b-88b6-b2b77c45c33d,1
8ee20f38-f3f0-4ff9-b5d9-84557b5ddcb1,d847851a-777b-43c6-83b3-392672659edc,2
8ee20f38-f3f0-4ff9-b5d9-84557b5ddcb1,e6cc253d-14cb-437b-be88-4966f5fcb1f5,1
8ee20f38-f3f0-4ff9-b5d9-84557b5ddcb1,e70c3ee3-cca2-4521-abea-b124dcec0952,3
8ee20f38-f3f0-4ff9-b5d9-84557b5ddcb1,f31cabe4-e1f4-46db-88a9-b46ba44dded4,3
8ee20f38-f3f0-4ff9-b5d9-84557b5ddcb1,fa4d473c-e553-439e-8f53-ca5f2b203dbd,2
8ee20f38-f3f0-4ff9-b5d9-84557b5ddcb1,fb291eb2-962a-482f-971a-0b62673f9a86,2
8f6a5115-367e-4dc2-88c5-1eae50593652,935fc903-0272-4f85-84e7-6c22aa9710f3,2
8f6a5115-367e-4dc2-88c5-1eae50593652,99c6218e-8f0c-45d4-bd24-f300c6cfcb2f,1
8f6a5115-367e-4dc2-88c5-1eae50593652,9b13c8c8-eba4-411e-b095-858e352d3178,1
8f6a5115-367e-4dc2-88c5-1eae50593652,9ea41959-b952-4e42-92fb-bc616ac17241,4
8f6a5115-367e-4dc2-88c5-1eae50593652,a1877608-2b03-4620-b854-d57de44cd52e,4
8f6a5115-367e-4dc2-88c5-1eae50593652,a4074721-5d4d-444a-bb98-1ddbc592a78a,3
8f6a5115-367e-4dc2-88c5-1eae50593652,aa0272f6-6e3c-41f7-b040-b774b30d2196,1
8f6a5115-367e-4dc2-88c5-1eae50593652,ae91b7a3-544d-40c7-8373-815a0bd18cf0,2
8f6a5115-367e-4dc2-88c5-1eae50593652,b3230578-426f-4b84-bfe2-6a8136c6a3af,1
8f6a5115-367e-4dc2-88c5-1eae50593652,b4fdf408-8296-4d14-9e95-b4b96dc20751,2
8f6a5115-367e-4dc2-88c5-1eae50593652,bb3a9cf3-6f64-4092-85a1-4318244ee603,1
8f6a5115-367e-4dc2-88c5-1eae50593652,bd954447-a92c-4899-a9a8-4a58569fd4d2,9
8f6a5115-367e-4dc2-88c5-1eae50593652,bf030048-0434-42f1-bbed-8b0c04014db4,1
8f6a5115-367e-4dc2-88c5-1eae50593652,bf97025a-1c30-4042-bffe-948027f24e6c,2
8f6a5115-367e-4dc2-88c5-1eae50593652,c0648a21-11c6-4b4f-a4be-205d7dcbb746,5
8f6a5115-367e-4dc2-88c5-1eae50593652,c1554da8-5650-43fe-893a-2cd8f5f8b4d5,1
8f6a5115-367e-4dc2-88c5-1eae50593652,cefbf19c-653b-4af7-84a6-e17fba0e4a70,3
8f6a5115-367e-4dc2-88c5-1eae50593652,cfb17042-9f10-4e44-99f4-358bad067455,1
8f6a5115-367e-4dc2-88c5-1eae50593652,d07ef52c-cc10-4445-a3a1-dfe50371f110,2
8f6a5115-367e-4dc2-88c5-1eae50593652,d0d8dcbd-4818-4925-a684-13767c7dae0d,1
8f6a5115-367e-4dc2-88c5-1eae50593652,d847851a-777b-43c6-83b3-392672659edc,3
8f6a5115-367e-4dc2-88c5-1eae50593652,da26504f-588f-4f69-85bd-1e2b627441e2,1
8f6a5115-367e-4dc2-88c5-1eae50593652,e6cc253d-14cb-437b-be88-4966f5fcb1f5,1
8f6a5115-367e-4dc2-88c5-1eae50593652,e7f0d8e8-4c52-4d0a-8b94-28729046f45b,1
8f6a5115-367e-4dc2-88c5-1eae50593652,fdc445bd-f8fe-4cfc-b387-7fd66a181674,2
8f81c0fd-e9cc-42ad-8e93-7bb0456955d3,c8935902-45d6-45d6-ac31-77bc0e143154,1
8f81c0fd-e9cc-42ad-8e93-7bb0456955d3,ccea26dd-dcae-4174-8945-ec5cb568e951,1
8f81c0fd-e9cc-42ad-8e93-7bb0456955d3,dae67415-1ed1-4464-a59e-75170eb1925d,1
92fe14f9-9abe-4759-b311-8b635302c2f2,93ace320-ab4e-42d3-9783-b2e2e02eb546,1
92fe14f9-9abe-4759-b311-8b635302c2f2,97ffe642-648f-4dab-a0e8-0720e96e3e35,1
92fe14f9-9abe-4759-b311-8b635302c2f2,98aa8bde-85b0-49ed-9795-e2eeb206e3b8,3
92fe14f9-9abe-4759-b311-8b635302c2f2,9ab41898-332f-4c08-a834-d58b4669c990,2
92fe14f9-9abe-4759-b311-8b635302c2f2,9f0c39d6-4a57-4849-9215-aa1147c7e0f6,1
92fe14f9-9abe-4759-b311-8b635302c2f2,a396ae20-6309-456b-a5ae-e4068dea8a67,5
92fe14f9-9abe-4759-b311-8b635302c2f2,ab15ce32-a527-4526-a5b2-0f2cdb92feeb,1
92fe14f9-9abe-4759-b311-8b635302c2f2,b29c0e00-7ac2-4c28-ab4f-8fceb156337b,10
92fe14f9-9abe-4759-b311-8b635302c2f2,b41b2403-9f06-4d55-adc5-b0777373ca7e,1
92fe14f9-9abe-4759-b311-8b635302c2f2,ba21eb65-8546-40e5-a425-0d228d0eaeac,3
92fe14f9-9abe-4759-b311-8b635302c2f2,c3b1dca8-2cb4-4025-9527-36163a098c1f,2
92fe14f9-9abe-4759-b311-8b635302c2f2,c60c655f-40ba-47b0-8e93-a2c8d1ff4743,1
92fe14f9-9abe-4759-b311-8b635302c2f2,cabae19e-836c-48c4-903e-7357789f9260,7
92fe14f9-9abe-4759-b311-8b635302c2f2,cf4c4d24-798d-4bbe-bf06-23ca674f0d28,2
92fe14f9-9abe-4759-b311-8b635302c2f2,cfb17042-9f10-4e44-99f4-358bad067455,2
92fe14f9-9abe-4759-b311-8b635302c2f2,d1bb566e-a111-43b7-8856-273ebac1f753,3
92fe14f9-9abe-4759-b311-8b635302c2f2,d847851a-777b-43c6-83b3-392672659edc,1
92fe14f9-9abe-4759-b311-8b635302c2f2,e10065e1-776d-4bf3-8669-56788c453079,2
92fe14f9-9abe-4759-b311-8b635302c2f2,e5f316f0-e4e7-4cf0-a064-ed9321737487,13
92fe14f9-9abe-4759-b311-8b635302c2f2,ef8d31db-0876-4998-b0d9-056643260d46,1
935fc903-0272-4f85-84e7-6c22aa9710f3,95b979e4-888d-402d-8167-4f817cea413b,2
935fc903-0272-4f85-84e7-6c22aa9710f3,98aa8bde-85b0-49ed-9795-e2eeb206e3b8,9
935fc903-0272-4f85-84e7-6c22aa9710f3,9ab41898-332f-4c08-a834-d58b4669c990,1
935fc903-0272-4f85-84e7-6c22aa9710f3,9b13c8c8-eba4-411e-b095-858e352d3178,5
935fc903-0272-4f85-84e7-6c22aa9710f3,9bf12da8-39ea-4505-9500-764bc440cfc9,2
935fc903-0272-4f85-84e7-6c22aa9710f3,9d2229a5-c46a-485a-9b82-315e270c3e9a,4
935fc903-0272-4f85-84e7-6c22aa9710f3,9e009009-0ec2-4eea-9a2e-dfd82f88db87,1
935fc903-0272-4f85-84e7-6c22aa9710f3,9f3aadb0-0f76-49b8-9e54-126c97fc0ae8,1
935fc903-0272-4f85-84e7-6c22aa9710f3,a04d4b85-56f0-448f-b5e8-28b5340af204,2
935fc903-0272-4f85-84e7-6c22aa9710f3,a4074721-5d4d-444a-bb98-1ddbc592a78a,2
935fc903-0272-4f85-84e7-6c22aa9710f3,a8e4581d-5186-4367-95c5-0a754c60b276,4
935fc903-0272-4f85-84e7-6c22aa9710f3,aa612b6e-b61d-43a8-8775-c83839a9f6ef,1
935fc903-0272-4f85-84e7-6c22aa9710f3,ab15ce32-a527-4526-a5b2-0f2cdb92feeb,3
935fc903-0272-4f85-84e7-6c22aa9710f3,ab97f146-7308-4a7e-9197-2ef5ee467a95,3
935fc903-0272-4f85-84e7-6c22aa9710f3,ac61813c-2d49-4318-b5d0-32e3559b8db4,21
935fc903-0272-4f85-84e7-6c22aa9710f3,ad8654f3-811a-4a63-ab7a-01bf76347caa,1
935fc903-0272-4f85-84e7-6c22aa9710f3,ae91b7a3-544d-40c7-8373-815a0bd18cf0,1
935fc903-0272-4f85-84e7-6c22aa9710f3,b29c0e00-7ac2-4c28-ab4f-8fceb156337b,1
935fc903-0272-4f85-84e7-6c22aa9710f3,b3230578-426f-4b84-bfe2-6a8136c6a3af,1
935fc903-0272-4f85-84e7-6c22aa9710f3,b4fdf408-8296-4d14-9e95-b4b96dc20751,6
935fc903-0272-4f85-84e7-6c22aa9710f3,b7a52679-bac9-4e00-9dfd-06a22a7cf088,2
935fc903-0272-4f85-84e7-6c22aa9710f3,b8d002bc-ea6c-4f57-b36e-38415b205e09,1
935fc903-0272-4f85-84e7-6c22aa9710f3,ba21eb65-8546-40e5-a425-0d228d0eaeac,20
935fc903-0272-4f85-84e7-6c22aa9710f3,bb3a9cf3-6f64-4092-85a1-4318244ee603,2
935fc903-0272-4f85-84e7-6c22aa9710f3,bb6801d4-f671-4ade-aa86-29aa89373dd9,1
935fc903-0272-4f85-84e7-6c22aa9710f3,bd954447-a92c-4899-a9a8-4a58569fd4d2,5
935fc903-0272-4f85-84e7-6c22aa9710f3,bf030048-0434-42f1-bbed-8b0c04014db4,6
935fc903-0272-4f85-84e7-6c22aa9710f3,c0648a21-11c6-4b4f-a4be-205d7dcbb746,5
935fc903-0272-4f85-84e7-6c22aa9710f3,c0d8ed4a-ec11-48e2-a468-6cd93327305b,4
935fc903-0272-4f85-84e7-6c22aa9710f3,c128a46d-ebd9-4ee9-80cc-16bfe505e539,1
935fc903-0272-4f85-84e7-6c22aa9710f3,c1c11045-81c6-43a3-96e4-4cc6d5f2fbb4,1
935fc903-0272-4f85-84e7-6c22aa9710f3,c3b1dca8-2cb4-4025-9527-36163a098c1f,8
935fc903-0272-4f85-84e7-6c22aa9710f3,c606904d-daef-44ff-bd30-cfdc1e6b5185,1
935fc903-0272-4f85-84e7-6c22aa9710f3,c6b2bdaf-8c1f-4b88-a8cb-167941b98bfb,1
935fc903-0272-4f85-84e7-6c22aa9710f3,c8935902-45d6-45d6-ac31-77bc0e143154,6
935fc903-0272-4f85-84e7-6c22aa9710f3,c955972d-2702-4d28-8461-262072218f3f,2
935fc903-0272-4f85-84e7-6c22aa9710f3,caaae646-de85-453f-b6e0-9b9b4f710f03,5
935fc903-0272-4f85-84e7-6c22aa9710f3,cefbf19c-653b-4af7-84a6-e17fba0e4a70,7
935fc903-0272-4f85-84e7-6c22aa9710f3,cfb17042-9f10-4e44-99f4-358bad067455,7
935fc903-0272-4f85-84e7-6c22aa9710f3,d07ef52c-cc10-4445-a3a1-dfe50371f110,1
935fc903-0272-4f85-84e7-6c22aa9710f3,d53f00ee-a955-434a-b636-f07d79859c49,2
935fc903-0272-4f85-84e7-6c22aa9710f3,d6c2b5eb-b21a-440a-b628-75492d313ffa,1
935fc903-0272-4f85-84e7-6c22aa9710f3,d847851a-777b-43c6-83b3-392672659edc,17
935fc903-0272-4f85-84e7-6c22aa9710f3,da9f33b0-80ca-49eb-a1ec-def3b46538d9,1
935fc903-0272-4f85-84e7-6c22aa9710f3,dae67415-1ed1-4464-a59e-75170eb1925d,3
935fc903-0272-4f85-84e7-6c22aa9710f3,e6cc253d-14cb-437b-be88-4966f5fcb1f5,6
935fc903-0272-4f85-84e7-6c22aa9710f3,e7f0d8e8-4c52-4d0a-8b94-28729046f45b,2
935fc903-0272-4f85-84e7-6c22aa9710f3,ec273841-069f-408b-b434-8524904ae314,2
935fc903-0272-4f85-84e7-6c22aa9710f3,edb8800b-6f1b-4e13-be0a-5b88fbd13c82,4
935fc903-0272-4f85-84e7-6c22aa9710f3,edefa48b-f14e-4ec3-ab3c-dfe2aa0126ec,4
935fc903-0272-4f85-84e7-6c22aa9710f3,ee32e8d2-aa15-4603-901e-2cc3c72e9ead,22
935fc903-0272-4f85-84e7-6c22aa9710f3,eef0e09f-c709-4de5-8b44-086876d5f631,1
935fc903-0272-4f85-84e7-6c22aa9710f3,f29c0ba8-4d4a-4cca-bb1b-229f68b4ae6a,3
935fc903-0272-4f85-84e7-6c22aa9710f3,fa4d473c-e553-439e-8f53-ca5f2b203dbd,10
935fc903-0272-4f85-84e7-6c22aa9710f3,fdc445bd-f8fe-4cfc-b387-7fd66a181674,6
93ace320-ab4e-42d3-9783-b2e2e02eb546,97ffe642-648f-4dab-a0e8-0720e96e3e35,4
93ace320-ab4e-42d3-9783-b2e2e02eb546,98aa8bde-85b0-49ed-9795-e2eeb206e3b8,1
93ace320-ab4e-42d3-9783-b2e2e02eb546,a04d4b85-56f0-448f-b5e8-28b5340af204,2
93ace320-ab4e-42d3-9783-b2e2e02eb546,a962ffcb-a300-45e1-8850-70c7173c233e,1
93ace320-ab4e-42d3-9783-b2e2e02eb546,aa316142-d6ee-4138-bf48-37cd7d11d058,1
93ace320-ab4e-42d3-9783-b2e2e02eb546,ab97f146-7308-4a7e-9197-2ef5ee467a95,1
93ace320-ab4e-42d3-9783-b2e2e02eb546,b29c0e00-7ac2-4c28-ab4f-8fceb156337b,6
93ace320-ab4e-42d3-9783-b2e2e02eb546,ba21eb65-8546-40e5-a425-0d228d0eaeac,10
93ace320-ab4e-42d3-9783-b2e2e02eb546,cabae19e-836c-48c4-903e-7357789f9260,3
93ace320-ab4e-42d3-9783-b2e2e02eb546,cf4c4d24-798d-4bbe-bf06-23ca674f0d28,1
93ace320-ab4e-42d3-9783-b2e2e02eb546,d1bb566e-a111-43b7-8856-273ebac1f753,5
93ace320-ab4e-42d3-9783-b2e2e02eb546,e10065e1-776d-4bf3-8669-56788c453079,2
942a29b8-057f-4dba-a8cd-3c35e5a81aaf,94f6aaa0-69ed-4721-a62c-c2b592bec175,1
942a29b8-057f-4dba-a8cd-3c35e5a81aaf,98aa8bde-85b0-49ed-9795-e2eeb206e3b8,12
942a29b8-057f-4dba-a8cd-3c35e5a81aaf,9c8bc5bc-8d13-4c11-be37-57a43a1d734b,38
942a29b8-057f-4dba-a8cd-3c35e5a81aaf,9e79de98-e914-4dc8-8dc7-6d7cb09b93d7,5
942a29b8-057f-4dba-a8cd-3c35e5a81aaf,a0b48551-42b7-4c55-9556-6b997d978ff2,3
942a29b8-057f-4dba-a8cd-3c35e5a81aaf,a68468b6-51ea-440c-9387-b44ba10ad8b6,11
942a29b8-057f-4dba-a8cd-3c35e5a81aaf,a8e4581d-5186-4367-95c5-0a754c60b276,1
942a29b8-057f-4dba-a8cd-3c35e5a81aaf,ab15ce32-a527-4526-a5b2-0f2cdb92feeb,1
942a29b8-057f-4dba-a8cd-3c35e5a81aaf,b41b2403-9f06-4d55-adc5-b0777373ca7e,8
942a29b8-057f-4dba-a8cd-3c35e5a81aaf,c6e26bd3-724f-45d3-93af-ef431e6fcd42,5
942a29b8-057f-4dba-a8cd-3c35e5a81aaf,ccea26dd-dcae-4174-8945-ec5cb568e951,4
942a29b8-057f-4dba-a8cd-3c35e5a81aaf,ce400601-651e-4ac9-a43e-ed8d4817b7fd,1
942a29b8-057f-4dba-a8cd-3c35e5a81aaf,d34e1efc-fbba-4ad8-823a-61bc3f25d580,4
942a29b8-057f-4dba-a8cd-3c35e5a81aaf,d38ca3cf-9803-48dc-8592-c67c4430168e,55
942a29b8-057f-4dba-a8cd-3c35e5a81aaf,dab4cf29-4843-4261-b09b-973fe98dbf65,6
942a29b8-057f-4dba-a8cd-3c35e5a81aaf,e6cc253d-14cb-437b-be88-4966f5fcb1f5,10
942a29b8-057f-4dba-a8cd-3c35e5a81aaf,e85125f3-b7cf-426c-9355-412838893f55,8
942a29b8-057f-4dba-a8cd-3c35e5a81aaf,ea21d788-7cfe-41ff-b22f-0664397139af,4
942a29b8-057f-4dba-a8cd-3c35e5a81aaf,ee32e8d2-aa15-4603-901e-2cc3c72e9ead,1
942a29b8-057f-4dba-a8cd-3c35e5a81aaf,ef8d31db-0876-4998-b0d9-056643260d46,2
942a29b8-057f-4dba-a8cd-3c35e5a81aaf,f31cabe4-e1f4-46db-88a9-b46ba44dded4,1
942a29b8-057f-4dba-a8cd-3c35e5a81aaf,fa4d473c-e553-439e-8f53-ca5f2b203dbd,3
9431dc1b-9891-4d15-aaf1-b98e347c3b46,aa0272f6-6e3c-41f7-b040-b774b30d2196,7
9431dc1b-9891-4d15-aaf1-b98e347c3b46,b29c0e00-7ac2-4c28-ab4f-8fceb156337b,2
9431dc1b-9891-4d15-aaf1-b98e347c3b46,ba21eb65-8546-40e5-a425-0d228d0eaeac,5
9431dc1b-9891-4d15-aaf1-b98e347c3b46,bf97025a-1c30-4042-bffe-948027f24e6c,5
9431dc1b-9891-4d15-aaf1-b98e347c3b46,c0d8ed4a-ec11-48e2-a468-6cd93327305b,18
9431dc1b-9891-4d15-aaf1-b98e347c3b46,cabae19e-836c-48c4-903e-7357789f9260,2
9431dc1b-9891-4d15-aaf1-b98e347c3b46,cfd07390-25a9-4fdb-bced-8a463530bf51,2
9431dc1b-9891-4d15-aaf1-b98e347c3b46,d0d8dcbd-4818-4925-a684-13767c7dae0d,1
9431dc1b-9891-4d15-aaf1-b98e347c3b46,e10065e1-776d-4bf3-8669-56788c453079,4
94f6aaa0-69ed-4721-a62c-c2b592bec175,98aa8bde-85b0-49ed-9795-e2eeb206e3b8,29
94f6aaa0-69ed-4721-a62c-c2b592bec175,9b13c8c8-eba4-411e-b095-858e352d3178,19
94f6aaa0-69ed-4721-a62c-c2b592bec175,9c8bc5bc-8d13-4c11-be37-57a43a1d734b,1
94f6aaa0-69ed-4721-a62c-c2b592bec175,a396ae20-6309-456b-a5ae-e4068dea8a67,1
94f6aaa0-69ed-4721-a62c-c2b592bec175,a3b17348-54cf-4bca-82d4-e62bd46c2fbc,1
94f6aaa0-69ed-4721-a62c-c2b592bec175,a437e923-725f-415e-a01d-5588a7af933e,22
94f6aaa0-69ed-4721-a62c-c2b592bec175,a68468b6-51ea-440c-9387-b44ba10ad8b6,10
94f6aaa0-69ed-4721-a62c-c2b592bec175,ab15ce32-a527-4526-a5b2-0f2cdb92feeb,46
94f6aaa0-69ed-4721-a62c-c2b592bec175,b41b2403-9f06-4d55-adc5-b0777373ca7e,79
94f6aaa0-69ed-4721-a62c-c2b592bec175,b50b3f0b-afc8-46e5-bfda-cb60e2935a5a,3
94f6aaa0-69ed-4721-a62c-c2b592bec175,b625d2bf-da74-40a2-b013-2069a09dcb6c,2
94f6aaa0-69ed-4721-a62c-c2b592bec175,bb6801d4-f671-4ade-aa86-29aa89373dd9,2
94f6aaa0-69ed-4721-a62c-c2b592bec175,bf030048-0434-42f1-bbed-8b0c04014db4,9
94f6aaa0-69ed-4721-a62c-c2b592bec175,bf494e35-c009-4c74-a5c6-3cb2cd26bb51,5
94f6aaa0-69ed-4721-a62c-c2b592bec175,c6e26bd3-724f-45d3-93af-ef431e6fcd42,1
94f6aaa0-69ed-4721-a62c-c2b592bec175,ccea26dd-dcae-4174-8945-ec5cb568e951,4
94f6aaa0-69ed-4721-a62c-c2b592bec175,d34e1efc-fbba-4ad8-823a-61bc3f25d580,8
94f6aaa0-69ed-4721-a62c-c2b592bec175,d38ca3cf-9803-48dc-8592-c67c4430168e,9
94f6aaa0-69ed-4721-a62c-c2b592bec175,d59d1492-57b6-482b-88b6-b2b77c45c33d,15
94f6aaa0-69ed-4721-a62c-c2b592bec175,d847851a-777b-43c6-83b3-392672659edc,23
94f6aaa0-69ed-4721-a62c-c2b592bec175,e5c4753f-d2d8-4a4a-ae9d-62118892a731,6
94f6aaa0-69ed-4721-a62c-c2b592bec175,ee32e8d2-aa15-4603-901e-2cc3c72e9ead,10
94f6aaa0-69ed-4721-a62c-c2b592bec175,f31cabe4-e1f4-46db-88a9-b46ba44dded4,12
94f6aaa0-69ed-4721-a62c-c2b592bec175,fa4d473c-e553-439e-8f53-ca5f2b203dbd,3
950c21d2-8a14-406d-b3af-877360bbd0ab,9b13c8c8-eba4-411e-b095-858e352d3178,1
950c21d2-8a14-406d-b3af-877360bbd0ab,9e79de98-e914-4dc8-8dc7-6d7cb09b93d7,4
950c21d2-8a14-406d-b3af-877360bbd0ab,a04d4b85-56f0-448f-b5e8-28b5340af204,1
950c21d2-8a14-406d-b3af-877360bbd0ab,a437e923-725f-415e-a01d-5588a7af933e,4
950c21d2-8a14-406d-b3af-877360bbd0ab,b41b2403-9f06-4d55-adc5-b0777373ca7e,4
950c21d2-8a14-406d-b3af-877360bbd0ab,bf030048-0434-42f1-bbed-8b0c04014db4,1
950c21d2-8a14-406d-b3af-877360bbd0ab,d0d8dcbd-4818-4925-a684-13767c7dae0d,1
950c21d2-8a14-406d-b3af-877360bbd0ab,d34e1efc-fbba-4ad8-823a-61bc3f25d580,5
950c21d2-8a14-406d-b3af-877360bbd0ab,e5c4753f-d2d8-4a4a-ae9d-62118892a731,2
9522ae6b-a187-4f51-9df7-1b0feb767d6e,98cf30be-80d9-498a-966f-10f3ae8ffe22,1
9522ae6b-a187-4f51-9df7-1b0feb767d6e,990c794a-2170-435a-8c43-97d4fd0e621e,1
9522ae6b-a187-4f51-9df7-1b0feb767d6e,9b13c8c8-eba4-411e-b095-858e352d3178,6
9522ae6b-a187-4f51-9df7-1b0feb767d6e,9d2229a5-c46a-485a-9b82-315e270c3e9a,3
9522ae6b-a187-4f51-9df7-1b0feb767d6e,9ea41959-b952-4e42-92fb-bc616ac17241,11
9522ae6b-a187-4f51-9df7-1b0feb767d6e,a900b4e7-92d9-4903-ab21-3189f17fe2e0,2
9522ae6b-a187-4f51-9df7-1b0feb767d6e,aa0272f6-6e3c-41f7-b040-b774b30d2196,2
9522ae6b-a187-4f51-9df7-1b0feb767d6e,ab97f146-7308-4a7e-9197-2ef5ee467a95,12
9522ae6b-a187-4f51-9df7-1b0feb767d6e,ac61813c-2d49-4318-b5d0-32e3559b8db4,2
9522ae6b-a187-4f51-9df7-1b0feb767d6e,ac969248-8799-4f53-ad71-76815c79da35,1
9522ae6b-a187-4f51-9df7-1b0feb767d6e,ae91b7a3-544d-40c7-8373-815a0bd18cf0,3
9522ae6b-a187-4f51-9df7-1b0feb767d6e,b8d002bc-ea6c-4f57-b36e-38415b205e09,16
9522ae6b-a187-4f51-9df7-1b0feb767d6e,ba21eb65-8546-40e5-a425-0d228d0eaeac,4
9522ae6b-a187-4f51-9df7-1b0feb767d6e,bd954447-a92c-4899-a9a8-4a58569fd4d2,2
9522ae6b-a187-4f51-9df7-1b0feb767d6e,c606904d-daef-44ff-bd30-cfdc1e6b5185,1
9522ae6b-a187-4f51-9df7-1b0feb767d6e,d1bb566e-a111-43b7-8856-273ebac1f753,1
9522ae6b-a187-4f51-9df7-1b0feb767d6e,d847851a-777b-43c6-83b3-392672659edc,9
9522ae6b-a187-4f51-9df7-1b0feb767d6e,e5c9b4ba-9064-4858-a052-bb3bbecfac4b,1
9522ae6b-a187-4f51-9df7-1b0feb767d6e,ec273841-069f-408b-b434-8524904ae314,1
9522ae6b-a187-4f51-9df7-1b0feb767d6e,ee32e8d2-aa15-4603-901e-2cc3c72e9ead,5
9522ae6b-a187-4f51-9df7-1b0feb767d6e,fdc445bd-f8fe-4cfc-b387-7fd66a181674,3
95b979e4-888d-402d-8167-4f817cea413b,aa316142-d6ee-4138-bf48-37cd7d11d058,4
95b979e4-888d-402d-8167-4f817cea413b,aa612b6e-b61d-43a8-8775-c83839a9f6ef,3
95b979e4-888d-402d-8167-4f817cea413b,ab97f146-7308-4a7e-9197-2ef5ee467a95,3
95b979e4-888d-402d-8167-4f817cea413b,c6b2bdaf-8c1f-4b88-a8cb-167941b98bfb,3
95b979e4-888d-402d-8167-4f817cea413b,cefbf19c-653b-4af7-84a6-e17fba0e4a70,1
95b979e4-888d-402d-8167-4f817cea413b,cf4c4d24-798d-4bbe-bf06-23ca674f0d28,7
95b979e4-888d-402d-8167-4f817cea413b,d1bb566e-a111-43b7-8856-273ebac1f753,21
95b979e4-888d-402d-8167-4f817cea413b,d847851a-777b-43c6-83b3-392672659edc,8
95b979e4-888d-402d-8167-4f817cea413b,e5c9b4ba-9064-4858-a052-bb3bbecfac4b,5
95b979e4-888d-402d-8167-4f817cea413b,fcdd8eba-ce4c-40ad-b68e-4fe542abd6b3,1
973da897-66c7-4010-a98d-505e0e97a60c,9b13c8c8-eba4-411e-b095-858e352d3178,7
973da897-66c7-4010-a98d-505e0e97a60c,9e79de98-e914-4dc8-8dc7-6d7cb09b93d7,8
973da897-66c7-4010-a98d-505e0e97a60c,9f855643-68a2-409e-b4fe-81b92547212a,9
973da897-66c7-4010-a98d-505e0e97a60c,ab15ce32-a527-4526-a5b2-0f2cdb92feeb,1
973da897-66c7-4010-a98d-505e0e97a60c,b41b2403-9f06-4d55-adc5-b0777373ca7e,13
973da897-66c7-4010-a98d-505e0e97a60c,c6e26bd3-724f-45d3-93af-ef431e6fcd42,9
973da897-66c7-4010-a98d-505e0e97a60c,c7822b58-103f-4612-87ef-648be97192c6,4
973da897-66c7-4010-a98d-505e0e97a60c,d34e1efc-fbba-4ad8-823a-61bc3f25d580,4
973da897-66c7-4010-a98d-505e0e97a60c,d59d1492-57b6-482b-88b6-b2b77c45c33d,2
973da897-66c7-4010-a98d-505e0e97a60c,d847851a-777b-43c6-83b3-392672659edc,1
973da897-66c7-4010-a98d-505e0e97a60c,da9f33b0-80ca-49eb-a1ec-def3b46538d9,1
973da897-66c7-4010-a98d-505e0e97a60c,e70c3ee3-cca2-4521-abea-b124dcec0952,2
973da897-66c7-4010-a98d-505e0e97a60c,ea21d788-7cfe-41ff-b22f-0664397139af,1
973da897-66c7-4010-a98d-505e0e97a60c,fdc445bd-f8fe-4cfc-b387-7fd66a181674,20
974099ff-20a6-4119-84be-96e244befc55,ab97f146-7308-4a7e-9197-2ef5ee467a95,1
974099ff-20a6-4119-84be-96e244befc55,bd954447-a92c-4899-a9a8-4a58569fd4d2,1
974099ff-20a6-4119-84be-96e244befc55,bf030048-0434-42f1-bbed-8b0c04014db4,4
974099ff-20a6-4119-84be-96e244befc55,cf4c4d24-798d-4bbe-bf06-23ca674f0d28,4
974099ff-20a6-4119-84be-96e244befc55,d1bb566e-a111-43b7-8856-273ebac1f753,1
97ffe642-648f-4dab-a0e8-0720e96e3e35,98aa8bde-85b0-49ed-9795-e2eeb206e3b8,6
97ffe642-648f-4dab-a0e8-0720e96e3e35,99c6218e-8f0c-45d4-bd24-f300c6cfcb2f,1
97ffe642-648f-4dab-a0e8-0720e96e3e35,9b13c8c8-eba4-411e-b095-858e352d3178,6
97ffe642-648f-4dab-a0e8-0720e96e3e35,9f0c39d6-4a57-4849-9215-aa1147c7e0f6,3
97ffe642-648f-4dab-a0e8-0720e96e3e35,a04d4b85-56f0-448f-b5e8-28b5340af204,5
97ffe642-648f-4dab-a0e8-0720e96e3e35,aa0272f6-6e3c-41f7-b040-b774b30d2196,1
97ffe642-648f-4dab-a0e8-0720e96e3e35,ab15ce32-a527-4526-a5b2-0f2cdb92feeb,1
97ffe642-648f-4dab-a0e8-0720e96e3e35,b29c0e00-7ac2-4c28-ab4f-8fceb156337b,1
97ffe642-648f-4dab-a0e8-0720e96e3e35,b41b2403-9f06-4d55-adc5-b0777373ca7e,2
97ffe642-648f-4dab-a0e8-0720e96e3e35,b9cfefa1-1e5e-4fd7-a9d5-458e4c3a20db,5
97ffe642-648f-4dab-a0e8-0720e96e3e35,ba21eb65-8546-40e5-a425-0d228d0eaeac,11
97ffe642-648f-4dab-a0e8-0720e96e3e35,c0d8ed4a-ec11-48e2-a468-6cd93327305b,15
97ffe642-648f-4dab-a0e8-0720e96e3e35,c7822b58-103f-4612-87ef-648be97192c6,3
97ffe642-648f-4dab-a0e8-0720e96e3e35,cabae19e-836c-48c4-903e-7357789f9260,3
97ffe642-648f-4dab-a0e8-0720e96e3e35,d07ef52c-cc10-4445-a3a1-dfe50371f110,3
97ffe642-648f-4dab-a0e8-0720e96e3e35,d1bb566e-a111-43b7-8856-273ebac1f753,16
97ffe642-648f-4dab-a0e8-0720e96e3e35,d847851a-777b-43c6-83b3-392672659edc,2
97ffe642-648f-4dab-a0e8-0720e96e3e35,d89044ef-b7df-4a15-be10-d342fe381664,18
97ffe642-648f-4dab-a0e8-0720e96e3e35,dae67415-1ed1-4464-a59e-75170eb1925d,2
97ffe642-648f-4dab-a0e8-0720e96e3e35,e10065e1-776d-4bf3-8669-56788c453079,1
97ffe642-648f-4dab-a0e8-0720e96e3e35,f31cabe4-e1f4-46db-88a9-b46ba44dded4,1
980a8ae3-b1c7-4912-ab9e-be3e6fd20d36,9e79de98-e914-4dc8-8dc7-6d7cb09b93d7,2
980a8ae3-b1c7-4912-ab9e-be3e6fd20d36,a8e4581d-5186-4367-95c5-0a754c60b276,4
980a8ae3-b1c7-4912-ab9e-be3e6fd20d36,b41b2403-9f06-4d55-adc5-b0777373ca7e,2
980a8ae3-b1c7-4912-ab9e-be3e6fd20d36,bf494e35-c009-4c74-a5c6-3cb2cd26bb51,3
980a8ae3-b1c7-4912-ab9e-be3e6fd20d36,c6e26bd3-724f-45d3-93af-ef431e6fcd42,1
980a8ae3-b1c7-4912-ab9e-be3e6fd20d36,ccea26dd-dcae-4174-8945-ec5cb568e951,20
980a8ae3-b1c7-4912-ab9e-be3e6fd20d36,d07ef52c-cc10-4445-a3a1-dfe50371f110,6
980a8ae3-b1c7-4912-ab9e-be3e6fd20d36,d34e1efc-fbba-4ad8-823a-61bc3f25d580,12
980a8ae3-b1c7-4912-ab9e-be3e6fd20d36,d38ca3cf-9803-48dc-8592-c67c4430168e,2
980a8ae3-b1c7-4912-ab9e-be3e6fd20d36,e6cc253d-14cb-437b-be88-4966f5fcb1f5,2
98aa8bde-85b0-49ed-9795-e2eeb206e3b8,99c6218e-8f0c-45d4-bd24-f300c6cfcb2f,1
98aa8bde-85b0-49ed-9795-e2eeb206e3b8,9ab41898-332f-4c08-a834-d58b4669c990,35
98aa8bde-85b0-49ed-9795-e2eeb206e3b8,9b13c8c8-eba4-411e-b095-858e352d3178,12
98aa8bde-85b0-49ed-9795-e2eeb206e3b8,9bf12da8-39ea-4505-9500-764bc440cfc9,7
98aa8bde-85b0-49ed-9795-e2eeb206e3b8,9c8bc5bc-8d13-4c11-be37-57a43a1d734b,12
98aa8bde-85b0-49ed-9795-e2eeb206e3b8,9e79de98-e914-4dc8-8dc7-6d7cb09b93d7,6
98aa8bde-85b0-49ed-9795-e2eeb206e3b8,9f0c39d6-4a57-4849-9215-aa1147c7e0f6,33
98aa8bde-85b0-49ed-9795-e2eeb206e3b8,a04d4b85-56f0-448f-b5e8-28b5340af204,3
98aa8bde-85b0-49ed-9795-e2eeb206e3b8,a0b48551-42b7-4c55-9556-6b997d978ff2,5
98aa8bde-85b0-49ed-9795-e2eeb206e3b8,a1877608-2b03-4620-b854-d57de44cd52e,16
98aa8bde-85b0-49ed-9795-e2eeb206e3b8,a396ae20-6309-456b-a5ae-e4068dea8a67,8
98aa8bde-85b0-49ed-9795-e2eeb206e3b8,a3b17348-54cf-4bca-82d4-e62bd46c2fbc,6
98aa8bde-85b0-49ed-9795-e2eeb206e3b8,a437e923-725f-415e-a01d-5588a7af933e,25
98aa8bde-85b0-49ed-9795-e2eeb206e3b8,a59b540b-1460-4aa0-b9ce-19356f87c77e,9
98aa8bde-85b0-49ed-9795-e2eeb206e3b8,a68468b6-51ea-440c-9387-b44ba10ad8b6,41
98aa8bde-85b0-49ed-9795-e2eeb206e3b8,a8e4581d-5186-4367-95c5-0a754c60b276,19
98aa8bde-85b0-49ed-9795-e2eeb206e3b8,a901d2d2-35f6-4341-bbfb-38e5d9b21d07,11
98aa8bde-85b0-49ed-9795-e2eeb206e3b8,ab15ce32-a527-4526-a5b2-0f2cdb92feeb,106
98aa8bde-85b0-49ed-9795-e2eeb206e3b8,b221afb0-2758-4ace-846a-7bfc33389ad6,8
98aa8bde-85b0-49ed-9795-e2eeb206e3b8,b29c0e00-7ac2-4c28-ab4f-8fceb156337b,41
98aa8bde-85b0-49ed-9795-e2eeb206e3b8,b41b2403-9f06-4d55-adc5-b0777373ca7e,120
98aa8bde-85b0-49ed-9795-e2eeb206e3b8,b50b3f0b-afc8-46e5-bfda-cb60e2935a5a,26
98aa8bde-85b0-49ed-9795-e2eeb206e3b8,b625d2bf-da74-40a2-b013-2069a09dcb6c,11
98aa8bde-85b0-49ed-9795-e2eeb206e3b8,b6c27e98-0f7f-42a2-9fae-50b5f8ca76cc,4
98aa8bde-85b0-49ed-9795-e2eeb206e3b8,b8663b71-f92b-4d2b-a06b-f78dba168d98,4
98aa8bde-85b0-49ed-9795-e2eeb206e3b8,b8d002bc-ea6c-4f57-b36e-38415b205e09,5
98aa8bde-85b0-49ed-9795-e2eeb206e3b8,ba21eb65-8546-40e5-a425-0d228d0eaeac,53
98aa8bde-85b0-49ed-9795-e2eeb206e3b8,bb3a9cf3-6f64-4092-85a1-4318244ee603,19
98aa8bde-85b0-49ed-9795-e2eeb206e3b8,bb6801d4-f671-4ade-aa86-29aa89373dd9,21
98aa8bde-85b0-49ed-9795-e2eeb206e3b8,bf030048-0434-42f1-bbed-8b0c04014db4,6
98aa8bde-85b0-49ed-9795-e2eeb206e3b8,c0d8ed4a-ec11-48e2-a468-6cd93327305b,8
98aa8bde-85b0-49ed-9795-e2eeb206e3b8,c128a46d-ebd9-4ee9-80cc-16bfe505e539,5
98aa8bde-85b0-49ed-9795-e2eeb206e3b8,c3b1dca8-2cb4-4025-9527-36163a098c1f,14
98aa8bde-85b0-49ed-9795-e2eeb206e3b8,c4f7c468-721e-4953-97f2-bff05fe570c4,1
98aa8bde-85b0-49ed-9795-e2eeb206e3b8,c6e26bd3-724f-45d3-93af-ef431e6fcd42,33
98aa8bde-85b0-49ed-9795-e2eeb206e3b8,c7822b58-103f-4612-87ef-648be97192c6,10
98aa8bde-85b0-49ed-9795-e2eeb206e3b8,c8935902-45d6-45d6-ac31-77bc0e143154,7
98aa8bde-85b0-49ed-9795-e2eeb206e3b8,cabae19e-836c-48c4-903e-7357789f9260,52
98aa8bde-85b0-49ed-9795-e2eeb206e3b8,ccea26dd-dcae-4174-8945-ec5cb568e951,23
98aa8bde-85b0-49ed-9795-e2eeb206e3b8,cd02edbc-106e-46d1-8d70-6594741356ea,10
98aa8bde-85b0-49ed-9795-e2eeb206e3b8,ce400601-651e-4ac9-a43e-ed8d4817b7fd,9
98aa8bde-85b0-49ed-9795-e2eeb206e3b8,cefbf19c-653b-4af7-84a6-e17fba0e4a70,1
98aa8bde-85b0-49ed-9795-e2eeb206e3b8,cf4c4d24-798d-4bbe-bf06-23ca674f0d28,12
98aa8bde-85b0-49ed-9795-e2eeb206e3b8,cfb17042-9f10-4e44-99f4-358bad067455,24
98aa8bde-85b0-49ed-9795-e2eeb206e3b8,d07ef52c-cc10-4445-a3a1-dfe50371f110,19
98aa8bde-85b0-49ed-9795-e2eeb206e3b8,d0d8dcbd-4818-4925-a684-13767c7dae0d,9
98aa8bde-85b0-49ed-9795-e2eeb206e3b8,d1bb566e-a111-43b7-8856-273ebac1f753,25
98aa8bde-85b0-49ed-9795-e2eeb206e3b8,d34e1efc-fbba-4ad8-823a-61bc3f25d580,11
98aa8bde-85b0-49ed-9795-e2eeb206e3b8,d38ca3cf-9803-48dc-8592-c67c4430168e,56
98aa8bde-85b0-49ed-9795-e2eeb206e3b8,d53f00ee-a955-434a-b636-f07d79859c49,30
98aa8bde-85b0-49ed-9795-e2eeb206e3b8,d59d1492-57b6-482b-88b6-b2b77c45c33d,16
98aa8bde-85b0-49ed-9795-e2eeb206e3b8,d642dcc9-3f86-49d1-96c9-ae2771d1e89a,3
98aa8bde-85b0-49ed-9795-e2eeb206e3b8,d847851a-777b-43c6-83b3-392672659edc,75
98aa8bde-85b0-49ed-9795-e2eeb206e3b8,d89044ef-b7df-4a15-be10-d342fe381664,3
98aa8bde-85b0-49ed-9795-e2eeb206e3b8,d9e78b0a-0a3b-44ef-acd9-15d6e9e19d60,6
98aa8bde-85b0-49ed-9795-e2eeb206e3b8,da9f33b0-80ca-49eb-a1ec-def3b46538d9,6
98aa8bde-85b0-49ed-9795-e2eeb206e3b8,dab4cf29-4843-4261-b09b-973fe98dbf65,2
98aa8bde-85b0-49ed-9795-e2eeb206e3b8,dae67415-1ed1-4464-a59e-75170eb1925d,8
98aa8bde-85b0-49ed-9795-e2eeb206e3b8,dc9f60e4-e1a4-487b-a002-40b3c77ba896,40
98aa8bde-85b0-49ed-9795-e2eeb206e3b8,e10065e1-776d-4bf3-8669-56788c453079,9
98aa8bde-85b0-49ed-9795-e2eeb206e3b8,e5c4753f-d2d8-4a4a-ae9d-62118892a731,1
98aa8bde-85b0-49ed-9795-e2eeb206e3b8,e5f316f0-e4e7-4cf0-a064-ed9321737487,3
98aa8bde-85b0-49ed-9795-e2eeb206e3b8,e6cc253d-14cb-437b-be88-4966f5fcb1f5,21
98aa8bde-85b0-49ed-9795-e2eeb206e3b8,e70c3ee3-cca2-4521-abea-b124dcec0952,9
98aa8bde-85b0-49ed-9795-e2eeb206e3b8,e7f0d8e8-4c52-4d0a-8b94-28729046f45b,15
98aa8bde-85b0-49ed-9795-e2eeb206e3b8,ec273841-069f-408b-b434-8524904ae314,1
98aa8bde-85b0-49ed-9795-e2eeb206e3b8,ee32e8d2-aa15-4603-901e-2cc3c72e9ead,37
98aa8bde-85b0-49ed-9795-e2eeb206e3b8,ef8d31db-0876-4998-b0d9-056643260d46,2
98aa8bde-85b0-49ed-9795-e2eeb206e3b8,f31cabe4-e1f4-46db-88a9-b46ba44dded4,36
98aa8bde-85b0-49ed-9795-e2eeb206e3b8,f6e59e50-f22a-450c-8d4f-8a7072e50277,1
98aa8bde-85b0-49ed-9795-e2eeb206e3b8,fa4d473c-e553-439e-8f53-ca5f2b203dbd,38
98aa8bde-85b0-49ed-9795-e2eeb206e3b8,face7642-1fd8-4ec1-a909-c2579b0bd8d2,17
98aa8bde-85b0-49ed-9795-e2eeb206e3b8,fd45195f-c35d-47c9-844e-a5893e10839e,11
98cf30be-80d9-498a-966f-10f3ae8ffe22,9f3aadb0-0f76-49b8-9e54-126c97fc0ae8,4
98cf30be-80d9-498a-966f-10f3ae8ffe22,ab97f146-7308-4a7e-9197-2ef5ee467a95,3
98cf30be-80d9-498a-966f-10f3ae8ffe22,bd954447-a92c-4899-a9a8-4a58569fd4d2,1
98cf30be-80d9-498a-966f-10f3ae8ffe22,bf030048-0434-42f1-bbed-8b0c04014db4,1
98cf30be-80d9-498a-966f-10f3ae8ffe22,c1c11045-81c6-43a3-96e4-4cc6d5f2fbb4,2
98cf30be-80d9-498a-966f-10f3ae8ffe22,c6b2bdaf-8c1f-4b88-a8cb-167941b98bfb,3
98cf30be-80d9-498a-966f-10f3ae8ffe22,cefbf19c-653b-4af7-84a6-e17fba0e4a70,1
98cf30be-80d9-498a-966f-10f3ae8ffe22,d1bb566e-a111-43b7-8856-273ebac1f753,2
98cf30be-80d9-498a-966f-10f3ae8ffe22,d847851a-777b-43c6-83b3-392672659edc,7
98cf30be-80d9-498a-966f-10f3ae8ffe22,e5c9b4ba-9064-4858-a052-bb3bbecfac4b,2
98cf30be-80d9-498a-966f-10f3ae8ffe22,edefa48b-f14e-4ec3-ab3c-dfe2aa0126ec,3
98cf30be-80d9-498a-966f-10f3ae8ffe22,fdc445bd-f8fe-4cfc-b387-7fd66a181674,3
990c794a-2170-435a-8c43-97d4fd0e621e,9ea41959-b952-4e42-92fb-bc616ac17241,2
990c794a-2170-435a-8c43-97d4fd0e621e,ac61813c-2d49-4318-b5d0-32e3559b8db4,1
990c794a-2170-435a-8c43-97d4fd0e621e,b1e4718d-bf16-4b46-91fd-946b42bed3af,1
990c794a-2170-435a-8c43-97d4fd0e621e,ba21eb65-8546-40e5-a425-0d228d0eaeac,2
990c794a-2170-435a-8c43-97d4fd0e621e,bd954447-a92c-4899-a9a8-4a58569fd4d2,2
990c794a-2170-435a-8c43-97d4fd0e621e,c01b88c4-5507-49c5-9ec3-f08af6e6eace,4
990c794a-2170-435a-8c43-97d4fd0e621e,c1c11045-81c6-43a3-96e4-4cc6d5f2fbb4,1
990c794a-2170-435a-8c43-97d4fd0e621e,f0ff5ae5-e0e8-4a26-af3a-93c8b5947dc4,1
99c6218e-8f0c-45d4-bd24-f300c6cfcb2f,9ab41898-332f-4c08-a834-d58b4669c990,1
99c6218e-8f0c-45d4-bd24-f300c6cfcb2f,9bf12da8-39ea-4505-9500-764bc440cfc9,7
99c6218e-8f0c-45d4-bd24-f300c6cfcb2f,a04d4b85-56f0-448f-b5e8-28b5340af204,1
99c6218e-8f0c-45d4-bd24-f300c6cfcb2f,a4074721-5d4d-444a-bb98-1ddbc592a78a,3
99c6218e-8f0c-45d4-bd24-f300c6cfcb2f,a8e4581d-5186-4367-95c5-0a754c60b276,2
99c6218e-8f0c-45d4-bd24-f300c6cfcb2f,a962ffcb-a300-45e1-8850-70c7173c233e,1
99c6218e-8f0c-45d4-bd24-f300c6cfcb2f,aa0272f6-6e3c-41f7-b040-b774b30d2196,8
99c6218e-8f0c-45d4-bd24-f300c6cfcb2f,ad44b24f-bb14-4f4a-a476-3cbbb3e9cdb0,4
99c6218e-8f0c-45d4-bd24-f300c6cfcb2f,b4fdf408-8296-4d14-9e95-b4b96dc20751,8
99c6218e-8f0c-45d4-bd24-f300c6cfcb2f,b50b3f0b-afc8-46e5-bfda-cb60e2935a5a,2
99c6218e-8f0c-45d4-bd24-f300c6cfcb2f,ba21eb65-8546-40e5-a425-0d228d0eaeac,5
99c6218e-8f0c-45d4-bd24-f300c6cfcb2f,bd954447-a92c-4899-a9a8-4a58569fd4d2,17
99c6218e-8f0c-45d4-bd24-f300c6cfcb2f,c0d8ed4a-ec11-48e2-a468-6cd93327305b,1
99c6218e-8f0c-45d4-bd24-f300c6cfcb2f,c4f7c468-721e-4953-97f2-bff05fe570c4,4
99c6218e-8f0c-45d4-bd24-f300c6cfcb2f,c7822b58-103f-4612-87ef-648be97192c6,14
99c6218e-8f0c-45d4-bd24-f300c6cfcb2f,cabae19e-836c-48c4-903e-7357789f9260,6
99c6218e-8f0c-45d4-bd24-f300c6cfcb2f,ccea26dd-dcae-4174-8945-ec5cb568e951,1
99c6218e-8f0c-45d4-bd24-f300c6cfcb2f,cefbf19c-653b-4af7-84a6-e17fba0e4a70,4
99c6218e-8f0c-45d4-bd24-f300c6cfcb2f,d07ef52c-cc10-4445-a3a1-dfe50371f110,5
99c6218e-8f0c-45d4-bd24-f300c6cfcb2f,d642dcc9-3f86-49d1-96c9-ae2771d1e89a,5
99c6218e-8f0c-45d4-bd24-f300c6cfcb2f,dae67415-1ed1-4464-a59e-75170eb1925d,1
99c6218e-8f0c-45d4-bd24-f300c6cfcb2f,e10065e1-776d-4bf3-8669-56788c453079,6
99c6218e-8f0c-45d4-bd24-f300c6cfcb2f,fa4d473c-e553-439e-8f53-ca5f2b203dbd,21
99c6218e-8f0c-45d4-bd24-f300c6cfcb2f,fdc445bd-f8fe-4cfc-b387-7fd66a181674,58
9ab41898-332f-4c08-a834-d58b4669c990,9b13c8c8-eba4-411e-b095-858e352d3178,15
9ab41898-332f-4c08-a834-d58b4669c990,9bf12da8-39ea-4505-9500-764bc440cfc9,2
9ab41898-332f-4c08-a834-d58b4669c990,a04d4b85-56f0-448f-b5e8-28b5340af204,2
9ab41898-332f-4c08-a834-d58b4669c990,a4074721-5d4d-444a-bb98-1ddbc592a78a,3
9ab41898-332f-4c08-a834-d58b4669c990,a901d2d2-35f6-4341-bbfb-38e5d9b21d07,1
9ab41898-332f-4c08-a834-d58b4669c990,aa0272f6-6e3c-41f7-b040-b774b30d2196,3
9ab41898-332f-4c08-a834-d58b4669c990,ab97f146-7308-4a7e-9197-2ef5ee467a95,1
9ab41898-332f-4c08-a834-d58b4669c990,b221afb0-2758-4ace-846a-7bfc33389ad6,7
9ab41898-332f-4c08-a834-d58b4669c990,b29c0e00-7ac2-4c28-ab4f-8fceb156337b,2
9ab41898-332f-4c08-a834-d58b4669c990,b4fdf408-8296-4d14-9e95-b4b96dc20751,8
9ab41898-332f-4c08-a834-d58b4669c990,bb3a9cf3-6f64-4092-85a1-4318244ee603,2
9ab41898-332f-4c08-a834-d58b4669c990,bd954447-a92c-4899-a9a8-4a58569fd4d2,14
9ab41898-332f-4c08-a834-d58b4669c990,cabae19e-836c-48c4-903e-7357789f9260,1
9ab41898-332f-4c08-a834-d58b4669c990,cefbf19c-653b-4af7-84a6-e17fba0e4a70,1
9ab41898-332f-4c08-a834-d58b4669c990,cf4c4d24-798d-4bbe-bf06-23ca674f0d28,9
9ab41898-332f-4c08-a834-d58b4669c990,cfb17042-9f10-4e44-99f4-358bad067455,11
9ab41898-332f-4c08-a834-d58b4669c990,d07ef52c-cc10-4445-a3a1-dfe50371f110,34
9ab41898-332f-4c08-a834-d58b4669c990,d1bb566e-a111-43b7-8856-273ebac1f753,1
9ab41898-332f-4c08-a834-d58b4669c990,d53f00ee-a955-434a-b636-f07d79859c49,62
9ab41898-332f-4c08-a834-d58b4669c990,ee32e8d2-aa15-4603-901e-2cc3c72e9ead,102
9ab41898-332f-4c08-a834-d58b4669c990,fa4d473c-e553-439e-8f53-ca5f2b203dbd,5
9ab41898-332f-4c08-a834-d58b4669c990,fd544ce8-6d2a-4d79-81e0-c240fcf1776e,1
9ab41898-332f-4c08-a834-d58b4669c990,fdc445bd-f8fe-4cfc-b387-7fd66a181674,3
9b13c8c8-eba4-411e-b095-858e352d3178,9bf12da8-39ea-4505-9500-764bc440cfc9,3
9b13c8c8-eba4-411e-b095-858e352d3178,9d2229a5-c46a-485a-9b82-315e270c3e9a,11
9b13c8c8-eba4-411e-b095-858e352d3178,9e79de98-e914-4dc8-8dc7-6d7cb09b93d7,5
9b13c8c8-eba4-411e-b095-858e352d3178,9ea41959-b952-4e42-92fb-bc616ac17241,7
9b13c8c8-eba4-411e-b095-858e352d3178,9f0c39d6-4a57-4849-9215-aa1147c7e0f6,3
9b13c8c8-eba4-411e-b095-858e352d3178,9f3aadb0-0f76-49b8-9e54-126c97fc0ae8,5
9b13c8c8-eba4-411e-b095-858e352d3178,a396ae20-6309-456b-a5ae-e4068dea8a67,1
9b13c8c8-eba4-411e-b095-858e352d3178,a3986ffd-c057-46cc-afd5-54846c9955ef,2
9b13c8c8-eba4-411e-b095-858e352d3178,a4074721-5d4d-444a-bb98-1ddbc592a78a,6
9b13c8c8-eba4-411e-b095-858e352d3178,a437e923-725f-415e-a01d-5588a7af933e,9
9b13c8c8-eba4-411e-b095-858e352d3178,a59b540b-1460-4aa0-b9ce-19356f87c77e,1
9b13c8c8-eba4-411e-b095-858e352d3178,a68468b6-51ea-440c-9387-b44ba10ad8b6,12
9b13c8c8-eba4-411e-b095-858e352d3178,a8e4581d-5186-4367-95c5-0a754c60b276,1
9b13c8c8-eba4-411e-b095-858e352d3178,a962ffcb-a300-45e1-8850-70c7173c233e,2
9b13c8c8-eba4-411e-b095-858e352d3178,aa0272f6-6e3c-41f7-b040-b774b30d2196,4
9b13c8c8-eba4-411e-b095-858e352d3178,aa612b6e-b61d-43a8-8775-c83839a9f6ef,2
9b13c8c8-eba4-411e-b095-858e352d3178,ab15ce32-a527-4526-a5b2-0f2cdb92feeb,13
9b13c8c8-eba4-411e-b095-858e352d3178,ab97f146-7308-4a7e-9197-2ef5ee467a95,1
9b13c8c8-eba4-411e-b095-858e352d3178,ac61813c-2d49-4318-b5d0-32e3559b8db4,2
9b13c8c8-eba4-411e-b095-858e352d3178,ad8654f3-811a-4a63-ab7a-01bf76347caa,3
9b13c8c8-eba4-411e-b095-858e352d3178,ae91b7a3-544d-40c7-8373-815a0bd18cf0,34
9b13c8c8-eba4-411e-b095-858e352d3178,af31a147-9feb-4f6e-8e8a-aeced0fcc56f,2
9b13c8c8-eba4-411e-b095-858e352d3178,b1e4718d-bf16-4b46-91fd-946b42bed3af,4
9b13c8c8-eba4-411e-b095-858e352d3178,b29c0e00-7ac2-4c28-ab4f-8fceb156337b,2
9b13c8c8-eba4-411e-b095-858e352d3178,b3230578-426f-4b84-bfe2-6a8136c6a3af,10
9b13c8c8-eba4-411e-b095-858e352d3178,b41b2403-9f06-4d55-adc5-b0777373ca7e,85
9b13c8c8-eba4-411e-b095-858e352d3178,b4fdf408-8296-4d14-9e95-b4b96dc20751,9
9b13c8c8-eba4-411e-b095-858e352d3178,b50b3f0b-afc8-46e5-bfda-cb60e2935a5a,2
9b13c8c8-eba4-411e-b095-858e352d3178,b625d2bf-da74-40a2-b013-2069a09dcb6c,4
9b13c8c8-eba4-411e-b095-858e352d3178,b7a52679-bac9-4e00-9dfd-06a22a7cf088,1
9b13c8c8-eba4-411e-b095-858e352d3178,b9cfefa1-1e5e-4fd7-a9d5-458e4c3a20db,23
9b13c8c8-eba4-411e-b095-858e352d3178,ba21eb65-8546-40e5-a425-0d228d0eaeac,60
9b13c8c8-eba4-411e-b095-858e352d3178,bb3a9cf3-6f64-4092-85a1-4318244ee603,12
9b13c8c8-eba4-411e-b095-858e352d3178,bb6801d4-f671-4ade-aa86-29aa89373dd9,3
9b13c8c8-eba4-411e-b095-858e352d3178,bd954447-a92c-4899-a9a8-4a58569fd4d2,16
9b13c8c8-eba4-411e-b095-858e352d3178,bf030048-0434-42f1-bbed-8b0c04014db4,13
9b13c8c8-eba4-411e-b095-858e352d3178,bf494e35-c009-4c74-a5c6-3cb2cd26bb51,39
9b13c8c8-eba4-411e-b095-858e352d3178,bf97025a-1c30-4042-bffe-948027f24e6c,10
9b13c8c8-eba4-411e-b095-858e352d3178,c0648a21-11c6-4b4f-a4be-205d7dcbb746,4
9b13c8c8-eba4-411e-b095-858e352d3178,c0d8ed4a-ec11-48e2-a468-6cd93327305b,6
9b13c8c8-eba4-411e-b095-858e352d3178,c128a46d-ebd9-4ee9-80cc-16bfe505e539,1
9b13c8c8-eba4-411e-b095-858e352d3178,c1554da8-5650-43fe-893a-2cd8f5f8b4d5,1
9b13c8c8-eba4-411e-b095-858e352d3178,c1c11045-81c6-43a3-96e4-4cc6d5f2fbb4,4
9b13c8c8-eba4-411e-b095-858e352d3178,c3b1dca8-2cb4-4025-9527-36163a098c1f,2
9b13c8c8-eba4-411e-b095-858e352d3178,c606904d-daef-44ff-bd30-cfdc1e6b5185,5
9b13c8c8-eba4-411e-b095-858e352d3178,c60c655f-40ba-47b0-8e93-a2c8d1ff4743,1
9b13c8c8-eba4-411e-b095-858e352d3178,c6b2bdaf-8c1f-4b88-a8cb-167941b98bfb,4
9b13c8c8-eba4-411e-b095-858e352d3178,c6e26bd3-724f-45d3-93af-ef431e6fcd42,5
9b13c8c8-eba4-411e-b095-858e352d3178,c7822b58-103f-4612-87ef-648be97192c6,24
9b13c8c8-eba4-411e-b095-858e352d3178,c8935902-45d6-45d6-ac31-77bc0e143154,9
9b13c8c8-eba4-411e-b095-858e352d3178,c955972d-2702-4d28-8461-262072218f3f,8
9b13c8c8-eba4-411e-b095-858e352d3178,ccea26dd-dcae-4174-8945-ec5cb568e951,17
9b13c8c8-eba4-411e-b095-858e352d3178,ce400601-651e-4ac9-a43e-ed8d4817b7fd,1
9b13c8c8-eba4-411e-b095-858e352d3178,ce747c36-3ef4-49e3-b55e-1bc99db62413,2
9b13c8c8-eba4-411e-b095-858e352d3178,cefbf19c-653b-4af7-84a6-e17fba0e4a70,11
9b13c8c8-eba4-411e-b095-858e352d3178,cfb17042-9f10-4e44-99f4-358bad067455,7
9b13c8c8-eba4-411e-b095-858e352d3178,d07ef52c-cc10-4445-a3a1-dfe50371f110,23
9b13c8c8-eba4-411e-b095-858e352d3178,d3023879-e3c7-411b-bb8a-1a0be0ca6035,3
9b13c8c8-eba4-411e-b095-858e352d3178,d34e1efc-fbba-4ad8-823a-61bc3f25d580,16
9b13c8c8-eba4-411e-b095-858e352d3178,d38ca3cf-9803-48dc-8592-c67c4430168e,39
9b13c8c8-eba4-411e-b095-858e352d3178,d53f00ee-a955-434a-b636-f07d79859c49,1
9b13c8c8-eba4-411e-b095-858e352d3178,d59d1492-57b6-482b-88b6-b2b77c45c33d,4
9b13c8c8-eba4-411e-b095-858e352d3178,d653bf17-e60f-4512-9258-a68ec026e381,6
9b13c8c8-eba4-411e-b095-858e352d3178,d6c2b5eb-b21a-440a-b628-75492d313ffa,7
9b13c8c8-eba4-411e-b095-858e352d3178,d847851a-777b-43c6-83b3-392672659edc,32
9b13c8c8-eba4-411e-b095-858e352d3178,da26504f-588f-4f69-85bd-1e2b627441e2,1
9b13c8c8-eba4-411e-b095-858e352d3178,da9f33b0-80ca-49eb-a1ec-def3b46538d9,4
9b13c8c8-eba4-411e-b095-858e352d3178,dae67415-1ed1-4464-a59e-75170eb1925d,8
9b13c8c8-eba4-411e-b095-858e352d3178,ddaff486-ef62-4200-aeb9-eeb4bedcc620,1
9b13c8c8-eba4-411e-b095-858e352d3178,de674538-350f-4a5a-9f8e-fa8f7c4b93ca,2
9b13c8c8-eba4-411e-b095-858e352d3178,e5c4753f-d2d8-4a4a-ae9d-62118892a731,2
9b13c8c8-eba4-411e-b095-858e352d3178,e5f316f0-e4e7-4cf0-a064-ed9321737487,1
9b13c8c8-eba4-411e-b095-858e352d3178,e6cc253d-14cb-437b-be88-4966f5fcb1f5,27
9b13c8c8-eba4-411e-b095-858e352d3178,e70c3ee3-cca2-4521-abea-b124dcec0952,7
9b13c8c8-eba4-411e-b095-858e352d3178,e7f0d8e8-4c52-4d0a-8b94-28729046f45b,22
9b13c8c8-eba4-411e-b095-858e352d3178,e85125f3-b7cf-426c-9355-412838893f55,1
9b13c8c8-eba4-411e-b095-858e352d3178,ea21d788-7cfe-41ff-b22f-0664397139af,2
9b13c8c8-eba4-411e-b095-858e352d3178,ec273841-069f-408b-b434-8524904ae314,8
9b13c8c8-eba4-411e-b095-858e352d3178,ec571f94-11b8-47d7-bb47-fd0d2d7c7f07,7
9b13c8c8-eba4-411e-b095-858e352d3178,ee32e8d2-aa15-4603-901e-2cc3c72e9ead,25
9b13c8c8-eba4-411e-b095-858e352d3178,ef8d31db-0876-4998-b0d9-056643260d46,1
9b13c8c8-eba4-411e-b095-858e352d3178,efd89dff-2cde-4afc-ab14-e4f9795d1407,1
9b13c8c8-eba4-411e-b095-858e352d3178,f067f702-8e06-491a-9498-462205d1aaec,3
9b13c8c8-eba4-411e-b095-858e352d3178,f0ff5ae5-e0e8-4a26-af3a-93c8b5947dc4,4
9b13c8c8-eba4-411e-b095-858e352d3178,f23be4bd-7b2b-45dd-be84-4f76f11b624a,1
9b13c8c8-eba4-411e-b095-858e352d3178,f29c0ba8-4d4a-4cca-bb1b-229f68b4ae6a,3
9b13c8c8-eba4-411e-b095-858e352d3178,f31cabe4-e1f4-46db-88a9-b46ba44dded4,5
9b13c8c8-eba4-411e-b095-858e352d3178,fa4d473c-e553-439e-8f53-ca5f2b203dbd,39
9b13c8c8-eba4-411e-b095-858e352d3178,fb291eb2-962a-482f-971a-0b62673f9a86,1
9b13c8c8-eba4-411e-b095-858e352d3178,fdc445bd-f8fe-4cfc-b387-7fd66a181674,14
9bf12da8-39ea-4505-9500-764bc440cfc9,a04d4b85-56f0-448f-b5e8-28b5340af204,2
9bf12da8-39ea-4505-9500-764bc440cfc9,a4074721-5d4d-444a-bb98-1ddbc592a78a,18
9bf12da8-39ea-4505-9500-764bc440cfc9,a8e4581d-5186-4367-95c5-0a754c60b276,20
9bf12da8-39ea-4505-9500-764bc440cfc9,a901d2d2-35f6-4341-bbfb-38e5d9b21d07,11
9bf12da8-39ea-4505-9500-764bc440cfc9,aa0272f6-6e3c-41f7-b040-b774b30d2196,13
9bf12da8-39ea-4505-9500-764bc440cfc9,ab15ce32-a527-4526-a5b2-0f2cdb92feeb,35
9bf12da8-39ea-4505-9500-764bc440cfc9,ad44b24f-bb14-4f4a-a476-3cbbb3e9cdb0,2
9bf12da8-39ea-4505-9500-764bc440cfc9,ad8654f3-811a-4a63-ab7a-01bf76347caa,2
9bf12da8-39ea-4505-9500-764bc440cfc9,ae91b7a3-544d-40c7-8373-815a0bd18cf0,9
9bf12da8-39ea-4505-9500-764bc440cfc9,b29c0e00-7ac2-4c28-ab4f-8fceb156337b,26
9bf12da8-39ea-4505-9500-764bc440cfc9,b3230578-426f-4b84-bfe2-6a8136c6a3af,1
9bf12da8-39ea-4505-9500-764bc440cfc9,b4e1d8cf-e8cf-4b66-9ded-97fc8176fa4a,9
9bf12da8-39ea-4505-9500-764bc440cfc9,b4fdf408-8296-4d14-9e95-b4b96dc20751,2
9bf12da8-39ea-4505-9500-764bc440cfc9,b50b3f0b-afc8-46e5-bfda-cb60e2935a5a,7
9bf12da8-39ea-4505-9500-764bc440cfc9,b8663b71-f92b-4d2b-a06b-f78dba168d98,1
9bf12da8-39ea-4505-9500-764bc440cfc9,b9cfefa1-1e5e-4fd7-a9d5-458e4c3a20db,2
9bf12da8-39ea-4505-9500-764bc440cfc9,ba21eb65-8546-40e5-a425-0d228d0eaeac,13
9bf12da8-39ea-4505-9500-764bc440cfc9,bb3a9cf3-6f64-4092-85a1-4318244ee603,40
9bf12da8-39ea-4505-9500-764bc440cfc9,bb6801d4-f671-4ade-aa86-29aa89373dd9,5
9bf12da8-39ea-4505-9500-764bc440cfc9,bd954447-a92c-4899-a9a8-4a58569fd4d2,5
9bf12da8-39ea-4505-9500-764bc440cfc9,bf030048-0434-42f1-bbed-8b0c04014db4,5
9bf12da8-39ea-4505-9500-764bc440cfc9,bf97025a-1c30-4042-bffe-948027f24e6c,2
9bf12da8-39ea-4505-9500-764bc440cfc9,c0d8ed4a-ec11-48e2-a468-6cd93327305b,3
9bf12da8-39ea-4505-9500-764bc440cfc9,c3b1dca8-2cb4-4025-9527-36163a098c1f,2
9bf12da8-39ea-4505-9500-764bc440cfc9,c4f7c468-721e-4953-97f2-bff05fe570c4,1
9bf12da8-39ea-4505-9500-764bc440cfc9,c60c655f-40ba-47b0-8e93-a2c8d1ff4743,2
9bf12da8-39ea-4505-9500-764bc440cfc9,c6f061f1-9cb7-4e0a-a281-4fc80527c5d7,5
9bf12da8-39ea-4505-9500-764bc440cfc9,c7822b58-103f-4612-87ef-648be97192c6,4
9bf12da8-39ea-4505-9500-764bc440cfc9,cabae19e-836c-48c4-903e-7357789f9260,5
9bf12da8-39ea-4505-9500-764bc440cfc9,ccea26dd-dcae-4174-8945-ec5cb568e951,2
9bf12da8-39ea-4505-9500-764bc440cfc9,cefbf19c-653b-4af7-84a6-e17fba0e4a70,9
9bf12da8-39ea-4505-9500-764bc440cfc9,cf4c4d24-798d-4bbe-bf06-23ca674f0d28,14
9bf12da8-39ea-4505-9500-764bc440cfc9,d07ef52c-cc10-4445-a3a1-dfe50371f110,12
9bf12da8-39ea-4505-9500-764bc440cfc9,d1bb566e-a111-43b7-8856-273ebac1f753,6
9bf12da8-39ea-4505-9500-764bc440cfc9,d847851a-777b-43c6-83b3-392672659edc,8
9bf12da8-39ea-4505-9500-764bc440cfc9,da9f33b0-80ca-49eb-a1ec-def3b46538d9,1
9bf12da8-39ea-4505-9500-764bc440cfc9,dae67415-1ed1-4464-a59e-75170eb1925d,8
9bf12da8-39ea-4505-9500-764bc440cfc9,dc9f60e4-e1a4-487b-a002-40b3c77ba896,11
9bf12da8-39ea-4505-9500-764bc440cfc9,e10065e1-776d-4bf3-8669-56788c453079,7
9bf12da8-39ea-4505-9500-764bc440cfc9,e6cc253d-14cb-437b-be88-4966f5fcb1f5,6
9bf12da8-39ea-4505-9500-764bc440cfc9,e7f0d8e8-4c52-4d0a-8b94-28729046f45b,9
9bf12da8-39ea-4505-9500-764bc440cfc9,ef8d31db-0876-4998-b0d9-056643260d46,2
9bf12da8-39ea-4505-9500-764bc440cfc9,f29c0ba8-4d4a-4cca-bb1b-229f68b4ae6a,2
9bf12da8-39ea-4505-9500-764bc440cfc9,fa4d473c-e553-439e-8f53-ca5f2b203dbd,7
9bf12da8-39ea-4505-9500-764bc440cfc9,fdc445bd-f8fe-4cfc-b387-7fd66a181674,10
9c4710f5-fb0b-42cc-9d53-4cf5dfe6e27c,ae91b7a3-544d-40c7-8373-815a0bd18cf0,1
9c4710f5-fb0b-42cc-9d53-4cf5dfe6e27c,bd954447-a92c-4899-a9a8-4a58569fd4d2,1
9c4710f5-fb0b-42cc-9d53-4cf5dfe6e27c,c128a46d-ebd9-4ee9-80cc-16bfe505e539,3
9c4710f5-fb0b-42cc-9d53-4cf5dfe6e27c,cfd07390-25a9-4fdb-bced-8a463530bf51,2
9c4710f5-fb0b-42cc-9d53-4cf5dfe6e27c,e5c9b4ba-9064-4858-a052-bb3bbecfac4b,1
9c4710f5-fb0b-42cc-9d53-4cf5dfe6e27c,fac3056b-df3b-4712-9ae3-56472806747b,1
9c8bc5bc-8d13-4c11-be37-57a43a1d734b,a68468b6-51ea-440c-9387-b44ba10ad8b6,5
9c8bc5bc-8d13-4c11-be37-57a43a1d734b,ab15ce32-a527-4526-a5b2-0f2cdb92feeb,1
9c8bc5bc-8d13-4c11-be37-57a43a1d734b,b41b2403-9f06-4d55-adc5-b0777373ca7e,4
9c8bc5bc-8d13-4c11-be37-57a43a1d734b,c6e26bd3-724f-45d3-93af-ef431e6fcd42,4
9c8bc5bc-8d13-4c11-be37-57a43a1d734b,ccea26dd-dcae-4174-8945-ec5cb568e951,2
9c8bc5bc-8d13-4c11-be37-57a43a1d734b,d38ca3cf-9803-48dc-8592-c67c4430168e,33
9c8bc5bc-8d13-4c11-be37-57a43a1d734b,da756f9c-3f10-4ab8-9fa8-75812e248959,2
9c8bc5bc-8d13-4c11-be37-57a43a1d734b,e6cc253d-14cb-437b-be88-4966f5fcb1f5,5
9c8bc5bc-8d13-4c11-be37-57a43a1d734b,e85125f3-b7cf-426c-9355-412838893f55,3
9c8bc5bc-8d13-4c11-be37-57a43a1d734b,ee32e8d2-aa15-4603-901e-2cc3c72e9ead,7
9d2229a5-c46a-485a-9b82-315e270c3e9a,9ea41959-b952-4e42-92fb-bc616ac17241,10
9d2229a5-c46a-485a-9b82-315e270c3e9a,ab97f146-7308-4a7e-9197-2ef5ee467a95,25
9d2229a5-c46a-485a-9b82-315e270c3e9a,ac969248-8799-4f53-ad71-76815c79da35,6
9d2229a5-c46a-485a-9b82-315e270c3e9a,b1e4718d-bf16-4b46-91fd-946b42bed3af,16
9d2229a5-c46a-485a-9b82-315e270c3e9a,ba21eb65-8546-40e5-a425-0d228d0eaeac,3
9d2229a5-c46a-485a-9b82-315e270c3e9a,bf030048-0434-42f1-bbed-8b0c04014db4,2
9d2229a5-c46a-485a-9b82-315e270c3e9a,c01b88c4-5507-49c5-9ec3-f08af6e6eace,1
9d2229a5-c46a-485a-9b82-315e270c3e9a,c1c11045-81c6-43a3-96e4-4cc6d5f2fbb4,5
9d2229a5-c46a-485a-9b82-315e270c3e9a,c6b2bdaf-8c1f-4b88-a8cb-167941b98bfb,3
9d2229a5-c46a-485a-9b82-315e270c3e9a,c955972d-2702-4d28-8461-262072218f3f,2
9d2229a5-c46a-485a-9b82-315e270c3e9a,caaae646-de85-453f-b6e0-9b9b4f710f03,62
9d2229a5-c46a-485a-9b82-315e270c3e9a,cd5a2cfd-7689-4a6e-aed1-df2a773bab9c,1
9d2229a5-c46a-485a-9b82-315e270c3e9a,d07ef52c-cc10-4445-a3a1-dfe50371f110,37
9d2229a5-c46a-485a-9b82-315e270c3e9a,d1bb566e-a111-43b7-8856-273ebac1f753,2
9d2229a5-c46a-485a-9b82-315e270c3e9a,d3023879-e3c7-411b-bb8a-1a0be0ca6035,8
9d2229a5-c46a-485a-9b82-315e270c3e9a,d653bf17-e60f-4512-9258-a68ec026e381,1
9d2229a5-c46a-485a-9b82-315e270c3e9a,d6c2b5eb-b21a-440a-b628-75492d313ffa,4
9d2229a5-c46a-485a-9b82-315e270c3e9a,dc9f60e4-e1a4-487b-a002-40b3c77ba896,1
9d2229a5-c46a-485a-9b82-315e270c3e9a,ddaff486-ef62-4200-aeb9-eeb4bedcc620,1
9d2229a5-c46a-485a-9b82-315e270c3e9a,de674538-350f-4a5a-9f8e-fa8f7c4b93ca,27
9d2229a5-c46a-485a-9b82-315e270c3e9a,e5c9b4ba-9064-4858-a052-bb3bbecfac4b,9
9d2229a5-c46a-485a-9b82-315e270c3e9a,e7f0d8e8-4c52-4d0a-8b94-28729046f45b,14
9d2229a5-c46a-485a-9b82-315e270c3e9a,ee32e8d2-aa15-4603-901e-2cc3c72e9ead,126
9d2229a5-c46a-485a-9b82-315e270c3e9a,f0ff5ae5-e0e8-4a26-af3a-93c8b5947dc4,29
9e79de98-e914-4dc8-8dc7-6d7cb09b93d7,a04d4b85-56f0-448f-b5e8-28b5340af204,1
9e79de98-e914-4dc8-8dc7-6d7cb09b93d7,a437e923-725f-415e-a01d-5588a7af933e,1
9e79de98-e914-4dc8-8dc7-6d7cb09b93d7,a68468b6-51ea-440c-9387-b44ba10ad8b6,3
9e79de98-e914-4dc8-8dc7-6d7cb09b93d7,a8e4581d-5186-4367-95c5-0a754c60b276,6
9e79de98-e914-4dc8-8dc7-6d7cb09b93d7,ab15ce32-a527-4526-a5b2-0f2cdb92feeb,4
9e79de98-e914-4dc8-8dc7-6d7cb09b93d7,b41b2403-9f06-4d55-adc5-b0777373ca7e,6
9e79de98-e914-4dc8-8dc7-6d7cb09b93d7,b7a52679-bac9-4e00-9dfd-06a22a7cf088,1
9e79de98-e914-4dc8-8dc7-6d7cb09b93d7,c6e26bd3-724f-45d3-93af-ef431e6fcd42,5
9e79de98-e914-4dc8-8dc7-6d7cb09b93d7,c7822b58-103f-4612-87ef-648be97192c6,7
9e79de98-e914-4dc8-8dc7-6d7cb09b93d7,ccea26dd-dcae-4174-8945-ec5cb568e951,2
9e79de98-e914-4dc8-8dc7-6d7cb09b93d7,ce400601-651e-4ac9-a43e-ed8d4817b7fd,1
9e79de98-e914-4dc8-8dc7-6d7cb09b93d7,d07ef52c-cc10-4445-a3a1-dfe50371f110,2
9e79de98-e914-4dc8-8dc7-6d7cb09b93d7,d34e1efc-fbba-4ad8-823a-61bc3f25d580,35
9e79de98-e914-4dc8-8dc7-6d7cb09b93d7,d59d1492-57b6-482b-88b6-b2b77c45c33d,3
9e79de98-e914-4dc8-8dc7-6d7cb09b93d7,d847851a-777b-43c6-83b3-392672659edc,7
9e79de98-e914-4dc8-8dc7-6d7cb09b93d7,da9f33b0-80ca-49eb-a1ec-def3b46538d9,1
9e79de98-e914-4dc8-8dc7-6d7cb09b93d7,dab4cf29-4843-4261-b09b-973fe98dbf65,9
9e79de98-e914-4dc8-8dc7-6d7cb09b93d7,e6cc253d-14cb-437b-be88-4966f5fcb1f5,18
9e79de98-e914-4dc8-8dc7-6d7cb09b93d7,e70c3ee3-cca2-4521-abea-b124dcec0952,1
9e79de98-e914-4dc8-8dc7-6d7cb09b93d7,ea21d788-7cfe-41ff-b22f-0664397139af,1
9e79de98-e914-4dc8-8dc7-6d7cb09b93d7,ef8d31db-0876-4998-b0d9-056643260d46,2
9e79de98-e914-4dc8-8dc7-6d7cb09b93d7,f31cabe4-e1f4-46db-88a9-b46ba44dded4,2
9e79de98-e914-4dc8-8dc7-6d7cb09b93d7,fa4d473c-e553-439e-8f53-ca5f2b203dbd,3
9e79de98-e914-4dc8-8dc7-6d7cb09b93d7,fdc445bd-f8fe-4cfc-b387-7fd66a181674,20
9ea41959-b952-4e42-92fb-bc616ac17241,a4074721-5d4d-444a-bb98-1ddbc592a78a,1
9ea41959-b952-4e42-92fb-bc616ac17241,a59b540b-1460-4aa0-b9ce-19356f87c77e,1
9ea41959-b952-4e42-92fb-bc616ac17241,ab15ce32-a527-4526-a5b2-0f2cdb92feeb,1
9ea41959-b952-4e42-92fb-bc616ac17241,ab97f146-7308-4a7e-9197-2ef5ee467a95,1
9ea41959-b952-4e42-92fb-bc616ac17241,b3230578-426f-4b84-bfe2-6a8136c6a3af,8
9ea41959-b952-4e42-92fb-bc616ac17241,b50b3f0b-afc8-46e5-bfda-cb60e2935a5a,2
9ea41959-b952-4e42-92fb-bc616ac17241,b8d002bc-ea6c-4f57-b36e-38415b205e09,9
9ea41959-b952-4e42-92fb-bc616ac17241,ba21eb65-8546-40e5-a425-0d228d0eaeac,10
9ea41959-b952-4e42-92fb-bc616ac17241,c0648a21-11c6-4b4f-a4be-205d7dcbb746,4
9ea41959-b952-4e42-92fb-bc616ac17241,c0d8ed4a-ec11-48e2-a468-6cd93327305b,1
9ea41959-b952-4e42-92fb-bc616ac17241,c6b2bdaf-8c1f-4b88-a8cb-167941b98bfb,5
9ea41959-b952-4e42-92fb-bc616ac17241,c955972d-2702-4d28-8461-262072218f3f,5
9ea41959-b952-4e42-92fb-bc616ac17241,cfb17042-9f10-4e44-99f4-358bad067455,1
9ea41959-b952-4e42-92fb-bc616ac17241,d07ef52c-cc10-4445-a3a1-dfe50371f110,1
9ea41959-b952-4e42-92fb-bc616ac17241,d1bb566e-a111-43b7-8856-273ebac1f753,1
9ea41959-b952-4e42-92fb-bc616ac17241,d847851a-777b-43c6-83b3-392672659edc,8
9ea41959-b952-4e42-92fb-bc616ac17241,da9f33b0-80ca-49eb-a1ec-def3b46538d9,4
9ea41959-b952-4e42-92fb-bc616ac17241,e6cc253d-14cb-437b-be88-4966f5fcb1f5,1
9ea41959-b952-4e42-92fb-bc616ac17241,e7f0d8e8-4c52-4d0a-8b94-28729046f45b,2
9ea41959-b952-4e42-92fb-bc616ac17241,ee32e8d2-aa15-4603-901e-2cc3c72e9ead,2
9ea41959-b952-4e42-92fb-bc616ac17241,f0ff5ae5-e0e8-4a26-af3a-93c8b5947dc4,1
9ea41959-b952-4e42-92fb-bc616ac17241,face7642-1fd8-4ec1-a909-c2579b0bd8d2,1
9ea41959-b952-4e42-92fb-bc616ac17241,fd544ce8-6d2a-4d79-81e0-c240fcf1776e,2
9f0c39d6-4a57-4849-9215-aa1147c7e0f6,a04d4b85-56f0-448f-b5e8-28b5340af204,1
9f0c39d6-4a57-4849-9215-aa1147c7e0f6,a68468b6-51ea-440c-9387-b44ba10ad8b6,7
9f0c39d6-4a57-4849-9215-aa1147c7e0f6,a8e4581d-5186-4367-95c5-0a754c60b276,20
9f0c39d6-4a57-4849-9215-aa1147c7e0f6,ab15ce32-a527-4526-a5b2-0f2cdb92feeb,63
9f0c39d6-4a57-4849-9215-aa1147c7e0f6,b41b2403-9f06-4d55-adc5-b0777373ca7e,102
9f0c39d6-4a57-4849-9215-aa1147c7e0f6,b7a52679-bac9-4e00-9dfd-06a22a7cf088,4
9f0c39d6-4a57-4849-9215-aa1147c7e0f6,b8663b71-f92b-4d2b-a06b-f78dba168d98,4
9f0c39d6-4a57-4849-9215-aa1147c7e0f6,b8d002bc-ea6c-4f57-b36e-38415b205e09,4
9f0c39d6-4a57-4849-9215-aa1147c7e0f6,b9cfefa1-1e5e-4fd7-a9d5-458e4c3a20db,3
9f0c39d6-4a57-4849-9215-aa1147c7e0f6,bb3a9cf3-6f64-4092-85a1-4318244ee603,2
9f0c39d6-4a57-4849-9215-aa1147c7e0f6,bb6801d4-f671-4ade-aa86-29aa89373dd9,3
9f0c39d6-4a57-4849-9215-aa1147c7e0f6,c0d8ed4a-ec11-48e2-a468-6cd93327305b,19
9f0c39d6-4a57-4849-9215-aa1147c7e0f6,c4f7c468-721e-4953-97f2-bff05fe570c4,1
9f0c39d6-4a57-4849-9215-aa1147c7e0f6,c6e26bd3-724f-45d3-93af-ef431e6fcd42,1
9f0c39d6-4a57-4849-9215-aa1147c7e0f6,c7822b58-103f-4612-87ef-648be97192c6,39
9f0c39d6-4a57-4849-9215-aa1147c7e0f6,cabae19e-836c-48c4-903e-7357789f9260,1
9f0c39d6-4a57-4849-9215-aa1147c7e0f6,cd02edbc-106e-46d1-8d70-6594741356ea,2
9f0c39d6-4a57-4849-9215-aa1147c7e0f6,cf4c4d24-798d-4bbe-bf06-23ca674f0d28,1
9f0c39d6-4a57-4849-9215-aa1147c7e0f6,d07ef52c-cc10-4445-a3a1-dfe50371f110,9
9f0c39d6-4a57-4849-9215-aa1147c7e0f6,d38ca3cf-9803-48dc-8592-c67c4430168e,1
9f0c39d6-4a57-4849-9215-aa1147c7e0f6,d59d1492-57b6-482b-88b6-b2b77c45c33d,7
9f0c39d6-4a57-4849-9215-aa1147c7e0f6,d847851a-777b-43c6-83b3-392672659edc,35
9f0c39d6-4a57-4849-9215-aa1147c7e0f6,d89044ef-b7df-4a15-be10-d342fe381664,10
9f0c39d6-4a57-4849-9215-aa1147c7e0f6,da756f9c-3f10-4ab8-9fa8-75812e248959,3
9f0c39d6-4a57-4849-9215-aa1147c7e0f6,e70c3ee3-cca2-4521-abea-b124dcec0952,10
9f0c39d6-4a57-4849-9215-aa1147c7e0f6,eb79af3c-a66d-4374-b9e7-34d7f3e92dc7,3
9f0c39d6-4a57-4849-9215-aa1147c7e0f6,f289b7eb-f6ba-415b-90d9-1124c652637c,1
9f0c39d6-4a57-4849-9215-aa1147c7e0f6,f31cabe4-e1f4-46db-88a9-b46ba44dded4,49
9f0c39d6-4a57-4849-9215-aa1147c7e0f6,fa4d473c-e553-439e-8f53-ca5f2b203dbd,6
9f0c39d6-4a57-4849-9215-aa1147c7e0f6,fb291eb2-962a-482f-971a-0b62673f9a86,4
9f0c39d6-4a57-4849-9215-aa1147c7e0f6,fdc445bd-f8fe-4cfc-b387-7fd66a181674,3
9f3aadb0-0f76-49b8-9e54-126c97fc0ae8,ae91b7a3-544d-40c7-8373-815a0bd18cf0,9
9f3aadb0-0f76-49b8-9e54-126c97fc0ae8,bd954447-a92c-4899-a9a8-4a58569fd4d2,4
9f3aadb0-0f76-49b8-9e54-126c97fc0ae8,c128a46d-ebd9-4ee9-80cc-16bfe505e539,1
9f3aadb0-0f76-49b8-9e54-126c97fc0ae8,c1c11045-81c6-43a3-96e4-4cc6d5f2fbb4,5
9f3aadb0-0f76-49b8-9e54-126c97fc0ae8,c606904d-daef-44ff-bd30-cfdc1e6b5185,1
9f3aadb0-0f76-49b8-9e54-126c97fc0ae8,caaae646-de85-453f-b6e0-9b9b4f710f03,1
9f3aadb0-0f76-49b8-9e54-126c97fc0ae8,d3023879-e3c7-411b-bb8a-1a0be0ca6035,1
9f3aadb0-0f76-49b8-9e54-126c97fc0ae8,d6c2b5eb-b21a-440a-b628-75492d313ffa,1
9f3aadb0-0f76-49b8-9e54-126c97fc0ae8,e5c9b4ba-9064-4858-a052-bb3bbecfac4b,1
9f3aadb0-0f76-49b8-9e54-126c97fc0ae8,fdc445bd-f8fe-4cfc-b387-7fd66a181674,7
9f855643-68a2-409e-b4fe-81b92547212a,a8e4581d-5186-4367-95c5-0a754c60b276,7
9f855643-68a2-409e-b4fe-81b92547212a,b41b2403-9f06-4d55-adc5-b0777373ca7e,1
9f855643-68a2-409e-b4fe-81b92547212a,c7822b58-103f-4612-87ef-648be97192c6,9
9f855643-68a2-409e-b4fe-81b92547212a,ccea26dd-dcae-4174-8945-ec5cb568e951,1
9f855643-68a2-409e-b4fe-81b92547212a,d07ef52c-cc10-4445-a3a1-dfe50371f110,2
9f855643-68a2-409e-b4fe-81b92547212a,d0d8dcbd-4818-4925-a684-13767c7dae0d,1
9f855643-68a2-409e-b4fe-81b92547212a,d34e1efc-fbba-4ad8-823a-61bc3f25d580,1
9f855643-68a2-409e-b4fe-81b92547212a,d847851a-777b-43c6-83b3-392672659edc,1
9f855643-68a2-409e-b4fe-81b92547212a,da9f33b0-80ca-49eb-a1ec-def3b46538d9,2
9f855643-68a2-409e-b4fe-81b92547212a,e6cc253d-14cb-437b-be88-4966f5fcb1f5,2
9f855643-68a2-409e-b4fe-81b92547212a,ea21d788-7cfe-41ff-b22f-0664397139af,1
9f855643-68a2-409e-b4fe-81b92547212a,fdc445bd-f8fe-4cfc-b387-7fd66a181674,16
a04d4b85-56f0-448f-b5e8-28b5340af204,a4074721-5d4d-444a-bb98-1ddbc592a78a,2
a04d4b85-56f0-448f-b5e8-28b5340af204,a437e923-725f-415e-a01d-5588a7af933e,1
a04d4b85-56f0-448f-b5e8-28b5340af204,a68468b6-51ea-440c-9387-b44ba10ad8b6,1
a04d4b85-56f0-448f-b5e8-28b5340af204,aa0272f6-6e3c-41f7-b040-b774b30d2196,2
a04d4b85-56f0-448f-b5e8-28b5340af204,ab15ce32-a527-4526-a5b2-0f2cdb92feeb,2
a04d4b85-56f0-448f-b5e8-28b5340af204,ad44b24f-bb14-4f4a-a476-3cbbb3e9cdb0,2
a04d4b85-56f0-448f-b5e8-28b5340af204,b29c0e00-7ac2-4c28-ab4f-8fceb156337b,11
a04d4b85-56f0-448f-b5e8-28b5340af204,b41b2403-9f06-4d55-adc5-b0777373ca7e,2
a04d4b85-56f0-448f-b5e8-28b5340af204,ba21eb65-8546-40e5-a425-0d228d0eaeac,9
a04d4b85-56f0-448f-b5e8-28b5340af204,bd954447-a92c-4899-a9a8-4a58569fd4d2,4
a04d4b85-56f0-448f-b5e8-28b5340af204,c0d8ed4a-ec11-48e2-a468-6cd93327305b,2
a04d4b85-56f0-448f-b5e8-28b5340af204,c6e26bd3-724f-45d3-93af-ef431e6fcd42,2
a04d4b85-56f0-448f-b5e8-28b5340af204,c7822b58-103f-4612-87ef-648be97192c6,4
a04d4b85-56f0-448f-b5e8-28b5340af204,cabae19e-836c-48c4-903e-7357789f9260,9
a04d4b85-56f0-448f-b5e8-28b5340af204,d642dcc9-3f86-49d1-96c9-ae2771d1e89a,9
a04d4b85-56f0-448f-b5e8-28b5340af204,d847851a-777b-43c6-83b3-392672659edc,2
a04d4b85-56f0-448f-b5e8-28b5340af204,e10065e1-776d-4bf3-8669-56788c453079,9
a04d4b85-56f0-448f-b5e8-28b5340af204,ec571f94-11b8-47d7-bb47-fd0d2d7c7f07,2
a04d4b85-56f0-448f-b5e8-28b5340af204,f289b7eb-f6ba-415b-90d9-1124c652637c,2
a04d4b85-56f0-448f-b5e8-28b5340af204,f31cabe4-e1f4-46db-88a9-b46ba44dded4,2
a04d4b85-56f0-448f-b5e8-28b5340af204,fa4d473c-e553-439e-8f53-ca5f2b203dbd,3
a04d4b85-56f0-448f-b5e8-28b5340af204,fd544ce8-6d2a-4d79-81e0-c240fcf1776e,1
a04d4b85-56f0-448f-b5e8-28b5340af204,fdc445bd-f8fe-4cfc-b387-7fd66a181674,4
a0b48551-42b7-4c55-9556-6b997d978ff2,a8e4581d-5186-4367-95c5-0a754c60b276,1
a0b48551-42b7-4c55-9556-6b997d978ff2,ab15ce32-a527-4526-a5b2-0f2cdb92feeb,1
a0b48551-42b7-4c55-9556-6b997d978ff2,b41b2403-9f06-4d55-adc5-b0777373ca7e,3
a0b48551-42b7-4c55-9556-6b997d978ff2,ccea26dd-dcae-4174-8945-ec5cb568e951,5
a0b48551-42b7-4c55-9556-6b997d978ff2,cd02edbc-106e-46d1-8d70-6594741356ea,2
a0b48551-42b7-4c55-9556-6b997d978ff2,d38ca3cf-9803-48dc-8592-c67c4430168e,17
a0b48551-42b7-4c55-9556-6b997d978ff2,e70c3ee3-cca2-4521-abea-b124dcec0952,2
a0b48551-42b7-4c55-9556-6b997d978ff2,e85125f3-b7cf-426c-9355-412838893f55,14
a0b48551-42b7-4c55-9556-6b997d978ff2,ee32e8d2-aa15-4603-901e-2cc3c72e9ead,2
a1811d65-87c9-484a-ac37-d0ba90214f91,a900b4e7-92d9-4903-ab21-3189f17fe2e0,1
a1811d65-87c9-484a-ac37-d0ba90214f91,aa0272f6-6e3c-41f7-b040-b774b30d2196,1
a1811d65-87c9-484a-ac37-d0ba90214f91,c6b2bdaf-8c1f-4b88-a8cb-167941b98bfb,3
a1877608-2b03-4620-b854-d57de44cd52e,a59b540b-1460-4aa0-b9ce-19356f87c77e,5
a1877608-2b03-4620-b854-d57de44cd52e,a8e4581d-5186-4367-95c5-0a754c60b276,10
a1877608-2b03-4620-b854-d57de44cd52e,ab15ce32-a527-4526-a5b2-0f2cdb92feeb,1
a1877608-2b03-4620-b854-d57de44cd52e,b29c0e00-7ac2-4c28-ab4f-8fceb156337b,11
a1877608-2b03-4620-b854-d57de44cd52e,ba21eb65-8546-40e5-a425-0d228d0eaeac,2
a1877608-2b03-4620-b854-d57de44cd52e,c8935902-45d6-45d6-ac31-77bc0e143154,1
a1877608-2b03-4620-b854-d57de44cd52e,cabae19e-836c-48c4-903e-7357789f9260,18
a1877608-2b03-4620-b854-d57de44cd52e,cefbf19c-653b-4af7-84a6-e17fba0e4a70,2
a1877608-2b03-4620-b854-d57de44cd52e,d07ef52c-cc10-4445-a3a1-dfe50371f110,3
a1877608-2b03-4620-b854-d57de44cd52e,d53f00ee-a955-434a-b636-f07d79859c49,1
a1877608-2b03-4620-b854-d57de44cd52e,dc9f60e4-e1a4-487b-a002-40b3c77ba896,35
a1877608-2b03-4620-b854-d57de44cd52e,fa4d473c-e553-439e-8f53-ca5f2b203dbd,66
a1877608-2b03-4620-b854-d57de44cd52e,face7642-1fd8-4ec1-a909-c2579b0bd8d2,29
a396ae20-6309-456b-a5ae-e4068dea8a67,a3b17348-54cf-4bca-82d4-e62bd46c2fbc,1
a396ae20-6309-456b-a5ae-e4068dea8a67,a68468b6-51ea-440c-9387-b44ba10ad8b6,4
a396ae20-6309-456b-a5ae-e4068dea8a67,a8e4581d-5186-4367-95c5-0a754c60b276,1
a396ae20-6309-456b-a5ae-e4068dea8a67,ab15ce32-a527-4526-a5b2-0f2cdb92feeb,3
a396ae20-6309-456b-a5ae-e4068dea8a67,b41b2403-9f06-4d55-adc5-b0777373ca7e,7
a396ae20-6309-456b-a5ae-e4068dea8a67,b50b3f0b-afc8-46e5-bfda-cb60e2935a5a,6
a396ae20-6309-456b-a5ae-e4068dea8a67,b9cfefa1-1e5e-4fd7-a9d5-458e4c3a20db,1
a396ae20-6309-456b-a5ae-e4068dea8a67,ba21eb65-8546-40e5-a425-0d228d0eaeac,1
a396ae20-6309-456b-a5ae-e4068dea8a67,bb3a9cf3-6f64-4092-85a1-4318244ee603,1
a396ae20-6309-456b-a5ae-e4068dea8a67,bb6801d4-f671-4ade-aa86-29aa89373dd9,3
a396ae20-6309-456b-a5ae-e4068dea8a67,c60c655f-40ba-47b0-8e93-a2c8d1ff4743,1
a396ae20-6309-456b-a5ae-e4068dea8a67,c6e26bd3-724f-45d3-93af-ef431e6fcd42,2
a396ae20-6309-456b-a5ae-e4068dea8a67,cabae19e-836c-48c4-903e-7357789f9260,2
a396ae20-6309-456b-a5ae-e4068dea8a67,cfb17042-9f10-4e44-99f4-358bad067455,5
a396ae20-6309-456b-a5ae-e4068dea8a67,d38ca3cf-9803-48dc-8592-c67c4430168e,3
a396ae20-6309-456b-a5ae-e4068dea8a67,d59d1492-57b6-482b-88b6-b2b77c45c33d,3
a396ae20-6309-456b-a5ae-e4068dea8a67,d847851a-777b-43c6-83b3-392672659edc,4
a396ae20-6309-456b-a5ae-e4068dea8a67,da9f33b0-80ca-49eb-a1ec-def3b46538d9,1
a396ae20-6309-456b-a5ae-e4068dea8a67,e5c9b4ba-9064-4858-a052-bb3bbecfac4b,1
a396ae20-6309-456b-a5ae-e4068dea8a67,e5f316f0-e4e7-4cf0-a064-ed9321737487,10
a396ae20-6309-456b-a5ae-e4068dea8a67,e6cc253d-14cb-437b-be88-4966f5fcb1f5,6
a396ae20-6309-456b-a5ae-e4068dea8a67,f31cabe4-e1f4-46db-88a9-b46ba44dded4,2
a3986ffd-c057-46cc-afd5-54846c9955ef,ab97f146-7308-4a7e-9197-2ef5ee467a95,1
a3986ffd-c057-46cc-afd5-54846c9955ef,ac61813c-2d49-4318-b5d0-32e3559b8db4,1
a3986ffd-c057-46cc-afd5-54846c9955ef,af31a147-9feb-4f6e-8e8a-aeced0fcc56f,3
a3986ffd-c057-46cc-afd5-54846c9955ef,ba21eb65-8546-40e5-a425-0d228d0eaeac,2
a3986ffd-c057-46cc-afd5-54846c9955ef,c606904d-daef-44ff-bd30-cfdc1e6b5185,2
a3986ffd-c057-46cc-afd5-54846c9955ef,c60c655f-40ba-47b0-8e93-a2c8d1ff4743,2
a3986ffd-c057-46cc-afd5-54846c9955ef,caaae646-de85-453f-b6e0-9b9b4f710f03,4
a3986ffd-c057-46cc-afd5-54846c9955ef,ce747c36-3ef4-49e3-b55e-1bc99db62413,7
a3986ffd-c057-46cc-afd5-54846c9955ef,d653bf17-e60f-4512-9258-a68ec026e381,2
a3986ffd-c057-46cc-afd5-54846c9955ef,d6c2b5eb-b21a-440a-b628-75492d313ffa,3
a3986ffd-c057-46cc-afd5-54846c9955ef,ee32e8d2-aa15-4603-901e-2cc3c72e9ead,2
a3b17348-54cf-4bca-82d4-e62bd46c2fbc,a68468b6-51ea-440c-9387-b44ba10ad8b6,2
a3b17348-54cf-4bca-82d4-e62bd46c2fbc,b41b2403-9f06-4d55-adc5-b0777373ca7e,1
a3b17348-54cf-4bca-82d4-e62bd46c2fbc,b50b3f0b-afc8-46e5-bfda-cb60e2935a5a,4
a3b17348-54cf-4bca-82d4-e62bd46c2fbc,bb6801d4-f671-4ade-aa86-29aa89373dd9,9
a3b17348-54cf-4bca-82d4-e62bd46c2fbc,c6e26bd3-724f-45d3-93af-ef431e6fcd42,1
a3b17348-54cf-4bca-82d4-e62bd46c2fbc,cabae19e-836c-48c4-903e-7357789f9260,1
a3b17348-54cf-4bca-82d4-e62bd46c2fbc,d1bb566e-a111-43b7-8856-273ebac1f753,3
a3b17348-54cf-4bca-82d4-e62bd46c2fbc,d38ca3cf-9803-48dc-8592-c67c4430168e,23
a3b17348-54cf-4bca-82d4-e62bd46c2fbc,d59d1492-57b6-482b-88b6-b2b77c45c33d,1
a3b17348-54cf-4bca-82d4-e62bd46c2fbc,d847851a-777b-43c6-83b3-392672659edc,3
a3b17348-54cf-4bca-82d4-e62bd46c2fbc,da9f33b0-80ca-49eb-a1ec-def3b46538d9,4
a3b17348-54cf-4bca-82d4-e62bd46c2fbc,e6cc253d-14cb-437b-be88-4966f5fcb1f5,1
a3b17348-54cf-4bca-82d4-e62bd46c2fbc,f31cabe4-e1f4-46db-88a9-b46ba44dded4,3
a4074721-5d4d-444a-bb98-1ddbc592a78a,aa0272f6-6e3c-41f7-b040-b774b30d2196,23
a4074721-5d4d-444a-bb98-1ddbc592a78a,ad44b24f-bb14-4f4a-a476-3cbbb3e9cdb0,2
a4074721-5d4d-444a-bb98-1ddbc592a78a,ad8654f3-811a-4a63-ab7a-01bf76347caa,1
a4074721-5d4d-444a-bb98-1ddbc592a78a,ae91b7a3-544d-40c7-8373-815a0bd18cf0,21
a4074721-5d4d-444a-bb98-1ddbc592a78a,b29c0e00-7ac2-4c28-ab4f-8fceb156337b,1
a4074721-5d4d-444a-bb98-1ddbc592a78a,b4fdf408-8296-4d14-9e95-b4b96dc20751,4
a4074721-5d4d-444a-bb98-1ddbc592a78a,bb3a9cf3-6f64-4092-85a1-4318244ee603,4
a4074721-5d4d-444a-bb98-1ddbc592a78a,bd954447-a92c-4899-a9a8-4a58569fd4d2,2
a4074721-5d4d-444a-bb98-1ddbc592a78a,bf030048-0434-42f1-bbed-8b0c04014db4,2
a4074721-5d4d-444a-bb98-1ddbc592a78a,bf97025a-1c30-4042-bffe-948027f24e6c,14
a4074721-5d4d-444a-bb98-1ddbc592a78a,c0648a21-11c6-4b4f-a4be-205d7dcbb746,5
a4074721-5d4d-444a-bb98-1ddbc592a78a,c0d8ed4a-ec11-48e2-a468-6cd93327305b,1
a4074721-5d4d-444a-bb98-1ddbc592a78a,c128a46d-ebd9-4ee9-80cc-16bfe505e539,3
a4074721-5d4d-444a-bb98-1ddbc592a78a,c3b1dca8-2cb4-4025-9527-36163a098c1f,1
a4074721-5d4d-444a-bb98-1ddbc592a78a,c4f7c468-721e-4953-97f2-bff05fe570c4,3
a4074721-5d4d-444a-bb98-1ddbc592a78a,c7822b58-103f-4612-87ef-648be97192c6,7
a4074721-5d4d-444a-bb98-1ddbc592a78a,cabae19e-836c-48c4-903e-7357789f9260,16
a4074721-5d4d-444a-bb98-1ddbc592a78a,cf4c4d24-798d-4bbe-bf06-23ca674f0d28,1
a4074721-5d4d-444a-bb98-1ddbc592a78a,d07ef52c-cc10-4445-a3a1-dfe50371f110,6
a4074721-5d4d-444a-bb98-1ddbc592a78a,d1bb566e-a111-43b7-8856-273ebac1f753,5
a4074721-5d4d-444a-bb98-1ddbc592a78a,da9f33b0-80ca-49eb-a1ec-def3b46538d9,4
a4074721-5d4d-444a-bb98-1ddbc592a78a,e10065e1-776d-4bf3-8669-56788c453079,2
a4074721-5d4d-444a-bb98-1ddbc592a78a,f29c0ba8-4d4a-4cca-bb1b-229f68b4ae6a,1
a4074721-5d4d-444a-bb98-1ddbc592a78a,fa4d473c-e553-439e-8f53-ca5f2b203dbd,15
a4074721-5d4d-444a-bb98-1ddbc592a78a,fdc445bd-f8fe-4cfc-b387-7fd66a181674,5
a437e923-725f-415e-a01d-5588a7af933e,a68468b6-51ea-440c-9387-b44ba10ad8b6,58
a437e923-725f-415e-a01d-5588a7af933e,ab15ce32-a527-4526-a5b2-0f2cdb92feeb,15
a437e923-725f-415e-a01d-5588a7af933e,b41b2403-9f06-4d55-adc5-b0777373ca7e,36
a437e923-725f-415e-a01d-5588a7af933e,b625d2bf-da74-40a2-b013-2069a09dcb6c,3
a437e923-725f-415e-a01d-5588a7af933e,bf030048-0434-42f1-bbed-8b0c04014db4,45
a437e923-725f-415e-a01d-5588a7af933e,c0d8ed4a-ec11-48e2-a468-6cd93327305b,1
a437e923-725f-415e-a01d-5588a7af933e,cabae19e-836c-48c4-903e-7357789f9260,3
a437e923-725f-415e-a01d-5588a7af933e,ccea26dd-dcae-4174-8945-ec5cb568e951,30
a437e923-725f-415e-a01d-5588a7af933e,d1bb566e-a111-43b7-8856-273ebac1f753,1
a437e923-725f-415e-a01d-5588a7af933e,d34e1efc-fbba-4ad8-823a-61bc3f25d580,30
a437e923-725f-415e-a01d-5588a7af933e,d59d1492-57b6-482b-88b6-b2b77c45c33d,1
a437e923-725f-415e-a01d-5588a7af933e,d847851a-777b-43c6-83b3-392672659edc,16
a437e923-725f-415e-a01d-5588a7af933e,d9e78b0a-0a3b-44ef-acd9-15d6e9e19d60,2
a437e923-725f-415e-a01d-5588a7af933e,dab4cf29-4843-4261-b09b-973fe98dbf65,1
a437e923-725f-415e-a01d-5588a7af933e,e5c4753f-d2d8-4a4a-ae9d-62118892a731,16
a437e923-725f-415e-a01d-5588a7af933e,ee32e8d2-aa15-4603-901e-2cc3c72e9ead,22
a437e923-725f-415e-a01d-5588a7af933e,f23be4bd-7b2b-45dd-be84-4f76f11b624a,6
a437e923-725f-415e-a01d-5588a7af933e,f31cabe4-e1f4-46db-88a9-b46ba44dded4,7
a437e923-725f-415e-a01d-5588a7af933e,fa4d473c-e553-439e-8f53-ca5f2b203dbd,12
a437e923-725f-415e-a01d-5588a7af933e,fb291eb2-962a-482f-971a-0b62673f9a86,1
a59b540b-1460-4aa0-b9ce-19356f87c77e,ab15ce32-a527-4526-a5b2-0f2cdb92feeb,1
a59b540b-1460-4aa0-b9ce-19356f87c77e,b29c0e00-7ac2-4c28-ab4f-8fceb156337b,5
a59b540b-1460-4aa0-b9ce-19356f87c77e,ba21eb65-8546-40e5-a425-0d228d0eaeac,1
a59b540b-1460-4aa0-b9ce-19356f87c77e,bb3a9cf3-6f64-4092-85a1-4318244ee603,1
a59b540b-1460-4aa0-b9ce-19356f87c77e,c955972d-2702-4d28-8461-262072218f3f,2
a59b540b-1460-4aa0-b9ce-19356f87c77e,cabae19e-836c-48c4-903e-7357789f9260,3
a59b540b-1460-4aa0-b9ce-19356f87c77e,d07ef52c-cc10-4445-a3a1-dfe50371f110,2
a59b540b-1460-4aa0-b9ce-19356f87c77e,d53f00ee-a955-434a-b636-f07d79859c49,7
a59b540b-1460-4aa0-b9ce-19356f87c77e,dc9f60e4-e1a4-487b-a002-40b3c77ba896,15
a59b540b-1460-4aa0-b9ce-19356f87c77e,e7f0d8e8-4c52-4d0a-8b94-28729046f45b,1
a59b540b-1460-4aa0-b9ce-19356f87c77e,fa4d473c-e553-439e-8f53-ca5f2b203dbd,4
a59b540b-1460-4aa0-b9ce-19356f87c77e,face7642-1fd8-4ec1-a909-c2579b0bd8d2,7
a6727ba5-e45d-4f28-b2fb-6bb73d255d81,e740c2a5-57ae-47ef-bcd2-fbfcca2affc1,2
a6727ba5-e45d-4f28-b2fb-6bb73d255d81,efbd64bd-4263-433f-a3f2-67386477de49,2
a68468b6-51ea-440c-9387-b44ba10ad8b6,a8e4581d-5186-4367-95c5-0a754c60b276,5
a68468b6-51ea-440c-9387-b44ba10ad8b6,ab15ce32-a527-4526-a5b2-0f2cdb92feeb,28
a68468b6-51ea-440c-9387-b44ba10ad8b6,b41b2403-9f06-4d55-adc5-b0777373ca7e,79
a68468b6-51ea-440c-9387-b44ba10ad8b6,b8663b71-f92b-4d2b-a06b-f78dba168d98,6
a68468b6-51ea-440c-9387-b44ba10ad8b6,b9cfefa1-1e5e-4fd7-a9d5-458e4c3a20db,4
a68468b6-51ea-440c-9387-b44ba10ad8b6,bb6801d4-f671-4ade-aa86-29aa89373dd9,9
a68468b6-51ea-440c-9387-b44ba10ad8b6,bf030048-0434-42f1-bbed-8b0c04014db4,22
a68468b6-51ea-440c-9387-b44ba10ad8b6,bf8eb79e-5034-4882-a4c5-413baba477d5,1
a68468b6-51ea-440c-9387-b44ba10ad8b6,c0d8ed4a-ec11-48e2-a468-6cd93327305b,1
a68468b6-51ea-440c-9387-b44ba10ad8b6,c6e26bd3-724f-45d3-93af-ef431e6fcd42,32
a68468b6-51ea-440c-9387-b44ba10ad8b6,c7822b58-103f-4612-87ef-648be97192c6,11
a68468b6-51ea-440c-9387-b44ba10ad8b6,cabae19e-836c-48c4-903e-7357789f9260,8
a68468b6-51ea-440c-9387-b44ba10ad8b6,ccea26dd-dcae-4174-8945-ec5cb568e951,32
a68468b6-51ea-440c-9387-b44ba10ad8b6,ce400601-651e-4ac9-a43e-ed8d4817b7fd,3
a68468b6-51ea-440c-9387-b44ba10ad8b6,cf4c4d24-798d-4bbe-bf06-23ca674f0d28,4
a68468b6-51ea-440c-9387-b44ba10ad8b6,d07ef52c-cc10-4445-a3a1-dfe50371f110,11
a68468b6-51ea-440c-9387-b44ba10ad8b6,d1bb566e-a111-43b7-8856-273ebac1f753,3
a68468b6-51ea-440c-9387-b44ba10ad8b6,d34e1efc-fbba-4ad8-823a-61bc3f25d580,12
a68468b6-51ea-440c-9387-b44ba10ad8b6,d38ca3cf-9803-48dc-8592-c67c4430168e,30
a68468b6-51ea-440c-9387-b44ba10ad8b6,d59d1492-57b6-482b-88b6-b2b77c45c33d,16
a68468b6-51ea-440c-9387-b44ba10ad8b6,d847851a-777b-43c6-83b3-392672659edc,51
a68468b6-51ea-440c-9387-b44ba10ad8b6,da9f33b0-80ca-49eb-a1ec-def3b46538d9,4
a68468b6-51ea-440c-9387-b44ba10ad8b6,dab4cf29-4843-4261-b09b-973fe98dbf65,1
a68468b6-51ea-440c-9387-b44ba10ad8b6,e5c4753f-d2d8-4a4a-ae9d-62118892a731,8
a68468b6-51ea-440c-9387-b44ba10ad8b6,e6cc253d-14cb-437b-be88-4966f5fcb1f5,11
a68468b6-51ea-440c-9387-b44ba10ad8b6,e70c3ee3-cca2-4521-abea-b124dcec0952,12
a68468b6-51ea-440c-9387-b44ba10ad8b6,ea21d788-7cfe-41ff-b22f-0664397139af,1
a68468b6-51ea-440c-9387-b44ba10ad8b6,ec571f94-11b8-47d7-bb47-fd0d2d7c7f07,12
a68468b6-51ea-440c-9387-b44ba10ad8b6,ee32e8d2-aa15-4603-901e-2cc3c72e9ead,14
a68468b6-51ea-440c-9387-b44ba10ad8b6,f23be4bd-7b2b-45dd-be84-4f76f11b624a,3
a68468b6-51ea-440c-9387-b44ba10ad8b6,f31cabe4-e1f4-46db-88a9-b46ba44dded4,29
a68468b6-51ea-440c-9387-b44ba10ad8b6,fa4d473c-e553-439e-8f53-ca5f2b203dbd,10
a68468b6-51ea-440c-9387-b44ba10ad8b6,fb291eb2-962a-482f-971a-0b62673f9a86,2
a68468b6-51ea-440c-9387-b44ba10ad8b6,fdc445bd-f8fe-4cfc-b387-7fd66a181674,2
a8e4581d-5186-4367-95c5-0a754c60b276,aa0272f6-6e3c-41f7-b040-b774b30d2196,2
a8e4581d-5186-4367-95c5-0a754c60b276,ab15ce32-a527-4526-a5b2-0f2cdb92feeb,20
a8e4581d-5186-4367-95c5-0a754c60b276,b221afb0-2758-4ace-846a-7bfc33389ad6,2
a8e4581d-5186-4367-95c5-0a754c60b276,b29c0e00-7ac2-4c28-ab4f-8fceb156337b,16
a8e4581d-5186-4367-95c5-0a754c60b276,b3230578-426f-4b84-bfe2-6a8136c6a3af,1
a8e4581d-5186-4367-95c5-0a754c60b276,b41b2403-9f06-4d55-adc5-b0777373ca7e,24
a8e4581d-5186-4367-95c5-0a754c60b276,b4e1d8cf-e8cf-4b66-9ded-97fc8176fa4a,4
a8e4581d-5186-4367-95c5-0a754c60b276,b8663b71-f92b-4d2b-a06b-f78dba168d98,1
a8e4581d-5186-4367-95c5-0a754c60b276,b8d002bc-ea6c-4f57-b36e-38415b205e09,3
a8e4581d-5186-4367-95c5-0a754c60b276,bb3a9cf3-6f64-4092-85a1-4318244ee603,6
a8e4581d-5186-4367-95c5-0a754c60b276,bb6801d4-f671-4ade-aa86-29aa89373dd9,3
a8e4581d-5186-4367-95c5-0a754c60b276,bd954447-a92c-4899-a9a8-4a58569fd4d2,2
a8e4581d-5186-4367-95c5-0a754c60b276,bf97025a-1c30-4042-bffe-948027f24e6c,9
a8e4581d-5186-4367-95c5-0a754c60b276,c0d8ed4a-ec11-48e2-a468-6cd93327305b,13
a8e4581d-5186-4367-95c5-0a754c60b276,c6e26bd3-724f-45d3-93af-ef431e6fcd42,1
a8e4581d-5186-4367-95c5-0a754c60b276,c7822b58-103f-4612-87ef-648be97192c6,33
a8e4581d-5186-4367-95c5-0a754c60b276,cabae19e-836c-48c4-903e-7357789f9260,15
a8e4581d-5186-4367-95c5-0a754c60b276,ccea26dd-dcae-4174-8945-ec5cb568e951,11
a8e4581d-5186-4367-95c5-0a754c60b276,cd02edbc-106e-46d1-8d70-6594741356ea,2
a8e4581d-5186-4367-95c5-0a754c60b276,cf4c4d24-798d-4bbe-bf06-23ca674f0d28,9
a8e4581d-5186-4367-95c5-0a754c60b276,d07ef52c-cc10-4445-a3a1-dfe50371f110,13
a8e4581d-5186-4367-95c5-0a754c60b276,d34e1efc-fbba-4ad8-823a-61bc3f25d580,3
a8e4581d-5186-4367-95c5-0a754c60b276,d38ca3cf-9803-48dc-8592-c67c4430168e,9
a8e4581d-5186-4367-95c5-0a754c60b276,d53f00ee-a955-434a-b636-f07d79859c49,2
a8e4581d-5186-4367-95c5-0a754c60b276,d59d1492-57b6-482b-88b6-b2b77c45c33d,1
a8e4581d-5186-4367-95c5-0a754c60b276,d847851a-777b-43c6-83b3-392672659edc,6
a8e4581d-5186-4367-95c5-0a754c60b276,d89044ef-b7df-4a15-be10-d342fe381664,4
a8e4581d-5186-4367-95c5-0a754c60b276,dab4cf29-4843-4261-b09b-973fe98dbf65,52
a8e4581d-5186-4367-95c5-0a754c60b276,dc9f60e4-e1a4-487b-a002-40b3c77ba896,47
a8e4581d-5186-4367-95c5-0a754c60b276,e10065e1-776d-4bf3-8669-56788c453079,6
a8e4581d-5186-4367-95c5-0a754c60b276,e5f316f0-e4e7-4cf0-a064-ed9321737487,1
a8e4581d-5186-4367-95c5-0a754c60b276,e6cc253d-14cb-437b-be88-4966f5fcb1f5,5
a8e4581d-5186-4367-95c5-0a754c60b276,e70c3ee3-cca2-4521-abea-b124dcec0952,12
a8e4581d-5186-4367-95c5-0a754c60b276,e85125f3-b7cf-426c-9355-412838893f55,2
a8e4581d-5186-4367-95c5-0a754c60b276,ee32e8d2-aa15-4603-901e-2cc3c72e9ead,5
a8e4581d-5186-4367-95c5-0a754c60b276,efd89dff-2cde-4afc-ab14-e4f9795d1407,2
a8e4581d-5186-4367-95c5-0a754c60b276,f067f702-8e06-491a-9498-462205d1aaec,1
a8e4581d-5186-4367-95c5-0a754c60b276,f31cabe4-e1f4-46db-88a9-b46ba44dded4,33
a8e4581d-5186-4367-95c5-0a754c60b276,fa4d473c-e553-439e-8f53-ca5f2b203dbd,18
a8e4581d-5186-4367-95c5-0a754c60b276,face7642-1fd8-4ec1-a909-c2579b0bd8d2,2
a8e4581d-5186-4367-95c5-0a754c60b276,fdc445bd-f8fe-4cfc-b387-7fd66a181674,3
a900b4e7-92d9-4903-ab21-3189f17fe2e0,aa0272f6-6e3c-41f7-b040-b774b30d2196,11
a900b4e7-92d9-4903-ab21-3189f17fe2e0,ac61813c-2d49-4318-b5d0-32e3559b8db4,4
a900b4e7-92d9-4903-ab21-3189f17fe2e0,bd954447-a92c-4899-a9a8-4a58569fd4d2,10
a900b4e7-92d9-4903-ab21-3189f17fe2e0,c128a46d-ebd9-4ee9-80cc-16bfe505e539,13
a900b4e7-92d9-4903-ab21-3189f17fe2e0,d3eeba5c-e756-485b-978e-a91629c31e57,1
a900b4e7-92d9-4903-ab21-3189f17fe2e0,e6cc253d-14cb-437b-be88-4966f5fcb1f5,6
a900b4e7-92d9-4903-ab21-3189f17fe2e0,e6e673f5-f0a7-4d34-a6aa-d2f12fed24ed,1
a900b4e7-92d9-4903-ab21-3189f17fe2e0,fdc445bd-f8fe-4cfc-b387-7fd66a181674,7
a901d2d2-35f6-4341-bbfb-38e5d9b21d07,a962ffcb-a300-45e1-8850-70c7173c233e,1
a901d2d2-35f6-4341-bbfb-38e5d9b21d07,ab97f146-7308-4a7e-9197-2ef5ee467a95,4
a901d2d2-35f6-4341-bbfb-38e5d9b21d07,b9cfefa1-1e5e-4fd7-a9d5-458e4c3a20db,2
a901d2d2-35f6-4341-bbfb-38e5d9b21d07,bb3a9cf3-6f64-4092-85a1-4318244ee603,4
a901d2d2-35f6-4341-bbfb-38e5d9b21d07,bb6801d4-f671-4ade-aa86-29aa89373dd9,29
a901d2d2-35f6-4341-bbfb-38e5d9b21d07,bd954447-a92c-4899-a9a8-4a58569fd4d2,1
a901d2d2-35f6-4341-bbfb-38e5d9b21d07,c0648a21-11c6-4b4f-a4be-205d7dcbb746,1
a901d2d2-35f6-4341-bbfb-38e5d9b21d07,c128a46d-ebd9-4ee9-80cc-16bfe505e539,14
a901d2d2-35f6-4341-bbfb-38e5d9b21d07,c60c655f-40ba-47b0-8e93-a2c8d1ff4743,1
a901d2d2-35f6-4341-bbfb-38e5d9b21d07,c7822b58-103f-4612-87ef-648be97192c6,2
a901d2d2-35f6-4341-bbfb-38e5d9b21d07,cefbf19c-653b-4af7-84a6-e17fba0e4a70,2
a901d2d2-35f6-4341-bbfb-38e5d9b21d07,cfb17042-9f10-4e44-99f4-358bad067455,1
a901d2d2-35f6-4341-bbfb-38e5d9b21d07,d07ef52c-cc10-4445-a3a1-dfe50371f110,1
a901d2d2-35f6-4341-bbfb-38e5d9b21d07,d53f00ee-a955-434a-b636-f07d79859c49,2
a901d2d2-35f6-4341-bbfb-38e5d9b21d07,e7f0d8e8-4c52-4d0a-8b94-28729046f45b,3
a901d2d2-35f6-4341-bbfb-38e5d9b21d07,ef8d31db-0876-4998-b0d9-056643260d46,3
a901d2d2-35f6-4341-bbfb-38e5d9b21d07,f6e59e50-f22a-450c-8d4f-8a7072e50277,3
a901d2d2-35f6-4341-bbfb-38e5d9b21d07,fa4d473c-e553-439e-8f53-ca5f2b203dbd,3
a901d2d2-35f6-4341-bbfb-38e5d9b21d07,fd45195f-c35d-47c9-844e-a5893e10839e,9
a962ffcb-a300-45e1-8850-70c7173c233e,ae91b7a3-544d-40c7-8373-815a0bd18cf0,1
a962ffcb-a300-45e1-8850-70c7173c233e,bb6801d4-f671-4ade-aa86-29aa89373dd9,2
a962ffcb-a300-45e1-8850-70c7173c233e,bd954447-a92c-4899-a9a8-4a58569fd4d2,22
a962ffcb-a300-45e1-8850-70c7173c233e,bf030048-0434-42f1-bbed-8b0c04014db4,3
a962ffcb-a300-45e1-8850-70c7173c233e,c7822b58-103f-4612-87ef-648be97192c6,2
a962ffcb-a300-45e1-8850-70c7173c233e,cabae19e-836c-48c4-903e-7357789f9260,2
a962ffcb-a300-45e1-8850-70c7173c233e,cefbf19c-653b-4af7-84a6-e17fba0e4a70,6
a962ffcb-a300-45e1-8850-70c7173c233e,cf4c4d24-798d-4bbe-bf06-23ca674f0d28,10
a962ffcb-a300-45e1-8850-70c7173c233e,cfb17042-9f10-4e44-99f4-358bad067455,2
a962ffcb-a300-45e1-8850-70c7173c233e,e7f0d8e8-4c52-4d0a-8b94-28729046f45b,4
a962ffcb-a300-45e1-8850-70c7173c233e,fa4d473c-e553-439e-8f53-ca5f2b203dbd,2
a962ffcb-a300-45e1-8850-70c7173c233e,fd544ce8-6d2a-4d79-81e0-c240fcf1776e,1
aa0272f6-6e3c-41f7-b040-b774b30d2196,ab15ce32-a527-4526-a5b2-0f2cdb92feeb,1
aa0272f6-6e3c-41f7-b040-b774b30d2196,ac61813c-2d49-4318-b5d0-32e3559b8db4,1
aa0272f6-6e3c-41f7-b040-b774b30d2196,ad44b24f-bb14-4f4a-a476-3cbbb3e9cdb0,2
aa0272f6-6e3c-41f7-b040-b774b30d2196,ad8654f3-811a-4a63-ab7a-01bf76347caa,15
aa0272f6-6e3c-41f7-b040-b774b30d2196,b29c0e00-7ac2-4c28-ab4f-8fceb156337b,1
aa0272f6-6e3c-41f7-b040-b774b30d2196,b3230578-426f-4b84-bfe2-6a8136c6a3af,18
aa0272f6-6e3c-41f7-b040-b774b30d2196,b8663b71-f92b-4d2b-a06b-f78dba168d98,17
aa0272f6-6e3c-41f7-b040-b774b30d2196,bb3a9cf3-6f64-4092-85a1-4318244ee603,1
aa0272f6-6e3c-41f7-b040-b774b30d2196,bd954447-a92c-4899-a9a8-4a58569fd4d2,6
aa0272f6-6e3c-41f7-b040-b774b30d2196,bf030048-0434-42f1-bbed-8b0c04014db4,3
aa0272f6-6e3c-41f7-b040-b774b30d2196,bf97025a-1c30-4042-bffe-948027f24e6c,5
aa0272f6-6e3c-41f7-b040-b774b30d2196,c01b88c4-5507-49c5-9ec3-f08af6e6eace,1
aa0272f6-6e3c-41f7-b040-b774b30d2196,c0d8ed4a-ec11-48e2-a468-6cd93327305b,24
aa0272f6-6e3c-41f7-b040-b774b30d2196,c128a46d-ebd9-4ee9-80cc-16bfe505e539,7
aa0272f6-6e3c-41f7-b040-b774b30d2196,c1c11045-81c6-43a3-96e4-4cc6d5f2fbb4,1
aa0272f6-6e3c-41f7-b040-b774b30d2196,c4f7c468-721e-4953-97f2-bff05fe570c4,5
aa0272f6-6e3c-41f7-b040-b774b30d2196,c6b2bdaf-8c1f-4b88-a8cb-167941b98bfb,1
aa0272f6-6e3c-41f7-b040-b774b30d2196,c6f061f1-9cb7-4e0a-a281-4fc80527c5d7,5
aa0272f6-6e3c-41f7-b040-b774b30d2196,c7822b58-103f-4612-87ef-648be97192c6,8
aa0272f6-6e3c-41f7-b040-b774b30d2196,cfd07390-25a9-4fdb-bced-8a463530bf51,2
aa0272f6-6e3c-41f7-b040-b774b30d2196,d07ef52c-cc10-4445-a3a1-dfe50371f110,1
aa0272f6-6e3c-41f7-b040-b774b30d2196,d0d8dcbd-4818-4925-a684-13767c7dae0d,23
aa0272f6-6e3c-41f7-b040-b774b30d2196,d1bb566e-a111-43b7-8856-273ebac1f753,1
aa0272f6-6e3c-41f7-b040-b774b30d2196,de674538-350f-4a5a-9f8e-fa8f7c4b93ca,2
aa0272f6-6e3c-41f7-b040-b774b30d2196,e10065e1-776d-4bf3-8669-56788c453079,4
aa0272f6-6e3c-41f7-b040-b774b30d2196,e6cc253d-14cb-437b-be88-4966f5fcb1f5,19
aa0272f6-6e3c-41f7-b040-b774b30d2196,f29c0ba8-4d4a-4cca-bb1b-229f68b4ae6a,1
aa0272f6-6e3c-41f7-b040-b774b30d2196,fa4d473c-e553-439e-8f53-ca5f2b203dbd,7
aa0272f6-6e3c-41f7-b040-b774b30d2196,fac3056b-df3b-4712-9ae3-56472806747b,2
aa0272f6-6e3c-41f7-b040-b774b30d2196,fd544ce8-6d2a-4d79-81e0-c240fcf1776e,3
aa0272f6-6e3c-41f7-b040-b774b30d2196,fdc445bd-f8fe-4cfc-b387-7fd66a181674,15
aa316142-d6ee-4138-bf48-37cd7d11d058,ab97f146-7308-4a7e-9197-2ef5ee467a95,4
aa316142-d6ee-4138-bf48-37cd7d11d058,b8d002bc-ea6c-4f57-b36e-38415b205e09,3
aa316142-d6ee-4138-bf48-37cd7d11d058,c3adeaa2-c232-48f9-967d-caf4b0b51719,2
aa316142-d6ee-4138-bf48-37cd7d11d058,cefbf19c-653b-4af7-84a6-e17fba0e4a70,3
aa316142-d6ee-4138-bf48-37cd7d11d058,cf4c4d24-798d-4bbe-bf06-23ca674f0d28,6
aa316142-d6ee-4138-bf48-37cd7d11d058,d1bb566e-a111-43b7-8856-273ebac1f753,21
aa316142-d6ee-4138-bf48-37cd7d11d058,d847851a-777b-43c6-83b3-392672659edc,5
aa316142-d6ee-4138-bf48-37cd7d11d058,e5c9b4ba-9064-4858-a052-bb3bbecfac4b,1
aa612b6e-b61d-43a8-8775-c83839a9f6ef,ab97f146-7308-4a7e-9197-2ef5ee467a95,19
aa612b6e-b61d-43a8-8775-c83839a9f6ef,b9cfefa1-1e5e-4fd7-a9d5-458e4c3a20db,1
aa612b6e-b61d-43a8-8775-c83839a9f6ef,ba21eb65-8546-40e5-a425-0d228d0eaeac,4
aa612b6e-b61d-43a8-8775-c83839a9f6ef,c606904d-daef-44ff-bd30-cfdc1e6b5185,2
aa612b6e-b61d-43a8-8775-c83839a9f6ef,c6b2bdaf-8c1f-4b88-a8cb-167941b98bfb,21
aa612b6e-b61d-43a8-8775-c83839a9f6ef,c955972d-2702-4d28-8461-262072218f3f,5
aa612b6e-b61d-43a8-8775-c83839a9f6ef,d6c2b5eb-b21a-440a-b628-75492d313ffa,7
aa612b6e-b61d-43a8-8775-c83839a9f6ef,d847851a-777b-43c6-83b3-392672659edc,5
aa612b6e-b61d-43a8-8775-c83839a9f6ef,ddaff486-ef62-4200-aeb9-eeb4bedcc620,2
aa612b6e-b61d-43a8-8775-c83839a9f6ef,de076177-b820-4aff-9629-6829277e1c16,1
aa612b6e-b61d-43a8-8775-c83839a9f6ef,e5c9b4ba-9064-4858-a052-bb3bbecfac4b,4
aa612b6e-b61d-43a8-8775-c83839a9f6ef,ec273841-069f-408b-b434-8524904ae314,3
ab15ce32-a527-4526-a5b2-0f2cdb92feeb,b29c0e00-7ac2-4c28-ab4f-8fceb156337b,12
ab15ce32-a527-4526-a5b2-0f2cdb92feeb,b41b2403-9f06-4d55-adc5-b0777373ca7e,263
ab15ce32-a527-4526-a5b2-0f2cdb92feeb,b4e1d8cf-e8cf-4b66-9ded-97fc8176fa4a,7
ab15ce32-a527-4526-a5b2-0f2cdb92feeb,b6c27e98-0f7f-42a2-9fae-50b5f8ca76cc,5
ab15ce32-a527-4526-a5b2-0f2cdb92feeb,b7a52679-bac9-4e00-9dfd-06a22a7cf088,4
ab15ce32-a527-4526-a5b2-0f2cdb92feeb,b8663b71-f92b-4d2b-a06b-f78dba168d98,4
ab15ce32-a527-4526-a5b2-0f2cdb92feeb,b8d002bc-ea6c-4f57-b36e-38415b205e09,2
ab15ce32-a527-4526-a5b2-0f2cdb92feeb,b9cfefa1-1e5e-4fd7-a9d5-458e4c3a20db,1
ab15ce32-a527-4526-a5b2-0f2cdb92feeb,ba21eb65-8546-40e5-a425-0d228d0eaeac,5
ab15ce32-a527-4526-a5b2-0f2cdb92feeb,bb3a9cf3-6f64-4092-85a1-4318244ee603,153
ab15ce32-a527-4526-a5b2-0f2cdb92feeb,bb6801d4-f671-4ade-aa86-29aa89373dd9,2
ab15ce32-a527-4526-a5b2-0f2cdb92feeb,bf030048-0434-42f1-bbed-8b0c04014db4,6
ab15ce32-a527-4526-a5b2-0f2cdb92feeb,bf494e35-c009-4c74-a5c6-3cb2cd26bb51,6
ab15ce32-a527-4526-a5b2-0f2cdb92feeb,bf97025a-1c30-4042-bffe-948027f24e6c,3
ab15ce32-a527-4526-a5b2-0f2cdb92feeb,c0648a21-11c6-4b4f-a4be-205d7dcbb746,1
ab15ce32-a527-4526-a5b2-0f2cdb92feeb,c0d8ed4a-ec11-48e2-a468-6cd93327305b,14
ab15ce32-a527-4526-a5b2-0f2cdb92feeb,c3b1dca8-2cb4-4025-9527-36163a098c1f,2
ab15ce32-a527-4526-a5b2-0f2cdb92feeb,c60c655f-40ba-47b0-8e93-a2c8d1ff4743,2
ab15ce32-a527-4526-a5b2-0f2cdb92feeb,c6e26bd3-724f-45d3-93af-ef431e6fcd42,59
ab15ce32-a527-4526-a5b2-0f2cdb92feeb,c7822b58-103f-4612-87ef-648be97192c6,21
ab15ce32-a527-4526-a5b2-0f2cdb92feeb,c8935902-45d6-45d6-ac31-77bc0e143154,1
ab15ce32-a527-4526-a5b2-0f2cdb92feeb,cabae19e-836c-48c4-903e-7357789f9260,3
ab15ce32-a527-4526-a5b2-0f2cdb92feeb,ccea26dd-dcae-4174-8945-ec5cb568e951,10
ab15ce32-a527-4526-a5b2-0f2cdb92feeb,cd02edbc-106e-46d1-8d70-6594741356ea,1
ab15ce32-a527-4526-a5b2-0f2cdb92feeb,ce400601-651e-4ac9-a43e-ed8d4817b7fd,4
ab15ce32-a527-4526-a5b2-0f2cdb92feeb,cefbf19c-653b-4af7-84a6-e17fba0e4a70,1
ab15ce32-a527-4526-a5b2-0f2cdb92feeb,cf4c4d24-798d-4bbe-bf06-23ca674f0d28,16
ab15ce32-a527-4526-a5b2-0f2cdb92feeb,d07ef52c-cc10-4445-a3a1-dfe50371f110,11
ab15ce32-a527-4526-a5b2-0f2cdb92feeb,d1bb566e-a111-43b7-8856-273ebac1f753,1
ab15ce32-a527-4526-a5b2-0f2cdb92feeb,d34e1efc-fbba-4ad8-823a-61bc3f25d580,5
ab15ce32-a527-4526-a5b2-0f2cdb92feeb,d38ca3cf-9803-48dc-8592-c67c4430168e,9
ab15ce32-a527-4526-a5b2-0f2cdb92feeb,d53f00ee-a955-434a-b636-f07d79859c49,2
ab15ce32-a527-4526-a5b2-0f2cdb92feeb,d59d1492-57b6-482b-88b6-b2b77c45c33d,18
ab15ce32-a527-4526-a5b2-0f2cdb92feeb,d642dcc9-3f86-49d1-96c9-ae2771d1e89a,1
ab15ce32-a527-4526-a5b2-0f2cdb92feeb,d847851a-777b-43c6-83b3-392672659edc,42
ab15ce32-a527-4526-a5b2-0f2cdb92feeb,d89044ef-b7df-4a15-be10-d342fe381664,7
ab15ce32-a527-4526-a5b2-0f2cdb92feeb,da756f9c-3f10-4ab8-9fa8-75812e248959,3
ab15ce32-a527-4526-a5b2-0f2cdb92feeb,dab4cf29-4843-4261-b09b-973fe98dbf65,2
ab15ce32-a527-4526-a5b2-0f2cdb92feeb,dae67415-1ed1-4464-a59e-75170eb1925d,3
ab15ce32-a527-4526-a5b2-0f2cdb92feeb,dc9f60e4-e1a4-487b-a002-40b3c77ba896,3
ab15ce32-a527-4526-a5b2-0f2cdb92feeb,e5c4753f-d2d8-4a4a-ae9d-62118892a731,1
ab15ce32-a527-4526-a5b2-0f2cdb92feeb,e5f316f0-e4e7-4cf0-a064-ed9321737487,7
ab15ce32-a527-4526-a5b2-0f2cdb92feeb,e6cc253d-14cb-437b-be88-4966f5fcb1f5,9
ab15ce32-a527-4526-a5b2-0f2cdb92feeb,e70c3ee3-cca2-4521-abea-b124dcec0952,4
ab15ce32-a527-4526-a5b2-0f2cdb92feeb,e7f0d8e8-4c52-4d0a-8b94-28729046f45b,5
ab15ce32-a527-4526-a5b2-0f2cdb92feeb,e85125f3-b7cf-426c-9355-412838893f55,2
ab15ce32-a527-4526-a5b2-0f2cdb92feeb,eb79af3c-a66d-4374-b9e7-34d7f3e92dc7,79
ab15ce32-a527-4526-a5b2-0f2cdb92feeb,ec571f94-11b8-47d7-bb47-fd0d2d7c7f07,7
ab15ce32-a527-4526-a5b2-0f2cdb92feeb,ee32e8d2-aa15-4603-901e-2cc3c72e9ead,7
ab15ce32-a527-4526-a5b2-0f2cdb92feeb,ef8d31db-0876-4998-b0d9-056643260d46,14
ab15ce32-a527-4526-a5b2-0f2cdb92feeb,f29c0ba8-4d4a-4cca-bb1b-229f68b4ae6a,2
ab15ce32-a527-4526-a5b2-0f2cdb92feeb,f31cabe4-e1f4-46db-88a9-b46ba44dded4,27
ab15ce32-a527-4526-a5b2-0f2cdb92feeb,fa4d473c-e553-439e-8f53-ca5f2b203dbd,11
ab15ce32-a527-4526-a5b2-0f2cdb92feeb,face7642-1fd8-4ec1-a909-c2579b0bd8d2,3
ab15ce32-a527-4526-a5b2-0f2cdb92feeb,fb291eb2-962a-482f-971a-0b62673f9a86,2
ab15ce32-a527-4526-a5b2-0f2cdb92feeb,fd45195f-c35d-47c9-844e-a5893e10839e,1
ab15ce32-a527-4526-a5b2-0f2cdb92feeb,fdc445bd-f8fe-4cfc-b387-7fd66a181674,1
ab97f146-7308-4a7e-9197-2ef5ee467a95,ac61813c-2d49-4318-b5d0-32e3559b8db4,5
ab97f146-7308-4a7e-9197-2ef5ee467a95,ac969248-8799-4f53-ad71-76815c79da35,2
ab97f146-7308-4a7e-9197-2ef5ee467a95,b1e4718d-bf16-4b46-91fd-946b42bed3af,1
ab97f146-7308-4a7e-9197-2ef5ee467a95,b29c0e00-7ac2-4c28-ab4f-8fceb156337b,1
ab97f146-7308-4a7e-9197-2ef5ee467a95,b50b3f0b-afc8-46e5-bfda-cb60e2935a5a,1
ab97f146-7308-4a7e-9197-2ef5ee467a95,ba21eb65-8546-40e5-a425-0d228d0eaeac,31
ab97f146-7308-4a7e-9197-2ef5ee467a95,bd954447-a92c-4899-a9a8-4a58569fd4d2,2
ab97f146-7308-4a7e-9197-2ef5ee467a95,bf030048-0434-42f1-bbed-8b0c04014db4,3
ab97f146-7308-4a7e-9197-2ef5ee467a95,c01b88c4-5507-49c5-9ec3-f08af6e6eace,1
ab97f146-7308-4a7e-9197-2ef5ee467a95,c128a46d-ebd9-4ee9-80cc-16bfe505e539,5
ab97f146-7308-4a7e-9197-2ef5ee467a95,c1c11045-81c6-43a3-96e4-4cc6d5f2fbb4,5
ab97f146-7308-4a7e-9197-2ef5ee467a95,c606904d-daef-44ff-bd30-cfdc1e6b5185,1
ab97f146-7308-4a7e-9197-2ef5ee467a95,c60c655f-40ba-47b0-8e93-a2c8d1ff4743,1
ab97f146-7308-4a7e-9197-2ef5ee467a95,c6b2bdaf-8c1f-4b88-a8cb-167941b98bfb,24
ab97f146-7308-4a7e-9197-2ef5ee467a95,c955972d-2702-4d28-8461-262072218f3f,18
ab97f146-7308-4a7e-9197-2ef5ee467a95,caaae646-de85-453f-b6e0-9b9b4f710f03,11
ab97f146-7308-4a7e-9197-2ef5ee467a95,cd5a2cfd-7689-4a6e-aed1-df2a773bab9c,1
ab97f146-7308-4a7e-9197-2ef5ee467a95,ce747c36-3ef4-49e3-b55e-1bc99db62413,1
ab97f146-7308-4a7e-9197-2ef5ee467a95,cf4c4d24-798d-4bbe-bf06-23ca674f0d28,13
ab97f146-7308-4a7e-9197-2ef5ee467a95,d07ef52c-cc10-4445-a3a1-dfe50371f110,7
ab97f146-7308-4a7e-9197-2ef5ee467a95,d1bb566e-a111-43b7-8856-273ebac1f753,15
ab97f146-7308-4a7e-9197-2ef5ee467a95,d3023879-e3c7-411b-bb8a-1a0be0ca6035,5
ab97f146-7308-4a7e-9197-2ef5ee467a95,d653bf17-e60f-4512-9258-a68ec026e381,1
ab97f146-7308-4a7e-9197-2ef5ee467a95,d6c2b5eb-b21a-440a-b628-75492d313ffa,10
ab97f146-7308-4a7e-9197-2ef5ee467a95,d847851a-777b-43c6-83b3-392672659edc,24
ab97f146-7308-4a7e-9197-2ef5ee467a95,dae67415-1ed1-4464-a59e-75170eb1925d,1
ab97f146-7308-4a7e-9197-2ef5ee467a95,ddaff486-ef62-4200-aeb9-eeb4bedcc620,1
ab97f146-7308-4a7e-9197-2ef5ee467a95,de076177-b820-4aff-9629-6829277e1c16,1
ab97f146-7308-4a7e-9197-2ef5ee467a95,e5c9b4ba-9064-4858-a052-bb3bbecfac4b,6
ab97f146-7308-4a7e-9197-2ef5ee467a95,e6cc253d-14cb-437b-be88-4966f5fcb1f5,1
ab97f146-7308-4a7e-9197-2ef5ee467a95,edefa48b-f14e-4ec3-ab3c-dfe2aa0126ec,1
ab97f146-7308-4a7e-9197-2ef5ee467a95,ee32e8d2-aa15-4603-901e-2cc3c72e9ead,46
ab97f146-7308-4a7e-9197-2ef5ee467a95,fdc445bd-f8fe-4cfc-b387-7fd66a181674,1
ac61813c-2d49-4318-b5d0-32e3559b8db4,b8d002bc-ea6c-4f57-b36e-38415b205e09,1
ac61813c-2d49-4318-b5d0-32e3559b8db4,ba21eb65-8546-40e5-a425-0d228d0eaeac,18
ac61813c-2d49-4318-b5d0-32e3559b8db4,bd954447-a92c-4899-a9a8-4a58569fd4d2,4
ac61813c-2d49-4318-b5d0-32e3559b8db4,bf030048-0434-42f1-bbed-8b0c04014db4,42
ac61813c-2d49-4318-b5d0-32e3559b8db4,caaae646-de85-453f-b6e0-9b9b4f710f03,2
ac61813c-2d49-4318-b5d0-32e3559b8db4,cefbf19c-653b-4af7-84a6-e17fba0e4a70,2
ac61813c-2d49-4318-b5d0-32e3559b8db4,d07ef52c-cc10-4445-a3a1-dfe50371f110,2
ac61813c-2d49-4318-b5d0-32e3559b8db4,d1bb566e-a111-43b7-8856-273ebac1f753,2
ac61813c-2d49-4318-b5d0-32e3559b8db4,ddaff486-ef62-4200-aeb9-eeb4bedcc620,4
ac61813c-2d49-4318-b5d0-32e3559b8db4,edb8800b-6f1b-4e13-be0a-5b88fbd13c82,5
ac61813c-2d49-4318-b5d0-32e3559b8db4,edefa48b-f14e-4ec3-ab3c-dfe2aa0126ec,9
ac61813c-2d49-4318-b5d0-32e3559b8db4,ee32e8d2-aa15-4603-901e-2cc3c72e9ead,21
ac61813c-2d49-4318-b5d0-32e3559b8db4,eef0e09f-c709-4de5-8b44-086876d5f631,2
ac61813c-2d49-4318-b5d0-32e3559b8db4,fdc445bd-f8fe-4cfc-b387-7fd66a181674,6
ac969248-8799-4f53-ad71-76815c79da35,c01b88c4-5507-49c5-9ec3-f08af6e6eace,1
ac969248-8799-4f53-ad71-76815c79da35,caaae646-de85-453f-b6e0-9b9b4f710f03,6
ac969248-8799-4f53-ad71-76815c79da35,cefbf19c-653b-4af7-84a6-e17fba0e4a70,1
ac969248-8799-4f53-ad71-76815c79da35,de674538-350f-4a5a-9f8e-fa8f7c4b93ca,2
ac969248-8799-4f53-ad71-76815c79da35,e5c9b4ba-9064-4858-a052-bb3bbecfac4b,4
ac969248-8799-4f53-ad71-76815c79da35,ee32e8d2-aa15-4603-901e-2cc3c72e9ead,13
ac969248-8799-4f53-ad71-76815c79da35,f0ff5ae5-e0e8-4a26-af3a-93c8b5947dc4,1
ac969248-8799-4f53-ad71-76815c79da35,fac3056b-df3b-4712-9ae3-56472806747b,1
ad44b24f-bb14-4f4a-a476-3cbbb3e9cdb0,b29c0e00-7ac2-4c28-ab4f-8fceb156337b,1
ad44b24f-bb14-4f4a-a476-3cbbb3e9cdb0,b4fdf408-8296-4d14-9e95-b4b96dc20751,2
ad44b24f-bb14-4f4a-a476-3cbbb3e9cdb0,bd954447-a92c-4899-a9a8-4a58569fd4d2,5
ad44b24f-bb14-4f4a-a476-3cbbb3e9cdb0,c0d8ed4a-ec11-48e2-a468-6cd93327305b,1
ad44b24f-bb14-4f4a-a476-3cbbb3e9cdb0,ccea26dd-dcae-4174-8945-ec5cb568e951,1
ad44b24f-bb14-4f4a-a476-3cbbb3e9cdb0,d0d8dcbd-4818-4925-a684-13767c7dae0d,1
ad44b24f-bb14-4f4a-a476-3cbbb3e9cdb0,d53f00ee-a955-434a-b636-f07d79859c49,1
ad44b24f-bb14-4f4a-a476-3cbbb3e9cdb0,fa4d473c-e553-439e-8f53-ca5f2b203dbd,2
ad44b24f-bb14-4f4a-a476-3cbbb3e9cdb0,fdc445bd-f8fe-4cfc-b387-7fd66a181674,6
ad8654f3-811a-4a63-ab7a-01bf76347caa,b3230578-426f-4b84-bfe2-6a8136c6a3af,3
ad8654f3-811a-4a63-ab7a-01bf76347caa,b8663b71-f92b-4d2b-a06b-f78dba168d98,2
ad8654f3-811a-4a63-ab7a-01bf76347caa,bb3a9cf3-6f64-4092-85a1-4318244ee603,2
ad8654f3-811a-4a63-ab7a-01bf76347caa,bf97025a-1c30-4042-bffe-948027f24e6c,4
ad8654f3-811a-4a63-ab7a-01bf76347caa,c4f7c468-721e-4953-97f2-bff05fe570c4,5
ad8654f3-811a-4a63-ab7a-01bf76347caa,d0d8dcbd-4818-4925-a684-13767c7dae0d,2
ad8654f3-811a-4a63-ab7a-01bf76347caa,d1bb566e-a111-43b7-8856-273ebac1f753,1
ad8654f3-811a-4a63-ab7a-01bf76347caa,e10065e1-776d-4bf3-8669-56788c453079,2
ad8654f3-811a-4a63-ab7a-01bf76347caa,fd544ce8-6d2a-4d79-81e0-c240fcf1776e,3
ae91b7a3-544d-40c7-8373-815a0bd18cf0,b3230578-426f-4b84-bfe2-6a8136c6a3af,4
ae91b7a3-544d-40c7-8373-815a0bd18cf0,b4fdf408-8296-4d14-9e95-b4b96dc20751,11
ae91b7a3-544d-40c7-8373-815a0bd18cf0,ba21eb65-8546-40e5-a425-0d228d0eaeac,1
ae91b7a3-544d-40c7-8373-815a0bd18cf0,bb3a9cf3-6f64-4092-85a1-4318244ee603,4
ae91b7a3-544d-40c7-8373-815a0bd18cf0,bd954447-a92c-4899-a9a8-4a58569fd4d2,15
ae91b7a3-544d-40c7-8373-815a0bd18cf0,bf030048-0434-42f1-bbed-8b0c04014db4,1
ae91b7a3-544d-40c7-8373-815a0bd18cf0,bf97025a-1c30-4042-bffe-948027f24e6c,12
ae91b7a3-544d-40c7-8373-815a0bd18cf0,c0648a21-11c6-4b4f-a4be-205d7dcbb746,1
ae91b7a3-544d-40c7-8373-815a0bd18cf0,c0d8ed4a-ec11-48e2-a468-6cd93327305b,7
ae91b7a3-544d-40c7-8373-815a0bd18cf0,c128a46d-ebd9-4ee9-80cc-16bfe505e539,3
ae91b7a3-544d-40c7-8373-815a0bd18cf0,c1554da8-5650-43fe-893a-2cd8f5f8b4d5,1
ae91b7a3-544d-40c7-8373-815a0bd18cf0,c1c11045-81c6-43a3-96e4-4cc6d5f2fbb4,6
ae91b7a3-544d-40c7-8373-815a0bd18cf0,c606904d-daef-44ff-bd30-cfdc1e6b5185,2
ae91b7a3-544d-40c7-8373-815a0bd18cf0,c6b2bdaf-8c1f-4b88-a8cb-167941b98bfb,3
ae91b7a3-544d-40c7-8373-815a0bd18cf0,cabae19e-836c-48c4-903e-7357789f9260,2
ae91b7a3-544d-40c7-8373-815a0bd18cf0,cefbf19c-653b-4af7-84a6-e17fba0e4a70,1
ae91b7a3-544d-40c7-8373-815a0bd18cf0,cf4c4d24-798d-4bbe-bf06-23ca674f0d28,1
ae91b7a3-544d-40c7-8373-815a0bd18cf0,d07ef52c-cc10-4445-a3a1-dfe50371f110,4
ae91b7a3-544d-40c7-8373-815a0bd18cf0,d3023879-e3c7-411b-bb8a-1a0be0ca6035,4
ae91b7a3-544d-40c7-8373-815a0bd18cf0,d653bf17-e60f-4512-9258-a68ec026e381,4
ae91b7a3-544d-40c7-8373-815a0bd18cf0,d6c2b5eb-b21a-440a-b628-75492d313ffa,1
ae91b7a3-544d-40c7-8373-815a0bd18cf0,da26504f-588f-4f69-85bd-1e2b627441e2,1
ae91b7a3-544d-40c7-8373-815a0bd18cf0,da9f33b0-80ca-49eb-a1ec-def3b46538d9,1
ae91b7a3-544d-40c7-8373-815a0bd18cf0,dae67415-1ed1-4464-a59e-75170eb1925d,1
ae91b7a3-544d-40c7-8373-815a0bd18cf0,ddaff486-ef62-4200-aeb9-eeb4bedcc620,9
ae91b7a3-544d-40c7-8373-815a0bd18cf0,e5c9b4ba-9064-4858-a052-bb3bbecfac4b,3
ae91b7a3-544d-40c7-8373-815a0bd18cf0,edb8800b-6f1b-4e13-be0a-5b88fbd13c82,5
ae91b7a3-544d-40c7-8373-815a0bd18cf0,eef0e09f-c709-4de5-8b44-086876d5f631,5
ae91b7a3-544d-40c7-8373-815a0bd18cf0,fa4d473c-e553-439e-8f53-ca5f2b203dbd,16
ae91b7a3-544d-40c7-8373-815a0bd18cf0,fdc445bd-f8fe-4cfc-b387-7fd66a181674,8
af31a147-9feb-4f6e-8e8a-aeced0fcc56f,c606904d-daef-44ff-bd30-cfdc1e6b5185,2
af31a147-9feb-4f6e-8e8a-aeced0fcc56f,ce747c36-3ef4-49e3-b55e-1bc99db62413,4
af31a147-9feb-4f6e-8e8a-aeced0fcc56f,d3023879-e3c7-411b-bb8a-1a0be0ca6035,1
af31a147-9feb-4f6e-8e8a-aeced0fcc56f,d653bf17-e60f-4512-9258-a68ec026e381,2
af31a147-9feb-4f6e-8e8a-aeced0fcc56f,d6c2b5eb-b21a-440a-b628-75492d313ffa,2
af31a147-9feb-4f6e-8e8a-aeced0fcc56f,d847851a-777b-43c6-83b3-392672659edc,1
b1e4718d-bf16-4b46-91fd-946b42bed3af,b8d002bc-ea6c-4f57-b36e-38415b205e09,7
b1e4718d-bf16-4b46-91fd-946b42bed3af,ba21eb65-8546-40e5-a425-0d228d0eaeac,3
b1e4718d-bf16-4b46-91fd-946b42bed3af,c1c11045-81c6-43a3-96e4-4cc6d5f2fbb4,4
b1e4718d-bf16-4b46-91fd-946b42bed3af,c955972d-2702-4d28-8461-262072218f3f,7
b1e4718d-bf16-4b46-91fd-946b42bed3af,caaae646-de85-453f-b6e0-9b9b4f710f03,2
b1e4718d-bf16-4b46-91fd-946b42bed3af,cd5a2cfd-7689-4a6e-aed1-df2a773bab9c,4
b1e4718d-bf16-4b46-91fd-946b42bed3af,d653bf17-e60f-4512-9258-a68ec026e381,13
b1e4718d-bf16-4b46-91fd-946b42bed3af,d6c2b5eb-b21a-440a-b628-75492d313ffa,2
b1e4718d-bf16-4b46-91fd-946b42bed3af,de674538-350f-4a5a-9f8e-fa8f7c4b93ca,1
b1e4718d-bf16-4b46-91fd-946b42bed3af,e7f0d8e8-4c52-4d0a-8b94-28729046f45b,19
b1e4718d-bf16-4b46-91fd-946b42bed3af,edefa48b-f14e-4ec3-ab3c-dfe2aa0126ec,1
b1e4718d-bf16-4b46-91fd-946b42bed3af,ee32e8d2-aa15-4603-901e-2cc3c72e9ead,1
b1e4718d-bf16-4b46-91fd-946b42bed3af,f0ff5ae5-e0e8-4a26-af3a-93c8b5947dc4,1
b221afb0-2758-4ace-846a-7bfc33389ad6,b7a52679-bac9-4e00-9dfd-06a22a7cf088,3
b221afb0-2758-4ace-846a-7bfc33389ad6,c7822b58-103f-4612-87ef-648be97192c6,6
b221afb0-2758-4ace-846a-7bfc33389ad6,cefbf19c-653b-4af7-84a6-e17fba0e4a70,1
b221afb0-2758-4ace-846a-7bfc33389ad6,cfb17042-9f10-4e44-99f4-358bad067455,5
b221afb0-2758-4ace-846a-7bfc33389ad6,d07ef52c-cc10-4445-a3a1-dfe50371f110,3
b221afb0-2758-4ace-846a-7bfc33389ad6,d34e1efc-fbba-4ad8-823a-61bc3f25d580,1
b221afb0-2758-4ace-846a-7bfc33389ad6,d53f00ee-a955-434a-b636-f07d79859c49,7
b221afb0-2758-4ace-846a-7bfc33389ad6,da756f9c-3f10-4ab8-9fa8-75812e248959,2
b221afb0-2758-4ace-846a-7bfc33389ad6,ee32e8d2-aa15-4603-901e-2cc3c72e9ead,7
b23257b9-1d5e-4d4f-a2ee-cc4501ae5c6a,c01b88c4-5507-49c5-9ec3-f08af6e6eace,1
b23257b9-1d5e-4d4f-a2ee-cc4501ae5c6a,cd5a2cfd-7689-4a6e-aed1-df2a773bab9c,1
b23257b9-1d5e-4d4f-a2ee-cc4501ae5c6a,ee32e8d2-aa15-4603-901e-2cc3c72e9ead,1
b29c0e00-7ac2-4c28-ab4f-8fceb156337b,b4e1d8cf-e8cf-4b66-9ded-97fc8176fa4a,7
b29c0e00-7ac2-4c28-ab4f-8fceb156337b,b4fdf408-8296-4d14-9e95-b4b96dc20751,1
b29c0e00-7ac2-4c28-ab4f-8fceb156337b,b9cfefa1-1e5e-4fd7-a9d5-458e4c3a20db,1
b29c0e00-7ac2-4c28-ab4f-8fceb156337b,ba21eb65-8546-40e5-a425-0d228d0eaeac,33
b29c0e00-7ac2-4c28-ab4f-8fceb156337b,bb3a9cf3-6f64-4092-85a1-4318244ee603,5
b29c0e00-7ac2-4c28-ab4f-8fceb156337b,bf030048-0434-42f1-bbed-8b0c04014db4,1
b29c0e00-7ac2-4c28-ab4f-8fceb156337b,bf97025a-1c30-4042-bffe-948027f24e6c,4
b29c0e00-7ac2-4c28-ab4f-8fceb156337b,c0d8ed4a-ec11-48e2-a468-6cd93327305b,1
b29c0e00-7ac2-4c28-ab4f-8fceb156337b,c128a46d-ebd9-4ee9-80cc-16bfe505e539,2
b29c0e00-7ac2-4c28-ab4f-8fceb156337b,c3b1dca8-2cb4-4025-9527-36163a098c1f,5
b29c0e00-7ac2-4c28-ab4f-8fceb156337b,c4f7c468-721e-4953-97f2-bff05fe570c4,1
b29c0e00-7ac2-4c28-ab4f-8fceb156337b,c6f061f1-9cb7-4e0a-a281-4fc80527c5d7,1
b29c0e00-7ac2-4c28-ab4f-8fceb156337b,c7822b58-103f-4612-87ef-648be97192c6,5
b29c0e00-7ac2-4c28-ab4f-8fceb156337b,cabae19e-836c-48c4-903e-7357789f9260,89
b29c0e00-7ac2-4c28-ab4f-8fceb156337b,ccea26dd-dcae-4174-8945-ec5cb568e951,1
b29c0e00-7ac2-4c28-ab4f-8fceb156337b,cf4c4d24-798d-4bbe-bf06-23ca674f0d28,8
b29c0e00-7ac2-4c28-ab4f-8fceb156337b,cfb17042-9f10-4e44-99f4-358bad067455,36
b29c0e00-7ac2-4c28-ab4f-8fceb156337b,d07ef52c-cc10-4445-a3a1-dfe50371f110,24
b29c0e00-7ac2-4c28-ab4f-8fceb156337b,d0d8dcbd-4818-4925-a684-13767c7dae0d,4
b29c0e00-7ac2-4c28-ab4f-8fceb156337b,d1bb566e-a111-43b7-8856-273ebac1f753,18
b29c0e00-7ac2-4c28-ab4f-8fceb156337b,d53f00ee-a955-434a-b636-f07d79859c49,5
b29c0e00-7ac2-4c28-ab4f-8fceb156337b,d847851a-777b-43c6-83b3-392672659edc,2
b29c0e00-7ac2-4c28-ab4f-8fceb156337b,dae67415-1ed1-4464-a59e-75170eb1925d,1
b29c0e00-7ac2-4c28-ab4f-8fceb156337b,dc9f60e4-e1a4-487b-a002-40b3c77ba896,82
b29c0e00-7ac2-4c28-ab4f-8fceb156337b,e10065e1-776d-4bf3-8669-56788c453079,29
b29c0e00-7ac2-4c28-ab4f-8fceb156337b,ee32e8d2-aa15-4603-901e-2cc3c72e9ead,1
b29c0e00-7ac2-4c28-ab4f-8fceb156337b,fa4d473c-e553-439e-8f53-ca5f2b203dbd,9
b29c0e00-7ac2-4c28-ab4f-8fceb156337b,face7642-1fd8-4ec1-a909-c2579b0bd8d2,9
b3230578-426f-4b84-bfe2-6a8136c6a3af,b4fdf408-8296-4d14-9e95-b4b96dc20751,11
b3230578-426f-4b84-bfe2-6a8136c6a3af,bb3a9cf3-6f64-4092-85a1-4318244ee603,1
b3230578-426f-4b84-bfe2-6a8136c6a3af,bd954447-a92c-4899-a9a8-4a58569fd4d2,8
b3230578-426f-4b84-bfe2-6a8136c6a3af,d0d8dcbd-4818-4925-a684-13767c7dae0d,4
b3230578-426f-4b84-bfe2-6a8136c6a3af,e10065e1-776d-4bf3-8669-56788c453079,1
b3230578-426f-4b84-bfe2-6a8136c6a3af,fa4d473c-e553-439e-8f53-ca5f2b203dbd,9
b3230578-426f-4b84-bfe2-6a8136c6a3af,fdc445bd-f8fe-4cfc-b387-7fd66a181674,1
b41b2403-9f06-4d55-adc5-b0777373ca7e,b50b3f0b-afc8-46e5-bfda-cb60e2935a5a,5
b41b2403-9f06-4d55-adc5-b0777373ca7e,b625d2bf-da74-40a2-b013-2069a09dcb6c,6
b41b2403-9f06-4d55-adc5-b0777373ca7e,b6c27e98-0f7f-42a2-9fae-50b5f8ca76cc,1
b41b2403-9f06-4d55-adc5-b0777373ca7e,b7a52679-bac9-4e00-9dfd-06a22a7cf088,4
b41b2403-9f06-4d55-adc5-b0777373ca7e,b8663b71-f92b-4d2b-a06b-f78dba168d98,7
b41b2403-9f06-4d55-adc5-b0777373ca7e,b8d002bc-ea6c-4f57-b36e-38415b205e09,2
b41b2403-9f06-4d55-adc5-b0777373ca7e,b9cfefa1-1e5e-4fd7-a9d5-458e4c3a20db,3
b41b2403-9f06-4d55-adc5-b0777373ca7e,bb3a9cf3-6f64-4092-85a1-4318244ee603,6
b41b2403-9f06-4d55-adc5-b0777373ca7e,bb6801d4-f671-4ade-aa86-29aa89373dd9,14
b41b2403-9f06-4d55-adc5-b0777373ca7e,bf030048-0434-42f1-bbed-8b0c04014db4,9
b41b2403-9f06-4d55-adc5-b0777373ca7e,bf494e35-c009-4c74-a5c6-3cb2cd26bb51,37
b41b2403-9f06-4d55-adc5-b0777373ca7e,bf8eb79e-5034-4882-a4c5-413baba477d5,2
b41b2403-9f06-4d55-adc5-b0777373ca7e,c0d8ed4a-ec11-48e2-a468-6cd93327305b,14
b41b2403-9f06-4d55-adc5-b0777373ca7e,c4f7c468-721e-4953-97f2-bff05fe570c4,1
b41b2403-9f06-4d55-adc5-b0777373ca7e,c6e26bd3-724f-45d3-93af-ef431e6fcd42,73
b41b2403-9f06-4d55-adc5-b0777373ca7e,c7822b58-103f-4612-87ef-648be97192c6,33
b41b2403-9f06-4d55-adc5-b0777373ca7e,cabae19e-836c-48c4-903e-7357789f9260,7
b41b2403-9f06-4d55-adc5-b0777373ca7e,ccea26dd-dcae-4174-8945-ec5cb568e951,27
b41b2403-9f06-4d55-adc5-b0777373ca7e,cd02edbc-106e-46d1-8d70-6594741356ea,5
b41b2403-9f06-4d55-adc5-b0777373ca7e,ce400601-651e-4ac9-a43e-ed8d4817b7fd,1
b41b2403-9f06-4d55-adc5-b0777373ca7e,cf4c4d24-798d-4bbe-bf06-23ca674f0d28,5
b41b2403-9f06-4d55-adc5-b0777373ca7e,d07ef52c-cc10-4445-a3a1-dfe50371f110,10
b41b2403-9f06-4d55-adc5-b0777373ca7e,d1bb566e-a111-43b7-8856-273ebac1f753,3
b41b2403-9f06-4d55-adc5-b0777373ca7e,d34e1efc-fbba-4ad8-823a-61bc3f25d580,31
b41b2403-9f06-4d55-adc5-b0777373ca7e,d38ca3cf-9803-48dc-8592-c67c4430168e,64
b41b2403-9f06-4d55-adc5-b0777373ca7e,d59d1492-57b6-482b-88b6-b2b77c45c33d,31
b41b2403-9f06-4d55-adc5-b0777373ca7e,d847851a-777b-43c6-83b3-392672659edc,93
b41b2403-9f06-4d55-adc5-b0777373ca7e,d89044ef-b7df-4a15-be10-d342fe381664,8
b41b2403-9f06-4d55-adc5-b0777373ca7e,d9e78b0a-0a3b-44ef-acd9-15d6e9e19d60,2
b41b2403-9f06-4d55-adc5-b0777373ca7e,da756f9c-3f10-4ab8-9fa8-75812e248959,3
b41b2403-9f06-4d55-adc5-b0777373ca7e,da9f33b0-80ca-49eb-a1ec-def3b46538d9,1
b41b2403-9f06-4d55-adc5-b0777373ca7e,dab4cf29-4843-4261-b09b-973fe98dbf65,4
b41b2403-9f06-4d55-adc5-b0777373ca7e,e5c4753f-d2d8-4a4a-ae9d-62118892a731,2
b41b2403-9f06-4d55-adc5-b0777373ca7e,e5f316f0-e4e7-4cf0-a064-ed9321737487,3
b41b2403-9f06-4d55-adc5-b0777373ca7e,e6cc253d-14cb-437b-be88-4966f5fcb1f5,9
b41b2403-9f06-4d55-adc5-b0777373ca7e,e70c3ee3-cca2-4521-abea-b124dcec0952,23
b41b2403-9f06-4d55-adc5-b0777373ca7e,e85125f3-b7cf-426c-9355-412838893f55,3
b41b2403-9f06-4d55-adc5-b0777373ca7e,ea21d788-7cfe-41ff-b22f-0664397139af,2
b41b2403-9f06-4d55-adc5-b0777373ca7e,eb79af3c-a66d-4374-b9e7-34d7f3e92dc7,3
b41b2403-9f06-4d55-adc5-b0777373ca7e,ec571f94-11b8-47d7-bb47-fd0d2d7c7f07,20
b41b2403-9f06-4d55-adc5-b0777373ca7e,ee32e8d2-aa15-4603-901e-2cc3c72e9ead,11
b41b2403-9f06-4d55-adc5-b0777373ca7e,ef8d31db-0876-4998-b0d9-056643260d46,3
b41b2403-9f06-4d55-adc5-b0777373ca7e,f23be4bd-7b2b-45dd-be84-4f76f11b624a,1
b41b2403-9f06-4d55-adc5-b0777373ca7e,f31cabe4-e1f4-46db-88a9-b46ba44dded4,71
b41b2403-9f06-4d55-adc5-b0777373ca7e,fa4d473c-e553-439e-8f53-ca5f2b203dbd,17
b41b2403-9f06-4d55-adc5-b0777373ca7e,fb291eb2-962a-482f-971a-0b62673f9a86,4
b41b2403-9f06-4d55-adc5-b0777373ca7e,fdc445bd-f8fe-4cfc-b387-7fd66a181674,8
b4e1d8cf-e8cf-4b66-9ded-97fc8176fa4a,b50b3f0b-afc8-46e5-bfda-cb60e2935a5a,1
b4e1d8cf-e8cf-4b66-9ded-97fc8176fa4a,bb3a9cf3-6f64-4092-85a1-4318244ee603,8
b4e1d8cf-e8cf-4b66-9ded-97fc8176fa4a,c01b88c4-5507-49c5-9ec3-f08af6e6eace,1
b4e1d8cf-e8cf-4b66-9ded-97fc8176fa4a,cf4c4d24-798d-4bbe-bf06-23ca674f0d28,28
b4e1d8cf-e8cf-4b66-9ded-97fc8176fa4a,d847851a-777b-43c6-83b3-392672659edc,3
b4e1d8cf-e8cf-4b66-9ded-97fc8176fa4a,da9f33b0-80ca-49eb-a1ec-def3b46538d9,1
b4e1d8cf-e8cf-4b66-9ded-97fc8176fa4a,ddaff486-ef62-4200-aeb9-eeb4bedcc620,7
b4e1d8cf-e8cf-4b66-9ded-97fc8176fa4a,ec273841-069f-408b-b434-8524904ae314,8
b4e1d8cf-e8cf-4b66-9ded-97fc8176fa4a,ec571f94-11b8-47d7-bb47-fd0d2d7c7f07,1
b4e1d8cf-e8cf-4b66-9ded-97fc8176fa4a,fdc445bd-f8fe-4cfc-b387-7fd66a181674,1
b4fdf408-8296-4d14-9e95-b4b96dc20751,bb3a9cf3-6f64-4092-85a1-4318244ee603,2
b4fdf408-8296-4d14-9e95-b4b96dc20751,bd954447-a92c-4899-a9a8-4a58569fd4d2,10
b4fdf408-8296-4d14-9e95-b4b96dc20751,bf030048-0434-42f1-bbed-8b0c04014db4,4
b4fdf408-8296-4d14-9e95-b4b96dc20751,bf97025a-1c30-4042-bffe-948027f24e6c,11
b4fdf408-8296-4d14-9e95-b4b96dc20751,c0648a21-11c6-4b4f-a4be-205d7dcbb746,1
b4fdf408-8296-4d14-9e95-b4b96dc20751,c0d8ed4a-ec11-48e2-a468-6cd93327305b,5
b4fdf408-8296-4d14-9e95-b4b96dc20751,c1554da8-5650-43fe-893a-2cd8f5f8b4d5,1
b4fdf408-8296-4d14-9e95-b4b96dc20751,cefbf19c-653b-4af7-84a6-e17fba0e4a70,2
b4fdf408-8296-4d14-9e95-b4b96dc20751,d07ef52c-cc10-4445-a3a1-dfe50371f110,5
b4fdf408-8296-4d14-9e95-b4b96dc20751,d0d8dcbd-4818-4925-a684-13767c7dae0d,1
b4fdf408-8296-4d14-9e95-b4b96dc20751,d847851a-777b-43c6-83b3-392672659edc,3
b4fdf408-8296-4d14-9e95-b4b96dc20751,da26504f-588f-4f69-85bd-1e2b627441e2,1
b4fdf408-8296-4d14-9e95-b4b96dc20751,e7f0d8e8-4c52-4d0a-8b94-28729046f45b,1
b4fdf408-8296-4d14-9e95-b4b96dc20751,ee32e8d2-aa15-4603-901e-2cc3c72e9ead,1
b4fdf408-8296-4d14-9e95-b4b96dc20751,f29c0ba8-4d4a-4cca-bb1b-229f68b4ae6a,2
b4fdf408-8296-4d14-9e95-b4b96dc20751,fa4d473c-e553-439e-8f53-ca5f2b203dbd,37
b4fdf408-8296-4d14-9e95-b4b96dc20751,fdc445bd-f8fe-4cfc-b387-7fd66a181674,18
b50b3f0b-afc8-46e5-bfda-cb60e2935a5a,b8d002bc-ea6c-4f57-b36e-38415b205e09,2
b50b3f0b-afc8-46e5-bfda-cb60e2935a5a,ba21eb65-8546-40e5-a425-0d228d0eaeac,25
b50b3f0b-afc8-46e5-bfda-cb60e2935a5a,bb3a9cf3-6f64-4092-85a1-4318244ee603,2
b50b3f0b-afc8-46e5-bfda-cb60e2935a5a,bb6801d4-f671-4ade-aa86-29aa89373dd9,24
b50b3f0b-afc8-46e5-bfda-cb60e2935a5a,c6e26bd3-724f-45d3-93af-ef431e6fcd42,1
b50b3f0b-afc8-46e5-bfda-cb60e2935a5a,cfb17042-9f10-4e44-99f4-358bad067455,9
b50b3f0b-afc8-46e5-bfda-cb60e2935a5a,d0d8dcbd-4818-4925-a684-13767c7dae0d,6
b50b3f0b-afc8-46e5-bfda-cb60e2935a5a,d1bb566e-a111-43b7-8856-273ebac1f753,16
b50b3f0b-afc8-46e5-bfda-cb60e2935a5a,d38ca3cf-9803-48dc-8592-c67c4430168e,17
b50b3f0b-afc8-46e5-bfda-cb60e2935a5a,d59d1492-57b6-482b-88b6-b2b77c45c33d,5
b50b3f0b-afc8-46e5-bfda-cb60e2935a5a,d847851a-777b-43c6-83b3-392672659edc,20
b50b3f0b-afc8-46e5-bfda-cb60e2935a5a,da9f33b0-80ca-49eb-a1ec-def3b46538d9,16
b50b3f0b-afc8-46e5-bfda-cb60e2935a5a,e10065e1-776d-4bf3-8669-56788c453079,2
b50b3f0b-afc8-46e5-bfda-cb60e2935a5a,e6cc253d-14cb-437b-be88-4966f5fcb1f5,56
b50b3f0b-afc8-46e5-bfda-cb60e2935a5a,ea21d788-7cfe-41ff-b22f-0664397139af,1
b50b3f0b-afc8-46e5-bfda-cb60e2935a5a,ec571f94-11b8-47d7-bb47-fd0d2d7c7f07,1
b50b3f0b-afc8-46e5-bfda-cb60e2935a5a,f31cabe4-e1f4-46db-88a9-b46ba44dded4,9
b625d2bf-da74-40a2-b013-2069a09dcb6c,ccea26dd-dcae-4174-8945-ec5cb568e951,3
b625d2bf-da74-40a2-b013-2069a09dcb6c,d34e1efc-fbba-4ad8-823a-61bc3f25d580,1
b625d2bf-da74-40a2-b013-2069a09dcb6c,d38ca3cf-9803-48dc-8592-c67c4430168e,11
b625d2bf-da74-40a2-b013-2069a09dcb6c,dab4cf29-4843-4261-b09b-973fe98dbf65,2
b625d2bf-da74-40a2-b013-2069a09dcb6c,e85125f3-b7cf-426c-9355-412838893f55,2
b625d2bf-da74-40a2-b013-2069a09dcb6c,f31cabe4-e1f4-46db-88a9-b46ba44dded4,1
b6c27e98-0f7f-42a2-9fae-50b5f8ca76cc,fa4d473c-e553-439e-8f53-ca5f2b203dbd,3
b7a52679-bac9-4e00-9dfd-06a22a7cf088,b9cfefa1-1e5e-4fd7-a9d5-458e4c3a20db,3
b7a52679-bac9-4e00-9dfd-06a22a7cf088,ba21eb65-8546-40e5-a425-0d228d0eaeac,2
b7a52679-bac9-4e00-9dfd-06a22a7cf088,bf030048-0434-42f1-bbed-8b0c04014db4,2
b7a52679-bac9-4e00-9dfd-06a22a7cf088,c0d8ed4a-ec11-48e2-a468-6cd93327305b,2
b7a52679-bac9-4e00-9dfd-06a22a7cf088,c3adeaa2-c232-48f9-967d-caf4b0b51719,1
b7a52679-bac9-4e00-9dfd-06a22a7cf088,c6e26bd3-724f-45d3-93af-ef431e6fcd42,1
b7a52679-bac9-4e00-9dfd-06a22a7cf088,c7822b58-103f-4612-87ef-648be97192c6,53
b7a52679-bac9-4e00-9dfd-06a22a7cf088,ccea26dd-dcae-4174-8945-ec5cb568e951,1
b7a52679-bac9-4e00-9dfd-06a22a7cf088,ce400601-651e-4ac9-a43e-ed8d4817b7fd,4
b7a52679-bac9-4e00-9dfd-06a22a7cf088,cf4c4d24-798d-4bbe-bf06-23ca674f0d28,1
b7a52679-bac9-4e00-9dfd-06a22a7cf088,d07ef52c-cc10-4445-a3a1-dfe50371f110,2
b7a52679-bac9-4e00-9dfd-06a22a7cf088,d0d8dcbd-4818-4925-a684-13767c7dae0d,1
b7a52679-bac9-4e00-9dfd-06a22a7cf088,d847851a-777b-43c6-83b3-392672659edc,4
b7a52679-bac9-4e00-9dfd-06a22a7cf088,da756f9c-3f10-4ab8-9fa8-75812e248959,3
b7a52679-bac9-4e00-9dfd-06a22a7cf088,e5f316f0-e4e7-4cf0-a064-ed9321737487,6
b7a52679-bac9-4e00-9dfd-06a22a7cf088,f289b7eb-f6ba-415b-90d9-1124c652637c,3
b7a52679-bac9-4e00-9dfd-06a22a7cf088,fb291eb2-962a-482f-971a-0b62673f9a86,5
b7a52679-bac9-4e00-9dfd-06a22a7cf088,fdc445bd-f8fe-4cfc-b387-7fd66a181674,10
b8663b71-f92b-4d2b-a06b-f78dba168d98,bb3a9cf3-6f64-4092-85a1-4318244ee603,1
b8663b71-f92b-4d2b-a06b-f78dba168d98,bf8eb79e-5034-4882-a4c5-413baba477d5,1
b8663b71-f92b-4d2b-a06b-f78dba168d98,bf97025a-1c30-4042-bffe-948027f24e6c,3
b8663b71-f92b-4d2b-a06b-f78dba168d98,c0d8ed4a-ec11-48e2-a468-6cd93327305b,1
b8663b71-f92b-4d2b-a06b-f78dba168d98,c6e26bd3-724f-45d3-93af-ef431e6fcd42,3
b8663b71-f92b-4d2b-a06b-f78dba168d98,c6f061f1-9cb7-4e0a-a281-4fc80527c5d7,1
b8663b71-f92b-4d2b-a06b-f78dba168d98,c7822b58-103f-4612-87ef-648be97192c6,1
b8663b71-f92b-4d2b-a06b-f78dba168d98,cf4c4d24-798d-4bbe-bf06-23ca674f0d28,11
b8663b71-f92b-4d2b-a06b-f78dba168d98,d0d8dcbd-4818-4925-a684-13767c7dae0d,11
b8663b71-f92b-4d2b-a06b-f78dba168d98,d847851a-777b-43c6-83b3-392672659edc,2
b8663b71-f92b-4d2b-a06b-f78dba168d98,d89044ef-b7df-4a15-be10-d342fe381664,3
b8663b71-f92b-4d2b-a06b-f78dba168d98,e6cc253d-14cb-437b-be88-4966f5fcb1f5,2
b8663b71-f92b-4d2b-a06b-f78dba168d98,f31cabe4-e1f4-46db-88a9-b46ba44dded4,1
b8d002bc-ea6c-4f57-b36e-38415b205e09,ba21eb65-8546-40e5-a425-0d228d0eaeac,8
b8d002bc-ea6c-4f57-b36e-38415b205e09,c0d8ed4a-ec11-48e2-a468-6cd93327305b,31
b8d002bc-ea6c-4f57-b36e-38415b205e09,c6b2bdaf-8c1f-4b88-a8cb-167941b98bfb,3
b8d002bc-ea6c-4f57-b36e-38415b205e09,c6f061f1-9cb7-4e0a-a281-4fc80527c5d7,1
b8d002bc-ea6c-4f57-b36e-38415b205e09,c7822b58-103f-4612-87ef-648be97192c6,5
b8d002bc-ea6c-4f57-b36e-38415b205e09,c955972d-2702-4d28-8461-262072218f3f,2
b8d002bc-ea6c-4f57-b36e-38415b205e09,cabae19e-836c-48c4-903e-7357789f9260,1
b8d002bc-ea6c-4f57-b36e-38415b205e09,ccea26dd-dcae-4174-8945-ec5cb568e951,2
b8d002bc-ea6c-4f57-b36e-38415b205e09,cfb17042-9f10-4e44-99f4-358bad067455,1
b8d002bc-ea6c-4f57-b36e-38415b205e09,d0d8dcbd-4818-4925-a684-13767c7dae0d,5
b8d002bc-ea6c-4f57-b36e-38415b205e09,d1bb566e-a111-43b7-8856-273ebac1f753,5
b8d002bc-ea6c-4f57-b36e-38415b205e09,d34e1efc-fbba-4ad8-823a-61bc3f25d580,2
b8d002bc-ea6c-4f57-b36e-38415b205e09,d38ca3cf-9803-48dc-8592-c67c4430168e,5
b8d002bc-ea6c-4f57-b36e-38415b205e09,d53f00ee-a955-434a-b636-f07d79859c49,17
b8d002bc-ea6c-4f57-b36e-38415b205e09,d59d1492-57b6-482b-88b6-b2b77c45c33d,1
b8d002bc-ea6c-4f57-b36e-38415b205e09,d847851a-777b-43c6-83b3-392672659edc,12
b8d002bc-ea6c-4f57-b36e-38415b205e09,d89044ef-b7df-4a15-be10-d342fe381664,6
b8d002bc-ea6c-4f57-b36e-38415b205e09,da756f9c-3f10-4ab8-9fa8-75812e248959,4
b8d002bc-ea6c-4f57-b36e-38415b205e09,da9f33b0-80ca-49eb-a1ec-def3b46538d9,3
b8d002bc-ea6c-4f57-b36e-38415b205e09,de674538-350f-4a5a-9f8e-fa8f7c4b93ca,1
b8d002bc-ea6c-4f57-b36e-38415b205e09,e5f316f0-e4e7-4cf0-a064-ed9321737487,2
b8d002bc-ea6c-4f57-b36e-38415b205e09,e6cc253d-14cb-437b-be88-4966f5fcb1f5,1
b8d002bc-ea6c-4f57-b36e-38415b205e09,e7f0d8e8-4c52-4d0a-8b94-28729046f45b,4
b8d002bc-ea6c-4f57-b36e-38415b205e09,edefa48b-f14e-4ec3-ab3c-dfe2aa0126ec,1
b8d002bc-ea6c-4f57-b36e-38415b205e09,ee32e8d2-aa15-4603-901e-2cc3c72e9ead,18
b8d002bc-ea6c-4f57-b36e-38415b205e09,f0ff5ae5-e0e8-4a26-af3a-93c8b5947dc4,1
b8d002bc-ea6c-4f57-b36e-38415b205e09,f31cabe4-e1f4-46db-88a9-b46ba44dded4,4
b8d002bc-ea6c-4f57-b36e-38415b205e09,fa4d473c-e553-439e-8f53-ca5f2b203dbd,2
b9cfefa1-1e5e-4fd7-a9d5-458e4c3a20db,ba21eb65-8546-40e5-a425-0d228d0eaeac,9
b9cfefa1-1e5e-4fd7-a9d5-458e4c3a20db,bb3a9cf3-6f64-4092-85a1-4318244ee603,1
b9cfefa1-1e5e-4fd7-a9d5-458e4c3a20db,c3adeaa2-c232-48f9-967d-caf4b0b51719,1
b9cfefa1-1e5e-4fd7-a9d5-458e4c3a20db,c3b1dca8-2cb4-4025-9527-36163a098c1f,1
b9cfefa1-1e5e-4fd7-a9d5-458e4c3a20db,c4f7c468-721e-4953-97f2-bff05fe570c4,1
b9cfefa1-1e5e-4fd7-a9d5-458e4c3a20db,c60c655f-40ba-47b0-8e93-a2c8d1ff4743,2
b9cfefa1-1e5e-4fd7-a9d5-458e4c3a20db,c7822b58-103f-4612-87ef-648be97192c6,28
b9cfefa1-1e5e-4fd7-a9d5-458e4c3a20db,cabae19e-836c-48c4-903e-7357789f9260,5
b9cfefa1-1e5e-4fd7-a9d5-458e4c3a20db,d07ef52c-cc10-4445-a3a1-dfe50371f110,6
b9cfefa1-1e5e-4fd7-a9d5-458e4c3a20db,d59d1492-57b6-482b-88b6-b2b77c45c33d,1
b9cfefa1-1e5e-4fd7-a9d5-458e4c3a20db,d847851a-777b-43c6-83b3-392672659edc,3
b9cfefa1-1e5e-4fd7-a9d5-458e4c3a20db,dae67415-1ed1-4464-a59e-75170eb1925d,7
b9cfefa1-1e5e-4fd7-a9d5-458e4c3a20db,e5c9b4ba-9064-4858-a052-bb3bbecfac4b,2
b9cfefa1-1e5e-4fd7-a9d5-458e4c3a20db,e70c3ee3-cca2-4521-abea-b124dcec0952,12
b9cfefa1-1e5e-4fd7-a9d5-458e4c3a20db,e7f0d8e8-4c52-4d0a-8b94-28729046f45b,1
b9cfefa1-1e5e-4fd7-a9d5-458e4c3a20db,f31cabe4-e1f4-46db-88a9-b46ba44dded4,2
b9cfefa1-1e5e-4fd7-a9d5-458e4c3a20db,f6e59e50-f22a-450c-8d4f-8a7072e50277,1
b9cfefa1-1e5e-4fd7-a9d5-458e4c3a20db,fac3056b-df3b-4712-9ae3-56472806747b,1
b9cfefa1-1e5e-4fd7-a9d5-458e4c3a20db,fb291eb2-962a-482f-971a-0b62673f9a86,1
ba21eb65-8546-40e5-a425-0d228d0eaeac,bb3a9cf3-6f64-4092-85a1-4318244ee603,7
ba21eb65-8546-40e5-a425-0d228d0eaeac,bb6801d4-f671-4ade-aa86-29aa89373dd9,5
ba21eb65-8546-40e5-a425-0d228d0eaeac,bd954447-a92c-4899-a9a8-4a58569fd4d2,1
ba21eb65-8546-40e5-a425-0d228d0eaeac,bf030048-0434-42f1-bbed-8b0c04014db4,6
ba21eb65-8546-40e5-a425-0d228d0eaeac,c0d8ed4a-ec11-48e2-a468-6cd93327305b,21
ba21eb65-8546-40e5-a425-0d228d0eaeac,c3b1dca8-2cb4-4025-9527-36163a098c1f,35
ba21eb65-8546-40e5-a425-0d228d0eaeac,c6b2bdaf-8c1f-4b88-a8cb-167941b98bfb,7
ba21eb65-8546-40e5-a425-0d228d0eaeac,c7822b58-103f-4612-87ef-648be97192c6,12
ba21eb65-8546-40e5-a425-0d228d0eaeac,c8935902-45d6-45d6-ac31-77bc0e143154,10
ba21eb65-8546-40e5-a425-0d228d0eaeac,c955972d-2702-4d28-8461-262072218f3f,23
ba21eb65-8546-40e5-a425-0d228d0eaeac,caaae646-de85-453f-b6e0-9b9b4f710f03,2
ba21eb65-8546-40e5-a425-0d228d0eaeac,cabae19e-836c-48c4-903e-7357789f9260,45
ba21eb65-8546-40e5-a425-0d228d0eaeac,ccea26dd-dcae-4174-8945-ec5cb568e951,4
ba21eb65-8546-40e5-a425-0d228d0eaeac,cefbf19c-653b-4af7-84a6-e17fba0e4a70,4
ba21eb65-8546-40e5-a425-0d228d0eaeac,cf4c4d24-798d-4bbe-bf06-23ca674f0d28,13
ba21eb65-8546-40e5-a425-0d228d0eaeac,cfb17042-9f10-4e44-99f4-358bad067455,12
ba21eb65-8546-40e5-a425-0d228d0eaeac,d07ef52c-cc10-4445-a3a1-dfe50371f110,10
ba21eb65-8546-40e5-a425-0d228d0eaeac,d0d8dcbd-4818-4925-a684-13767c7dae0d,18
ba21eb65-8546-40e5-a425-0d228d0eaeac,d1bb566e-a111-43b7-8856-273ebac1f753,83
ba21eb65-8546-40e5-a425-0d228d0eaeac,d53f00ee-a955-434a-b636-f07d79859c49,2
ba21eb65-8546-40e5-a425-0d228d0eaeac,d642dcc9-3f86-49d1-96c9-ae2771d1e89a,4
ba21eb65-8546-40e5-a425-0d228d0eaeac,d6c2b5eb-b21a-440a-b628-75492d313ffa,7
ba21eb65-8546-40e5-a425-0d228d0eaeac,d847851a-777b-43c6-83b3-392672659edc,59
ba21eb65-8546-40e5-a425-0d228d0eaeac,da9f33b0-80ca-49eb-a1ec-def3b46538d9,13
ba21eb65-8546-40e5-a425-0d228d0eaeac,dae67415-1ed1-4464-a59e-75170eb1925d,12
ba21eb65-8546-40e5-a425-0d228d0eaeac,dc9f60e4-e1a4-487b-a002-40b3c77ba896,8
ba21eb65-8546-40e5-a425-0d228d0eaeac,e10065e1-776d-4bf3-8669-56788c453079,21
ba21eb65-8546-40e5-a425-0d228d0eaeac,e5c9b4ba-9064-4858-a052-bb3bbecfac4b,1
ba21eb65-8546-40e5-a425-0d228d0eaeac,e6cc253d-14cb-437b-be88-4966f5fcb1f5,18
ba21eb65-8546-40e5-a425-0d228d0eaeac,e7f0d8e8-4c52-4d0a-8b94-28729046f45b,18
ba21eb65-8546-40e5-a425-0d228d0eaeac,ec273841-069f-408b-b434-8524904ae314,2
ba21eb65-8546-40e5-a425-0d228d0eaeac,edb8800b-6f1b-4e13-be0a-5b88fbd13c82,1
ba21eb65-8546-40e5-a425-0d228d0eaeac,edefa48b-f14e-4ec3-ab3c-dfe2aa0126ec,3
ba21eb65-8546-40e5-a425-0d228d0eaeac,ee32e8d2-aa15-4603-901e-2cc3c72e9ead,25
ba21eb65-8546-40e5-a425-0d228d0eaeac,f0ff5ae5-e0e8-4a26-af3a-93c8b5947dc4,3
ba21eb65-8546-40e5-a425-0d228d0eaeac,fa4d473c-e553-439e-8f53-ca5f2b203dbd,4
ba21eb65-8546-40e5-a425-0d228d0eaeac,face7642-1fd8-4ec1-a909-c2579b0bd8d2,1
bb3a9cf3-6f64-4092-85a1-4318244ee603,bb6801d4-f671-4ade-aa86-29aa89373dd9,3
bb3a9cf3-6f64-4092-85a1-4318244ee603,bf030048-0434-42f1-bbed-8b0c04014db4,1
bb3a9cf3-6f64-4092-85a1-4318244ee603,bf8eb79e-5034-4882-a4c5-413baba477d5,2
bb3a9cf3-6f64-4092-85a1-4318244ee603,bf97025a-1c30-4042-bffe-948027f24e6c,3
bb3a9cf3-6f64-4092-85a1-4318244ee603,c3b1dca8-2cb4-4025-9527-36163a098c1f,5
bb3a9cf3-6f64-4092-85a1-4318244ee603,c60c655f-40ba-47b0-8e93-a2c8d1ff4743,1
bb3a9cf3-6f64-4092-85a1-4318244ee603,c6e26bd3-724f-45d3-93af-ef431e6fcd42,2
bb3a9cf3-6f64-4092-85a1-4318244ee603,cabae19e-836c-48c4-903e-7357789f9260,1
bb3a9cf3-6f64-4092-85a1-4318244ee603,cd02edbc-106e-46d1-8d70-6594741356ea,1
bb3a9cf3-6f64-4092-85a1-4318244ee603,cefbf19c-653b-4af7-84a6-e17fba0e4a70,5
bb3a9cf3-6f64-4092-85a1-4318244ee603,cf4c4d24-798d-4bbe-bf06-23ca674f0d28,14
bb3a9cf3-6f64-4092-85a1-4318244ee603,cfb17042-9f10-4e44-99f4-358bad067455,3
bb3a9cf3-6f64-4092-85a1-4318244ee603,d07ef52c-cc10-4445-a3a1-dfe50371f110,7
bb3a9cf3-6f64-4092-85a1-4318244ee603,d1bb566e-a111-43b7-8856-273ebac1f753,2
bb3a9cf3-6f64-4092-85a1-4318244ee603,d53f00ee-a955-434a-b636-f07d79859c49,1
bb3a9cf3-6f64-4092-85a1-4318244ee603,d847851a-777b-43c6-83b3-392672659edc,3
bb3a9cf3-6f64-4092-85a1-4318244ee603,dae67415-1ed1-4464-a59e-75170eb1925d,3
bb3a9cf3-6f64-4092-85a1-4318244ee603,ddaff486-ef62-4200-aeb9-eeb4bedcc620,1
bb3a9cf3-6f64-4092-85a1-4318244ee603,e6cc253d-14cb-437b-be88-4966f5fcb1f5,6
bb3a9cf3-6f64-4092-85a1-4318244ee603,e7f0d8e8-4c52-4d0a-8b94-28729046f45b,6
bb3a9cf3-6f64-4092-85a1-4318244ee603,ec273841-069f-408b-b434-8524904ae314,2
bb3a9cf3-6f64-4092-85a1-4318244ee603,ec571f94-11b8-47d7-bb47-fd0d2d7c7f07,1
bb3a9cf3-6f64-4092-85a1-4318244ee603,ee32e8d2-aa15-4603-901e-2cc3c72e9ead,1
bb3a9cf3-6f64-4092-85a1-4318244ee603,ef8d31db-0876-4998-b0d9-056643260d46,3
bb3a9cf3-6f64-4092-85a1-4318244ee603,f29c0ba8-4d4a-4cca-bb1b-229f68b4ae6a,1
bb3a9cf3-6f64-4092-85a1-4318244ee603,f31cabe4-e1f4-46db-88a9-b46ba44dded4,1
bb3a9cf3-6f64-4092-85a1-4318244ee603,fa4d473c-e553-439e-8f53-ca5f2b203dbd,4
bb3a9cf3-6f64-4092-85a1-4318244ee603,fb291eb2-962a-482f-971a-0b62673f9a86,2
bb6801d4-f671-4ade-aa86-29aa89373dd9,bf030048-0434-42f1-bbed-8b0c04014db4,1
bb6801d4-f671-4ade-aa86-29aa89373dd9,c0d8ed4a-ec11-48e2-a468-6cd93327305b,2
bb6801d4-f671-4ade-aa86-29aa89373dd9,c8935902-45d6-45d6-ac31-77bc0e143154,3
bb6801d4-f671-4ade-aa86-29aa89373dd9,cabae19e-836c-48c4-903e-7357789f9260,3
bb6801d4-f671-4ade-aa86-29aa89373dd9,ccea26dd-dcae-4174-8945-ec5cb568e951,2
bb6801d4-f671-4ade-aa86-29aa89373dd9,cd02edbc-106e-46d1-8d70-6594741356ea,1
bb6801d4-f671-4ade-aa86-29aa89373dd9,cefbf19c-653b-4af7-84a6-e17fba0e4a70,1
bb6801d4-f671-4ade-aa86-29aa89373dd9,cf4c4d24-798d-4bbe-bf06-23ca674f0d28,1
bb6801d4-f671-4ade-aa86-29aa89373dd9,d07ef52c-cc10-4445-a3a1-dfe50371f110,1
bb6801d4-f671-4ade-aa86-29aa89373dd9,d0d8dcbd-4818-4925-a684-13767c7dae0d,1
bb6801d4-f671-4ade-aa86-29aa89373dd9,d1bb566e-a111-43b7-8856-273ebac1f753,3
bb6801d4-f671-4ade-aa86-29aa89373dd9,d38ca3cf-9803-48dc-8592-c67c4430168e,15
bb6801d4-f671-4ade-aa86-29aa89373dd9,d59d1492-57b6-482b-88b6-b2b77c45c33d,6
bb6801d4-f671-4ade-aa86-29aa89373dd9,d847851a-777b-43c6-83b3-392672659edc,13
bb6801d4-f671-4ade-aa86-29aa89373dd9,da9f33b0-80ca-49eb-a1ec-def3b46538d9,1
bb6801d4-f671-4ade-aa86-29aa89373dd9,dab4cf29-4843-4261-b09b-973fe98dbf65,24
bb6801d4-f671-4ade-aa86-29aa89373dd9,dc9f60e4-e1a4-487b-a002-40b3c77ba896,1
bb6801d4-f671-4ade-aa86-29aa89373dd9,e6cc253d-14cb-437b-be88-4966f5fcb1f5,9
bb6801d4-f671-4ade-aa86-29aa89373dd9,e70c3ee3-cca2-4521-abea-b124dcec0952,20
bb6801d4-f671-4ade-aa86-29aa89373dd9,e85125f3-b7cf-426c-9355-412838893f55,1
bb6801d4-f671-4ade-aa86-29aa89373dd9,ec571f94-11b8-47d7-bb47-fd0d2d7c7f07,7
bb6801d4-f671-4ade-aa86-29aa89373dd9,ef8d31db-0876-4998-b0d9-056643260d46,3
bb6801d4-f671-4ade-aa86-29aa89373dd9,f31cabe4-e1f4-46db-88a9-b46ba44dded4,6
bb6801d4-f671-4ade-aa86-29aa89373dd9,fa4d473c-e553-439e-8f53-ca5f2b203dbd,4
bb6801d4-f671-4ade-aa86-29aa89373dd9,fdc445bd-f8fe-4cfc-b387-7fd66a181674,2
bd954447-a92c-4899-a9a8-4a58569fd4d2,bf030048-0434-42f1-bbed-8b0c04014db4,3
bd954447-a92c-4899-a9a8-4a58569fd4d2,c01b88c4-5507-49c5-9ec3-f08af6e6eace,1
bd954447-a92c-4899-a9a8-4a58569fd4d2,c0d8ed4a-ec11-48e2-a468-6cd93327305b,2
bd954447-a92c-4899-a9a8-4a58569fd4d2,c128a46d-ebd9-4ee9-80cc-16bfe505e539,1
bd954447-a92c-4899-a9a8-4a58569fd4d2,c1c11045-81c6-43a3-96e4-4cc6d5f2fbb4,3
bd954447-a92c-4899-a9a8-4a58569fd4d2,c606904d-daef-44ff-bd30-cfdc1e6b5185,2
bd954447-a92c-4899-a9a8-4a58569fd4d2,c6b2bdaf-8c1f-4b88-a8cb-167941b98bfb,4
bd954447-a92c-4899-a9a8-4a58569fd4d2,cefbf19c-653b-4af7-84a6-e17fba0e4a70,12
bd954447-a92c-4899-a9a8-4a58569fd4d2,d07ef52c-cc10-4445-a3a1-dfe50371f110,2
bd954447-a92c-4899-a9a8-4a58569fd4d2,d3023879-e3c7-411b-bb8a-1a0be0ca6035,4
bd954447-a92c-4899-a9a8-4a58569fd4d2,d3eeba5c-e756-485b-978e-a91629c31e57,1
bd954447-a92c-4899-a9a8-4a58569fd4d2,d653bf17-e60f-4512-9258-a68ec026e381,3
bd954447-a92c-4899-a9a8-4a58569fd4d2,d847851a-777b-43c6-83b3-392672659edc,6
bd954447-a92c-4899-a9a8-4a58569fd4d2,ddaff486-ef62-4200-aeb9-eeb4bedcc620,5
bd954447-a92c-4899-a9a8-4a58569fd4d2,e10065e1-776d-4bf3-8669-56788c453079,1
bd954447-a92c-4899-a9a8-4a58569fd4d2,e5c9b4ba-9064-4858-a052-bb3bbecfac4b,1
bd954447-a92c-4899-a9a8-4a58569fd4d2,e6cc253d-14cb-437b-be88-4966f5fcb1f5,1
bd954447-a92c-4899-a9a8-4a58569fd4d2,e6e673f5-f0a7-4d34-a6aa-d2f12fed24ed,3
bd954447-a92c-4899-a9a8-4a58569fd4d2,e7f0d8e8-4c52-4d0a-8b94-28729046f45b,3
bd954447-a92c-4899-a9a8-4a58569fd4d2,edb8800b-6f1b-4e13-be0a-5b88fbd13c82,1
bd954447-a92c-4899-a9a8-4a58569fd4d2,edefa48b-f14e-4ec3-ab3c-dfe2aa0126ec,4
bd954447-a92c-4899-a9a8-4a58569fd4d2,eef0e09f-c709-4de5-8b44-086876d5f631,4
bd954447-a92c-4899-a9a8-4a58569fd4d2,fa4d473c-e553-439e-8f53-ca5f2b203dbd,42
bd954447-a92c-4899-a9a8-4a58569fd4d2,fac3056b-df3b-4712-9ae3-56472806747b,1
bd954447-a92c-4899-a9a8-4a58569fd4d2,fdc445bd-f8fe-4cfc-b387-7fd66a181674,68
bf030048-0434-42f1-bbed-8b0c04014db4,c01b88c4-5507-49c5-9ec3-f08af6e6eace,1
bf030048-0434-42f1-bbed-8b0c04014db4,c0d8ed4a-ec11-48e2-a468-6cd93327305b,8
bf030048-0434-42f1-bbed-8b0c04014db4,c1c11045-81c6-43a3-96e4-4cc6d5f2fbb4,1
bf030048-0434-42f1-bbed-8b0c04014db4,c606904d-daef-44ff-bd30-cfdc1e6b5185,4
bf030048-0434-42f1-bbed-8b0c04014db4,c6e26bd3-724f-45d3-93af-ef431e6fcd42,1
bf030048-0434-42f1-bbed-8b0c04014db4,c7822b58-103f-4612-87ef-648be97192c6,2
bf030048-0434-42f1-bbed-8b0c04014db4,c8935902-45d6-45d6-ac31-77bc0e143154,11
bf030048-0434-42f1-bbed-8b0c04014db4,caaae646-de85-453f-b6e0-9b9b4f710f03,1
bf030048-0434-42f1-bbed-8b0c04014db4,ccea26dd-dcae-4174-8945-ec5cb568e951,4
bf030048-0434-42f1-bbed-8b0c04014db4,ce400601-651e-4ac9-a43e-ed8d4817b7fd,3
bf030048-0434-42f1-bbed-8b0c04014db4,ce747c36-3ef4-49e3-b55e-1bc99db62413,4
bf030048-0434-42f1-bbed-8b0c04014db4,cefbf19c-653b-4af7-84a6-e17fba0e4a70,58
bf030048-0434-42f1-bbed-8b0c04014db4,cf4c4d24-798d-4bbe-bf06-23ca674f0d28,1
bf030048-0434-42f1-bbed-8b0c04014db4,cfb17042-9f10-4e44-99f4-358bad067455,5
bf030048-0434-42f1-bbed-8b0c04014db4,d07ef52c-cc10-4445-a3a1-dfe50371f110,1
bf030048-0434-42f1-bbed-8b0c04014db4,d1bb566e-a111-43b7-8856-273ebac1f753,1
bf030048-0434-42f1-bbed-8b0c04014db4,d34e1efc-fbba-4ad8-823a-61bc3f25d580,9
bf030048-0434-42f1-bbed-8b0c04014db4,d847851a-777b-43c6-83b3-392672659edc,22
bf030048-0434-42f1-bbed-8b0c04014db4,dae67415-1ed1-4464-a59e-75170eb1925d,4
bf030048-0434-42f1-bbed-8b0c04014db4,e5c4753f-d2d8-4a4a-ae9d-62118892a731,19
bf030048-0434-42f1-bbed-8b0c04014db4,e5c9b4ba-9064-4858-a052-bb3bbecfac4b,2
bf030048-0434-42f1-bbed-8b0c04014db4,e6cc253d-14cb-437b-be88-4966f5fcb1f5,2
bf030048-0434-42f1-bbed-8b0c04014db4,e7f0d8e8-4c52-4d0a-8b94-28729046f45b,75
bf030048-0434-42f1-bbed-8b0c04014db4,ea21d788-7cfe-41ff-b22f-0664397139af,1
bf030048-0434-42f1-bbed-8b0c04014db4,ec273841-069f-408b-b434-8524904ae314,1
bf030048-0434-42f1-bbed-8b0c04014db4,ee32e8d2-aa15-4603-901e-2cc3c72e9ead,39
bf030048-0434-42f1-bbed-8b0c04014db4,f23be4bd-7b2b-45dd-be84-4f76f11b624a,6
bf030048-0434-42f1-bbed-8b0c04014db4,f29c0ba8-4d4a-4cca-bb1b-229f68b4ae6a,27
bf030048-0434-42f1-bbed-8b0c04014db4,f31cabe4-e1f4-46db-88a9-b46ba44dded4,4
bf030048-0434-42f1-bbed-8b0c04014db4,fa4d473c-e553-439e-8f53-ca5f2b203dbd,12
bf030048-0434-42f1-bbed-8b0c04014db4,fb291eb2-962a-482f-971a-0b62673f9a86,2
bf030048-0434-42f1-bbed-8b0c04014db4,fdc445bd-f8fe-4cfc-b387-7fd66a181674,7
bf494e35-c009-4c74-a5c6-3cb2cd26bb51,c6e26bd3-724f-45d3-93af-ef431e6fcd42,2
bf494e35-c009-4c74-a5c6-3cb2cd26bb51,ccea26dd-dcae-4174-8945-ec5cb568e951,5
bf494e35-c009-4c74-a5c6-3cb2cd26bb51,d07ef52c-cc10-4445-a3a1-dfe50371f110,1
bf494e35-c009-4c74-a5c6-3cb2cd26bb51,d34e1efc-fbba-4ad8-823a-61bc3f25d580,5
bf494e35-c009-4c74-a5c6-3cb2cd26bb51,d38ca3cf-9803-48dc-8592-c67c4430168e,74
bf494e35-c009-4c74-a5c6-3cb2cd26bb51,d847851a-777b-43c6-83b3-392672659edc,3
bf494e35-c009-4c74-a5c6-3cb2cd26bb51,f31cabe4-e1f4-46db-88a9-b46ba44dded4,2
bf494e35-c009-4c74-a5c6-3cb2cd26bb51,fb291eb2-962a-482f-971a-0b62673f9a86,1
bf8eb79e-5034-4882-a4c5-413baba477d5,c6e26bd3-724f-45d3-93af-ef431e6fcd42,2
bf97025a-1c30-4042-bffe-948027f24e6c,c0d8ed4a-ec11-48e2-a468-6cd93327305b,39
bf97025a-1c30-4042-bffe-948027f24e6c,c128a46d-ebd9-4ee9-80cc-16bfe505e539,16
bf97025a-1c30-4042-bffe-948027f24e6c,c1554da8-5650-43fe-893a-2cd8f5f8b4d5,1
bf97025a-1c30-4042-bffe-948027f24e6c,c3b1dca8-2cb4-4025-9527-36163a098c1f,6
bf97025a-1c30-4042-bffe-948027f24e6c,c4f7c468-721e-4953-97f2-bff05fe570c4,2
bf97025a-1c30-4042-bffe-948027f24e6c,c7822b58-103f-4612-87ef-648be97192c6,20
bf97025a-1c30-4042-bffe-948027f24e6c,cf4c4d24-798d-4bbe-bf06-23ca674f0d28,7
bf97025a-1c30-4042-bffe-948027f24e6c,d07ef52c-cc10-4445-a3a1-dfe50371f110,1
bf97025a-1c30-4042-bffe-948027f24e6c,da26504f-588f-4f69-85bd-1e2b627441e2,1
bf97025a-1c30-4042-bffe-948027f24e6c,da9f33b0-80ca-49eb-a1ec-def3b46538d9,1
bf97025a-1c30-4042-bffe-948027f24e6c,e10065e1-776d-4bf3-8669-56788c453079,20
bf97025a-1c30-4042-bffe-948027f24e6c,efd89dff-2cde-4afc-ab14-e4f9795d1407,5
bf97025a-1c30-4042-bffe-948027f24e6c,fa4d473c-e553-439e-8f53-ca5f2b203dbd,19
bf97025a-1c30-4042-bffe-948027f24e6c,face7642-1fd8-4ec1-a909-c2579b0bd8d2,3
bf97025a-1c30-4042-bffe-948027f24e6c,fd544ce8-6d2a-4d79-81e0-c240fcf1776e,16
bf97025a-1c30-4042-bffe-948027f24e6c,fdc445bd-f8fe-4cfc-b387-7fd66a181674,8
c01b88c4-5507-49c5-9ec3-f08af6e6eace,c128a46d-ebd9-4ee9-80cc-16bfe505e539,1
c01b88c4-5507-49c5-9ec3-f08af6e6eace,c1c11045-81c6-43a3-96e4-4cc6d5f2fbb4,1
c01b88c4-5507-49c5-9ec3-f08af6e6eace,caaae646-de85-453f-b6e0-9b9b4f710f03,4
c01b88c4-5507-49c5-9ec3-f08af6e6eace,cd5a2cfd-7689-4a6e-aed1-df2a773bab9c,5
c01b88c4-5507-49c5-9ec3-f08af6e6eace,cefbf19c-653b-4af7-84a6-e17fba0e4a70,1
c01b88c4-5507-49c5-9ec3-f08af6e6eace,ee32e8d2-aa15-4603-901e-2cc3c72e9ead,2
c01b88c4-5507-49c5-9ec3-f08af6e6eace,fdc445bd-f8fe-4cfc-b387-7fd66a181674,1
c0648a21-11c6-4b4f-a4be-205d7dcbb746,c0d8ed4a-ec11-48e2-a468-6cd93327305b,2
c0648a21-11c6-4b4f-a4be-205d7dcbb746,c128a46d-ebd9-4ee9-80cc-16bfe505e539,2
c0648a21-11c6-4b4f-a4be-205d7dcbb746,cabae19e-836c-48c4-903e-7357789f9260,1
c0648a21-11c6-4b4f-a4be-205d7dcbb746,d07ef52c-cc10-4445-a3a1-dfe50371f110,1
c0648a21-11c6-4b4f-a4be-205d7dcbb746,d1bb566e-a111-43b7-8856-273ebac1f753,1
c0648a21-11c6-4b4f-a4be-205d7dcbb746,fa4d473c-e553-439e-8f53-ca5f2b203dbd,10
c0d8ed4a-ec11-48e2-a468-6cd93327305b,c128a46d-ebd9-4ee9-80cc-16bfe505e539,1
c0d8ed4a-ec11-48e2-a468-6cd93327305b,c3b1dca8-2cb4-4025-9527-36163a098c1f,5
c0d8ed4a-ec11-48e2-a468-6cd93327305b,c6e26bd3-724f-45d3-93af-ef431e6fcd42,1
c0d8ed4a-ec11-48e2-a468-6cd93327305b,c6f061f1-9cb7-4e0a-a281-4fc80527c5d7,4
c0d8ed4a-ec11-48e2-a468-6cd93327305b,c7822b58-103f-4612-87ef-648be97192c6,16
c0d8ed4a-ec11-48e2-a468-6cd93327305b,c8935902-45d6-45d6-ac31-77bc0e143154,21
c0d8ed4a-ec11-48e2-a468-6cd93327305b,ccea26dd-dcae-4174-8945-ec5cb568e951,7
c0d8ed4a-ec11-48e2-a468-6cd93327305b,cf4c4d24-798d-4bbe-bf06-23ca674f0d28,1
c0d8ed4a-ec11-48e2-a468-6cd93327305b,cfb17042-9f10-4e44-99f4-358bad067455,4
c0d8ed4a-ec11-48e2-a468-6cd93327305b,d07ef52c-cc10-4445-a3a1-dfe50371f110,1
c0d8ed4a-ec11-48e2-a468-6cd93327305b,d0d8dcbd-4818-4925-a684-13767c7dae0d,8
c0d8ed4a-ec11-48e2-a468-6cd93327305b,d34e1efc-fbba-4ad8-823a-61bc3f25d580,4
c0d8ed4a-ec11-48e2-a468-6cd93327305b,d38ca3cf-9803-48dc-8592-c67c4430168e,1
c0d8ed4a-ec11-48e2-a468-6cd93327305b,d59d1492-57b6-482b-88b6-b2b77c45c33d,1
c0d8ed4a-ec11-48e2-a468-6cd93327305b,d847851a-777b-43c6-83b3-392672659edc,7
c0d8ed4a-ec11-48e2-a468-6cd93327305b,d89044ef-b7df-4a15-be10-d342fe381664,35
c0d8ed4a-ec11-48e2-a468-6cd93327305b,da756f9c-3f10-4ab8-9fa8-75812e248959,8
c0d8ed4a-ec11-48e2-a468-6cd93327305b,dab4cf29-4843-4261-b09b-973fe98dbf65,2
c0d8ed4a-ec11-48e2-a468-6cd93327305b,dae67415-1ed1-4464-a59e-75170eb1925d,4
c0d8ed4a-ec11-48e2-a468-6cd93327305b,e10065e1-776d-4bf3-8669-56788c453079,11
c0d8ed4a-ec11-48e2-a468-6cd93327305b,e5f316f0-e4e7-4cf0-a064-ed9321737487,2
c0d8ed4a-ec11-48e2-a468-6cd93327305b,eb79af3c-a66d-4374-b9e7-34d7f3e92dc7,1
c0d8ed4a-ec11-48e2-a468-6cd93327305b,ee32e8d2-aa15-4603-901e-2cc3c72e9ead,1
c0d8ed4a-ec11-48e2-a468-6cd93327305b,f23be4bd-7b2b-45dd-be84-4f76f11b624a,2
c0d8ed4a-ec11-48e2-a468-6cd93327305b,f289b7eb-f6ba-415b-90d9-1124c652637c,1
c0d8ed4a-ec11-48e2-a468-6cd93327305b,f31cabe4-e1f4-46db-88a9-b46ba44dded4,9
c0d8ed4a-ec11-48e2-a468-6cd93327305b,fa4d473c-e553-439e-8f53-ca5f2b203dbd,16
c0d8ed4a-ec11-48e2-a468-6cd93327305b,fb291eb2-962a-482f-971a-0b62673f9a86,5
c0d8ed4a-ec11-48e2-a468-6cd93327305b,fd544ce8-6d2a-4d79-81e0-c240fcf1776e,14
c128a46d-ebd9-4ee9-80cc-16bfe505e539,c7822b58-103f-4612-87ef-648be97192c6,4
c128a46d-ebd9-4ee9-80cc-16bfe505e539,cabae19e-836c-48c4-903e-7357789f9260,1
c128a46d-ebd9-4ee9-80cc-16bfe505e539,ce747c36-3ef4-49e3-b55e-1bc99db62413,1
c128a46d-ebd9-4ee9-80cc-16bfe505e539,cfb17042-9f10-4e44-99f4-358bad067455,1
c128a46d-ebd9-4ee9-80cc-16bfe505e539,cfd07390-25a9-4fdb-bced-8a463530bf51,16
c128a46d-ebd9-4ee9-80cc-16bfe505e539,d53f00ee-a955-434a-b636-f07d79859c49,2
c128a46d-ebd9-4ee9-80cc-16bfe505e539,d847851a-777b-43c6-83b3-392672659edc,4
c128a46d-ebd9-4ee9-80cc-16bfe505e539,e6cc253d-14cb-437b-be88-4966f5fcb1f5,18
c128a46d-ebd9-4ee9-80cc-16bfe505e539,e7f0d8e8-4c52-4d0a-8b94-28729046f45b,4
c128a46d-ebd9-4ee9-80cc-16bfe505e539,f29c0ba8-4d4a-4cca-bb1b-229f68b4ae6a,1
c128a46d-ebd9-4ee9-80cc-16bfe505e539,f6e59e50-f22a-450c-8d4f-8a7072e50277,3
c128a46d-ebd9-4ee9-80cc-16bfe505e539,fac3056b-df3b-4712-9ae3-56472806747b,1
c128a46d-ebd9-4ee9-80cc-16bfe505e539,fd45195f-c35d-47c9-844e-a5893e10839e,5
c128a46d-ebd9-4ee9-80cc-16bfe505e539,fdc445bd-f8fe-4cfc-b387-7fd66a181674,5
c1554da8-5650-43fe-893a-2cd8f5f8b4d5,da26504f-588f-4f69-85bd-1e2b627441e2,1
c1c11045-81c6-43a3-96e4-4cc6d5f2fbb4,c6b2bdaf-8c1f-4b88-a8cb-167941b98bfb,1
c1c11045-81c6-43a3-96e4-4cc6d5f2fbb4,cd5a2cfd-7689-4a6e-aed1-df2a773bab9c,5
c1c11045-81c6-43a3-96e4-4cc6d5f2fbb4,cf4c4d24-798d-4bbe-bf06-23ca674f0d28,4
c1c11045-81c6-43a3-96e4-4cc6d5f2fbb4,d07ef52c-cc10-4445-a3a1-dfe50371f110,5
c1c11045-81c6-43a3-96e4-4cc6d5f2fbb4,d3023879-e3c7-411b-bb8a-1a0be0ca6035,1
c1c11045-81c6-43a3-96e4-4cc6d5f2fbb4,d653bf17-e60f-4512-9258-a68ec026e381,1
c1c11045-81c6-43a3-96e4-4cc6d5f2fbb4,e5c9b4ba-9064-4858-a052-bb3bbecfac4b,7
c1c11045-81c6-43a3-96e4-4cc6d5f2fbb4,edb8800b-6f1b-4e13-be0a-5b88fbd13c82,1
c1c11045-81c6-43a3-96e4-4cc6d5f2fbb4,eef0e09f-c709-4de5-8b44-086876d5f631,1
c1c11045-81c6-43a3-96e4-4cc6d5f2fbb4,fdc445bd-f8fe-4cfc-b387-7fd66a181674,2
c3adeaa2-c232-48f9-967d-caf4b0b51719,cefbf19c-653b-4af7-84a6-e17fba0e4a70,1
c3adeaa2-c232-48f9-967d-caf4b0b51719,cf4c4d24-798d-4bbe-bf06-23ca674f0d28,1
c3adeaa2-c232-48f9-967d-caf4b0b51719,d1bb566e-a111-43b7-8856-273ebac1f753,4
c3adeaa2-c232-48f9-967d-caf4b0b51719,e5c9b4ba-9064-4858-a052-bb3bbecfac4b,1
c3b1dca8-2cb4-4025-9527-36163a098c1f,c4f7c468-721e-4953-97f2-bff05fe570c4,3
c3b1dca8-2cb4-4025-9527-36163a098c1f,c7822b58-103f-4612-87ef-648be97192c6,4
c3b1dca8-2cb4-4025-9527-36163a098c1f,cabae19e-836c-48c4-903e-7357789f9260,13
c3b1dca8-2cb4-4025-9527-36163a098c1f,cefbf19c-653b-4af7-84a6-e17fba0e4a70,2
c3b1dca8-2cb4-4025-9527-36163a098c1f,cf4c4d24-798d-4bbe-bf06-23ca674f0d28,21
c3b1dca8-2cb4-4025-9527-36163a098c1f,cfb17042-9f10-4e44-99f4-358bad067455,1
c3b1dca8-2cb4-4025-9527-36163a098c1f,d07ef52c-cc10-4445-a3a1-dfe50371f110,1
c3b1dca8-2cb4-4025-9527-36163a098c1f,d1bb566e-a111-43b7-8856-273ebac1f753,22
c3b1dca8-2cb4-4025-9527-36163a098c1f,d847851a-777b-43c6-83b3-392672659edc,2
c3b1dca8-2cb4-4025-9527-36163a098c1f,dae67415-1ed1-4464-a59e-75170eb1925d,3
c3b1dca8-2cb4-4025-9527-36163a098c1f,e10065e1-776d-4bf3-8669-56788c453079,2
c3b1dca8-2cb4-4025-9527-36163a098c1f,e6cc253d-14cb-437b-be88-4966f5fcb1f5,2
c3b1dca8-2cb4-4025-9527-36163a098c1f,fa4d473c-e553-439e-8f53-ca5f2b203dbd,2
c4f7c468-721e-4953-97f2-bff05fe570c4,c6e26bd3-724f-45d3-93af-ef431e6fcd42,1
c4f7c468-721e-4953-97f2-bff05fe570c4,c7822b58-103f-4612-87ef-648be97192c6,3
c4f7c468-721e-4953-97f2-bff05fe570c4,da9f33b0-80ca-49eb-a1ec-def3b46538d9,1
c4f7c468-721e-4953-97f2-bff05fe570c4,fa4d473c-e553-439e-8f53-ca5f2b203dbd,6
c4f7c468-721e-4953-97f2-bff05fe570c4,fd544ce8-6d2a-4d79-81e0-c240fcf1776e,2
c606904d-daef-44ff-bd30-cfdc1e6b5185,c60c655f-40ba-47b0-8e93-a2c8d1ff4743,3
c606904d-daef-44ff-bd30-cfdc1e6b5185,ce747c36-3ef4-49e3-b55e-1bc99db62413,2
c606904d-daef-44ff-bd30-cfdc1e6b5185,cefbf19c-653b-4af7-84a6-e17fba0e4a70,3
c606904d-daef-44ff-bd30-cfdc1e6b5185,d653bf17-e60f-4512-9258-a68ec026e381,3
c606904d-daef-44ff-bd30-cfdc1e6b5185,d6c2b5eb-b21a-440a-b628-75492d313ffa,3
c606904d-daef-44ff-bd30-cfdc1e6b5185,d847851a-777b-43c6-83b3-392672659edc,6
c606904d-daef-44ff-bd30-cfdc1e6b5185,ddaff486-ef62-4200-aeb9-eeb4bedcc620,3
c606904d-daef-44ff-bd30-cfdc1e6b5185,e5c9b4ba-9064-4858-a052-bb3bbecfac4b,3
c606904d-daef-44ff-bd30-cfdc1e6b5185,ec273841-069f-408b-b434-8524904ae314,4
c606904d-daef-44ff-bd30-cfdc1e6b5185,eef0e09f-c709-4de5-8b44-086876d5f631,3
c60c655f-40ba-47b0-8e93-a2c8d1ff4743,ce747c36-3ef4-49e3-b55e-1bc99db62413,1
c60c655f-40ba-47b0-8e93-a2c8d1ff4743,cefbf19c-653b-4af7-84a6-e17fba0e4a70,3
c60c655f-40ba-47b0-8e93-a2c8d1ff4743,d07ef52c-cc10-4445-a3a1-dfe50371f110,2
c60c655f-40ba-47b0-8e93-a2c8d1ff4743,d653bf17-e60f-4512-9258-a68ec026e381,3
c60c655f-40ba-47b0-8e93-a2c8d1ff4743,d6c2b5eb-b21a-440a-b628-75492d313ffa,1
c60c655f-40ba-47b0-8e93-a2c8d1ff4743,d847851a-777b-43c6-83b3-392672659edc,1
c60c655f-40ba-47b0-8e93-a2c8d1ff4743,e5f316f0-e4e7-4cf0-a064-ed9321737487,6
c60c655f-40ba-47b0-8e93-a2c8d1ff4743,f6e59e50-f22a-450c-8d4f-8a7072e50277,2
c6b2bdaf-8c1f-4b88-a8cb-167941b98bfb,c955972d-2702-4d28-8461-262072218f3f,7
c6b2bdaf-8c1f-4b88-a8cb-167941b98bfb,d1bb566e-a111-43b7-8856-273ebac1f753,1
c6b2bdaf-8c1f-4b88-a8cb-167941b98bfb,d3023879-e3c7-411b-bb8a-1a0be0ca6035,3
c6b2bdaf-8c1f-4b88-a8cb-167941b98bfb,d6c2b5eb-b21a-440a-b628-75492d313ffa,11
c6b2bdaf-8c1f-4b88-a8cb-167941b98bfb,d847851a-777b-43c6-83b3-392672659edc,5
c6b2bdaf-8c1f-4b88-a8cb-167941b98bfb,ddaff486-ef62-4200-aeb9-eeb4bedcc620,1
c6b2bdaf-8c1f-4b88-a8cb-167941b98bfb,e5c9b4ba-9064-4858-a052-bb3bbecfac4b,4
c6b2bdaf-8c1f-4b88-a8cb-167941b98bfb,e7f0d8e8-4c52-4d0a-8b94-28729046f45b,6
c6b2bdaf-8c1f-4b88-a8cb-167941b98bfb,ec273841-069f-408b-b434-8524904ae314,2
c6b2bdaf-8c1f-4b88-a8cb-167941b98bfb,ee32e8d2-aa15-4603-901e-2cc3c72e9ead,2
c6b2bdaf-8c1f-4b88-a8cb-167941b98bfb,f0ff5ae5-e0e8-4a26-af3a-93c8b5947dc4,1
c6b2bdaf-8c1f-4b88-a8cb-167941b98bfb,fdc445bd-f8fe-4cfc-b387-7fd66a181674,1
c6e26bd3-724f-45d3-93af-ef431e6fcd42,c7822b58-103f-4612-87ef-648be97192c6,2
c6e26bd3-724f-45d3-93af-ef431e6fcd42,cabae19e-836c-48c4-903e-7357789f9260,4
c6e26bd3-724f-45d3-93af-ef431e6fcd42,ccea26dd-dcae-4174-8945-ec5cb568e951,4
c6e26bd3-724f-45d3-93af-ef431e6fcd42,ce400601-651e-4ac9-a43e-ed8d4817b7fd,4
c6e26bd3-724f-45d3-93af-ef431e6fcd42,cf4c4d24-798d-4bbe-bf06-23ca674f0d28,3
c6e26bd3-724f-45d3-93af-ef431e6fcd42,d07ef52c-cc10-4445-a3a1-dfe50371f110,1
c6e26bd3-724f-45d3-93af-ef431e6fcd42,d34e1efc-fbba-4ad8-823a-61bc3f25d580,2
c6e26bd3-724f-45d3-93af-ef431e6fcd42,d38ca3cf-9803-48dc-8592-c67c4430168e,11
c6e26bd3-724f-45d3-93af-ef431e6fcd42,d59d1492-57b6-482b-88b6-b2b77c45c33d,15
c6e26bd3-724f-45d3-93af-ef431e6fcd42,d847851a-777b-43c6-83b3-392672659edc,27
c6e26bd3-724f-45d3-93af-ef431e6fcd42,da9f33b0-80ca-49eb-a1ec-def3b46538d9,1
c6e26bd3-724f-45d3-93af-ef431e6fcd42,e5c4753f-d2d8-4a4a-ae9d-62118892a731,1
c6e26bd3-724f-45d3-93af-ef431e6fcd42,e6cc253d-14cb-437b-be88-4966f5fcb1f5,6
c6e26bd3-724f-45d3-93af-ef431e6fcd42,e85125f3-b7cf-426c-9355-412838893f55,2
c6e26bd3-724f-45d3-93af-ef431e6fcd42,ea21d788-7cfe-41ff-b22f-0664397139af,2
c6e26bd3-724f-45d3-93af-ef431e6fcd42,ec571f94-11b8-47d7-bb47-fd0d2d7c7f07,6
c6e26bd3-724f-45d3-93af-ef431e6fcd42,ee32e8d2-aa15-4603-901e-2cc3c72e9ead,2
c6e26bd3-724f-45d3-93af-ef431e6fcd42,f31cabe4-e1f4-46db-88a9-b46ba44dded4,15
c6e26bd3-724f-45d3-93af-ef431e6fcd42,fa4d473c-e553-439e-8f53-ca5f2b203dbd,1
c6e26bd3-724f-45d3-93af-ef431e6fcd42,fdc445bd-f8fe-4cfc-b387-7fd66a181674,4
c6f061f1-9cb7-4e0a-a281-4fc80527c5d7,c7822b58-103f-4612-87ef-648be97192c6,9
c6f061f1-9cb7-4e0a-a281-4fc80527c5d7,d0d8dcbd-4818-4925-a684-13767c7dae0d,1
c6f061f1-9cb7-4e0a-a281-4fc80527c5d7,fdc445bd-f8fe-4cfc-b387-7fd66a181674,6
c7822b58-103f-4612-87ef-648be97192c6,cabae19e-836c-48c4-903e-7357789f9260,17
c7822b58-103f-4612-87ef-648be97192c6,ce400601-651e-4ac9-a43e-ed8d4817b7fd,4
c7822b58-103f-4612-87ef-648be97192c6,d07ef52c-cc10-4445-a3a1-dfe50371f110,27
c7822b58-103f-4612-87ef-648be97192c6,d34e1efc-fbba-4ad8-823a-61bc3f25d580,5
c7822b58-103f-4612-87ef-648be97192c6,d38ca3cf-9803-48dc-8592-c67c4430168e,2
c7822b58-103f-4612-87ef-648be97192c6,d59d1492-57b6-482b-88b6-b2b77c45c33d,4
c7822b58-103f-4612-87ef-648be97192c6,d642dcc9-3f86-49d1-96c9-ae2771d1e89a,1
c7822b58-103f-4612-87ef-648be97192c6,d847851a-777b-43c6-83b3-392672659edc,18
c7822b58-103f-4612-87ef-648be97192c6,d89044ef-b7df-4a15-be10-d342fe381664,8
c7822b58-103f-4612-87ef-648be97192c6,da756f9c-3f10-4ab8-9fa8-75812e248959,17
c7822b58-103f-4612-87ef-648be97192c6,da9f33b0-80ca-49eb-a1ec-def3b46538d9,1
c7822b58-103f-4612-87ef-648be97192c6,dab4cf29-4843-4261-b09b-973fe98dbf65,4
c7822b58-103f-4612-87ef-648be97192c6,dae67415-1ed1-4464-a59e-75170eb1925d,25
c7822b58-103f-4612-87ef-648be97192c6,e10065e1-776d-4bf3-8669-56788c453079,4
c7822b58-103f-4612-87ef-648be97192c6,e5f316f0-e4e7-4cf0-a064-ed9321737487,6
c7822b58-103f-4612-87ef-648be97192c6,e6cc253d-14cb-437b-be88-4966f5fcb1f5,5
c7822b58-103f-4612-87ef-648be97192c6,e70c3ee3-cca2-4521-abea-b124dcec0952,46
c7822b58-103f-4612-87ef-648be97192c6,ec571f94-11b8-47d7-bb47-fd0d2d7c7f07,1
c7822b58-103f-4612-87ef-648be97192c6,f289b7eb-f6ba-415b-90d9-1124c652637c,3
c7822b58-103f-4612-87ef-648be97192c6,f31cabe4-e1f4-46db-88a9-b46ba44dded4,48
c7822b58-103f-4612-87ef-648be97192c6,fa4d473c-e553-439e-8f53-ca5f2b203dbd,8
c7822b58-103f-4612-87ef-648be97192c6,face7642-1fd8-4ec1-a909-c2579b0bd8d2,2
c7822b58-103f-4612-87ef-648be97192c6,fb291eb2-962a-482f-971a-0b62673f9a86,20
c7822b58-103f-4612-87ef-648be97192c6,fd544ce8-6d2a-4d79-81e0-c240fcf1776e,2
c7822b58-103f-4612-87ef-648be97192c6,fdc445bd-f8fe-4cfc-b387-7fd66a181674,42
c8935902-45d6-45d6-ac31-77bc0e143154,ccea26dd-dcae-4174-8945-ec5cb568e951,9
c8935902-45d6-45d6-ac31-77bc0e143154,cfb17042-9f10-4e44-99f4-358bad067455,1
c8935902-45d6-45d6-ac31-77bc0e143154,d07ef52c-cc10-4445-a3a1-dfe50371f110,1
c8935902-45d6-45d6-ac31-77bc0e143154,d847851a-777b-43c6-83b3-392672659edc,1
c8935902-45d6-45d6-ac31-77bc0e143154,dae67415-1ed1-4464-a59e-75170eb1925d,6
c8935902-45d6-45d6-ac31-77bc0e143154,ee32e8d2-aa15-4603-901e-2cc3c72e9ead,4
c8935902-45d6-45d6-ac31-77bc0e143154,fa4d473c-e553-439e-8f53-ca5f2b203dbd,2
c955972d-2702-4d28-8461-262072218f3f,cd5a2cfd-7689-4a6e-aed1-df2a773bab9c,2
c955972d-2702-4d28-8461-262072218f3f,d6c2b5eb-b21a-440a-b628-75492d313ffa,6
c955972d-2702-4d28-8461-262072218f3f,de674538-350f-4a5a-9f8e-fa8f7c4b93ca,2
c955972d-2702-4d28-8461-262072218f3f,e7f0d8e8-4c52-4d0a-8b94-28729046f45b,27
c955972d-2702-4d28-8461-262072218f3f,f0ff5ae5-e0e8-4a26-af3a-93c8b5947dc4,50
caaae646-de85-453f-b6e0-9b9b4f710f03,cefbf19c-653b-4af7-84a6-e17fba0e4a70,5
caaae646-de85-453f-b6e0-9b9b4f710f03,d07ef52c-cc10-4445-a3a1-dfe50371f110,12
caaae646-de85-453f-b6e0-9b9b4f710f03,e5c9b4ba-9064-4858-a052-bb3bbecfac4b,10
caaae646-de85-453f-b6e0-9b9b4f710f03,ee32e8d2-aa15-4603-901e-2cc3c72e9ead,35
cabae19e-836c-48c4-903e-7357789f9260,ce400601-651e-4ac9-a43e-ed8d4817b7fd,5
cabae19e-836c-48c4-903e-7357789f9260,cf4c4d24-798d-4bbe-bf06-23ca674f0d28,11
cabae19e-836c-48c4-903e-7357789f9260,cfb17042-9f10-4e44-99f4-358bad067455,4
cabae19e-836c-48c4-903e-7357789f9260,d07ef52c-cc10-4445-a3a1-dfe50371f110,7
cabae19e-836c-48c4-903e-7357789f9260,d0d8dcbd-4818-4925-a684-13767c7dae0d,3
cabae19e-836c-48c4-903e-7357789f9260,d1bb566e-a111-43b7-8856-273ebac1f753,42
cabae19e-836c-48c4-903e-7357789f9260,d34e1efc-fbba-4ad8-823a-61bc3f25d580,1
cabae19e-836c-48c4-903e-7357789f9260,d38ca3cf-9803-48dc-8592-c67c4430168e,18
cabae19e-836c-48c4-903e-7357789f9260,d53f00ee-a955-434a-b636-f07d79859c49,5
cabae19e-836c-48c4-903e-7357789f9260,d847851a-777b-43c6-83b3-392672659edc,3
cabae19e-836c-48c4-903e-7357789f9260,dab4cf29-4843-4261-b09b-973fe98dbf65,5
cabae19e-836c-48c4-903e-7357789f9260,dae67415-1ed1-4464-a59e-75170eb1925d,3
cabae19e-836c-48c4-903e-7357789f9260,dc9f60e4-e1a4-487b-a002-40b3c77ba896,74
cabae19e-836c-48c4-903e-7357789f9260,e10065e1-776d-4bf3-8669-56788c453079,31
cabae19e-836c-48c4-903e-7357789f9260,e6cc253d-14cb-437b-be88-4966f5fcb1f5,1
cabae19e-836c-48c4-903e-7357789f9260,f31cabe4-e1f4-46db-88a9-b46ba44dded4,1
cabae19e-836c-48c4-903e-7357789f9260,fa4d473c-e553-439e-8f53-ca5f2b203dbd,20
cabae19e-836c-48c4-903e-7357789f9260,face7642-1fd8-4ec1-a909-c2579b0bd8d2,3
ccea26dd-dcae-4174-8945-ec5cb568e951,d07ef52c-cc10-4445-a3a1-dfe50371f110,21
ccea26dd-dcae-4174-8945-ec5cb568e951,d34e1efc-fbba-4ad8-823a-61bc3f25d580,35
ccea26dd-dcae-4174-8945-ec5cb568e951,d38ca3cf-9803-48dc-8592-c67c4430168e,39
ccea26dd-dcae-4174-8945-ec5cb568e951,d53f00ee-a955-434a-b636-f07d79859c49,1
ccea26dd-dcae-4174-8945-ec5cb568e951,d59d1492-57b6-482b-88b6-b2b77c45c33d,1
ccea26dd-dcae-4174-8945-ec5cb568e951,d847851a-777b-43c6-83b3-392672659edc,9
ccea26dd-dcae-4174-8945-ec5cb568e951,da756f9c-3f10-4ab8-9fa8-75812e248959,12
ccea26dd-dcae-4174-8945-ec5cb568e951,da9f33b0-80ca-49eb-a1ec-def3b46538d9,2
ccea26dd-dcae-4174-8945-ec5cb568e951,dab4cf29-4843-4261-b09b-973fe98dbf65,1
ccea26dd-dcae-4174-8945-ec5cb568e951,dae67415-1ed1-4464-a59e-75170eb1925d,37
ccea26dd-dcae-4174-8945-ec5cb568e951,dc9f60e4-e1a4-487b-a002-40b3c77ba896,4
ccea26dd-dcae-4174-8945-ec5cb568e951,e10065e1-776d-4bf3-8669-56788c453079,1
ccea26dd-dcae-4174-8945-ec5cb568e951,e6cc253d-14cb-437b-be88-4966f5fcb1f5,10
ccea26dd-dcae-4174-8945-ec5cb568e951,e70c3ee3-cca2-4521-abea-b124dcec0952,8
ccea26dd-dcae-4174-8945-ec5cb568e951,e85125f3-b7cf-426c-9355-412838893f55,9
ccea26dd-dcae-4174-8945-ec5cb568e951,ec571f94-11b8-47d7-bb47-fd0d2d7c7f07,8
ccea26dd-dcae-4174-8945-ec5cb568e951,ee32e8d2-aa15-4603-901e-2cc3c72e9ead,8
ccea26dd-dcae-4174-8945-ec5cb568e951,f31cabe4-e1f4-46db-88a9-b46ba44dded4,2
ccea26dd-dcae-4174-8945-ec5cb568e951,fdc445bd-f8fe-4cfc-b387-7fd66a181674,1
cd02edbc-106e-46d1-8d70-6594741356ea,d38ca3cf-9803-48dc-8592-c67c4430168e,5
cd02edbc-106e-46d1-8d70-6594741356ea,dab4cf29-4843-4261-b09b-973fe98dbf65,1
cd02edbc-106e-46d1-8d70-6594741356ea,e70c3ee3-cca2-4521-abea-b124dcec0952,3
cd02edbc-106e-46d1-8d70-6594741356ea,e85125f3-b7cf-426c-9355-412838893f55,3
cd02edbc-106e-46d1-8d70-6594741356ea,fa4d473c-e553-439e-8f53-ca5f2b203dbd,10
cd5a2cfd-7689-4a6e-aed1-df2a773bab9c,d653bf17-e60f-4512-9258-a68ec026e381,1
cd5a2cfd-7689-4a6e-aed1-df2a773bab9c,e7f0d8e8-4c52-4d0a-8b94-28729046f45b,2
ce400601-651e-4ac9-a43e-ed8d4817b7fd,d38ca3cf-9803-48dc-8592-c67c4430168e,4
ce400601-651e-4ac9-a43e-ed8d4817b7fd,d847851a-777b-43c6-83b3-392672659edc,1
ce400601-651e-4ac9-a43e-ed8d4817b7fd,d9e78b0a-0a3b-44ef-acd9-15d6e9e19d60,1
ce400601-651e-4ac9-a43e-ed8d4817b7fd,da756f9c-3f10-4ab8-9fa8-75812e248959,8
ce400601-651e-4ac9-a43e-ed8d4817b7fd,e6cc253d-14cb-437b-be88-4966f5fcb1f5,1
ce400601-651e-4ac9-a43e-ed8d4817b7fd,e70c3ee3-cca2-4521-abea-b124dcec0952,2
ce400601-651e-4ac9-a43e-ed8d4817b7fd,fa4d473c-e553-439e-8f53-ca5f2b203dbd,2
ce747c36-3ef4-49e3-b55e-1bc99db62413,cefbf19c-653b-4af7-84a6-e17fba0e4a70,2
ce747c36-3ef4-49e3-b55e-1bc99db62413,d653bf17-e60f-4512-9258-a68ec026e381,7
ce747c36-3ef4-49e3-b55e-1bc99db62413,d6c2b5eb-b21a-440a-b628-75492d313ffa,3
ce747c36-3ef4-49e3-b55e-1bc99db62413,d847851a-777b-43c6-83b3-392672659edc,1
cefbf19c-653b-4af7-84a6-e17fba0e4a70,cf4c4d24-798d-4bbe-bf06-23ca674f0d28,3
cefbf19c-653b-4af7-84a6-e17fba0e4a70,cfb17042-9f10-4e44-99f4-358bad067455,6
cefbf19c-653b-4af7-84a6-e17fba0e4a70,d07ef52c-cc10-4445-a3a1-dfe50371f110,9
cefbf19c-653b-4af7-84a6-e17fba0e4a70,d1bb566e-a111-43b7-8856-273ebac1f753,9
cefbf19c-653b-4af7-84a6-e17fba0e4a70,d53f00ee-a955-434a-b636-f07d79859c49,1
cefbf19c-653b-4af7-84a6-e17fba0e4a70,d653bf17-e60f-4512-9258-a68ec026e381,6
cefbf19c-653b-4af7-84a6-e17fba0e4a70,d847851a-777b-43c6-83b3-392672659edc,20
cefbf19c-653b-4af7-84a6-e17fba0e4a70,ddaff486-ef62-4200-aeb9-eeb4bedcc620,26
cefbf19c-653b-4af7-84a6-e17fba0e4a70,e5c9b4ba-9064-4858-a052-bb3bbecfac4b,7
cefbf19c-653b-4af7-84a6-e17fba0e4a70,e5f316f0-e4e7-4cf0-a064-ed9321737487,1
cefbf19c-653b-4af7-84a6-e17fba0e4a70,e6cc253d-14cb-437b-be88-4966f5fcb1f5,28
cefbf19c-653b-4af7-84a6-e17fba0e4a70,e7f0d8e8-4c52-4d0a-8b94-28729046f45b,35
cefbf19c-653b-4af7-84a6-e17fba0e4a70,ec273841-069f-408b-b434-8524904ae314,7
cefbf19c-653b-4af7-84a6-e17fba0e4a70,ee32e8d2-aa15-4603-901e-2cc3c72e9ead,6
cefbf19c-653b-4af7-84a6-e17fba0e4a70,f29c0ba8-4d4a-4cca-bb1b-229f68b4ae6a,13
cefbf19c-653b-4af7-84a6-e17fba0e4a70,fa4d473c-e553-439e-8f53-ca5f2b203dbd,10
cefbf19c-653b-4af7-84a6-e17fba0e4a70,fdc445bd-f8fe-4cfc-b387-7fd66a181674,6
cf4c4d24-798d-4bbe-bf06-23ca674f0d28,cfb17042-9f10-4e44-99f4-358bad067455,1
cf4c4d24-798d-4bbe-bf06-23ca674f0d28,d1bb566e-a111-43b7-8856-273ebac1f753,98
cf4c4d24-798d-4bbe-bf06-23ca674f0d28,d38ca3cf-9803-48dc-8592-c67c4430168e,2
cf4c4d24-798d-4bbe-bf06-23ca674f0d28,d847851a-777b-43c6-83b3-392672659edc,2
cf4c4d24-798d-4bbe-bf06-23ca674f0d28,e10065e1-776d-4bf3-8669-56788c453079,1
cf4c4d24-798d-4bbe-bf06-23ca674f0d28,e5c9b4ba-9064-4858-a052-bb3bbecfac4b,3
cf4c4d24-798d-4bbe-bf06-23ca674f0d28,e85125f3-b7cf-426c-9355-412838893f55,1
cf4c4d24-798d-4bbe-bf06-23ca674f0d28,fcdd8eba-ce4c-40ad-b68e-4fe542abd6b3,1
cf4c4d24-798d-4bbe-bf06-23ca674f0d28,ffb9d98c-95af-42f8-974f-a0eb99c90837,1
cfb17042-9f10-4e44-99f4-358bad067455,d07ef52c-cc10-4445-a3a1-dfe50371f110,1
cfb17042-9f10-4e44-99f4-358bad067455,d0d8dcbd-4818-4925-a684-13767c7dae0d,3
cfb17042-9f10-4e44-99f4-358bad067455,d1bb566e-a111-43b7-8856-273ebac1f753,2
cfb17042-9f10-4e44-99f4-358bad067455,d53f00ee-a955-434a-b636-f07d79859c49,11
cfb17042-9f10-4e44-99f4-358bad067455,d847851a-777b-43c6-83b3-392672659edc,11
cfb17042-9f10-4e44-99f4-358bad067455,da9f33b0-80ca-49eb-a1ec-def3b46538d9,3
cfb17042-9f10-4e44-99f4-358bad067455,e10065e1-776d-4bf3-8669-56788c453079,1
cfb17042-9f10-4e44-99f4-358bad067455,e6cc253d-14cb-437b-be88-4966f5fcb1f5,21
cfb17042-9f10-4e44-99f4-358bad067455,e7f0d8e8-4c52-4d0a-8b94-28729046f45b,7
cfb17042-9f10-4e44-99f4-358bad067455,ec273841-069f-408b-b434-8524904ae314,2
cfb17042-9f10-4e44-99f4-358bad067455,ee32e8d2-aa15-4603-901e-2cc3c72e9ead,11
cfb17042-9f10-4e44-99f4-358bad067455,fa4d473c-e553-439e-8f53-ca5f2b203dbd,3
cfb17042-9f10-4e44-99f4-358bad067455,fd45195f-c35d-47c9-844e-a5893e10839e,1
cfd07390-25a9-4fdb-bced-8a463530bf51,e6cc253d-14cb-437b-be88-4966f5fcb1f5,3
d07ef52c-cc10-4445-a3a1-dfe50371f110,d0d8dcbd-4818-4925-a684-13767c7dae0d,1
d07ef52c-cc10-4445-a3a1-dfe50371f110,d1bb566e-a111-43b7-8856-273ebac1f753,2
d07ef52c-cc10-4445-a3a1-dfe50371f110,d34e1efc-fbba-4ad8-823a-61bc3f25d580,13
d07ef52c-cc10-4445-a3a1-dfe50371f110,d53f00ee-a955-434a-b636-f07d79859c49,21
d07ef52c-cc10-4445-a3a1-dfe50371f110,d59d1492-57b6-482b-88b6-b2b77c45c33d,4
d07ef52c-cc10-4445-a3a1-dfe50371f110,d847851a-777b-43c6-83b3-392672659edc,6
d07ef52c-cc10-4445-a3a1-dfe50371f110,d89044ef-b7df-4a15-be10-d342fe381664,1
d07ef52c-cc10-4445-a3a1-dfe50371f110,da756f9c-3f10-4ab8-9fa8-75812e248959,7
d07ef52c-cc10-4445-a3a1-dfe50371f110,da9f33b0-80ca-49eb-a1ec-def3b46538d9,2
d07ef52c-cc10-4445-a3a1-dfe50371f110,dab4cf29-4843-4261-b09b-973fe98dbf65,2
d07ef52c-cc10-4445-a3a1-dfe50371f110,dae67415-1ed1-4464-a59e-75170eb1925d,7
d07ef52c-cc10-4445-a3a1-dfe50371f110,dc9f60e4-e1a4-487b-a002-40b3c77ba896,56
d07ef52c-cc10-4445-a3a1-dfe50371f110,e5c9b4ba-9064-4858-a052-bb3bbecfac4b,2
d07ef52c-cc10-4445-a3a1-dfe50371f110,e6cc253d-14cb-437b-be88-4966f5fcb1f5,4
d07ef52c-cc10-4445-a3a1-dfe50371f110,e70c3ee3-cca2-4521-abea-b124dcec0952,15
d07ef52c-cc10-4445-a3a1-dfe50371f110,e7f0d8e8-4c52-4d0a-8b94-28729046f45b,1
d07ef52c-cc10-4445-a3a1-dfe50371f110,eb79af3c-a66d-4374-b9e7-34d7f3e92dc7,1
d07ef52c-cc10-4445-a3a1-dfe50371f110,ec571f94-11b8-47d7-bb47-fd0d2d7c7f07,4
d07ef52c-cc10-4445-a3a1-dfe50371f110,ee32e8d2-aa15-4603-901e-2cc3c72e9ead,58
d07ef52c-cc10-4445-a3a1-dfe50371f110,f31cabe4-e1f4-46db-88a9-b46ba44dded4,16
d07ef52c-cc10-4445-a3a1-dfe50371f110,fa4d473c-e553-439e-8f53-ca5f2b203dbd,7
d07ef52c-cc10-4445-a3a1-dfe50371f110,face7642-1fd8-4ec1-a909-c2579b0bd8d2,2
d07ef52c-cc10-4445-a3a1-dfe50371f110,fb291eb2-962a-482f-971a-0b62673f9a86,2
d07ef52c-cc10-4445-a3a1-dfe50371f110,fdc445bd-f8fe-4cfc-b387-7fd66a181674,11
d0d8dcbd-4818-4925-a684-13767c7dae0d,d1bb566e-a111-43b7-8856-273ebac1f753,9
d0d8dcbd-4818-4925-a684-13767c7dae0d,d34e1efc-fbba-4ad8-823a-61bc3f25d580,2
d0d8dcbd-4818-4925-a684-13767c7dae0d,d847851a-777b-43c6-83b3-392672659edc,3
d0d8dcbd-4818-4925-a684-13767c7dae0d,da9f33b0-80ca-49eb-a1ec-def3b46538d9,8
d0d8dcbd-4818-4925-a684-13767c7dae0d,e5c4753f-d2d8-4a4a-ae9d-62118892a731,3
d0d8dcbd-4818-4925-a684-13767c7dae0d,e6cc253d-14cb-437b-be88-4966f5fcb1f5,1
d0d8dcbd-4818-4925-a684-13767c7dae0d,ee32e8d2-aa15-4603-901e-2cc3c72e9ead,1
d0d8dcbd-4818-4925-a684-13767c7dae0d,fdc445bd-f8fe-4cfc-b387-7fd66a181674,1
d1bb566e-a111-43b7-8856-273ebac1f753,d38ca3cf-9803-48dc-8592-c67c4430168e,16
d1bb566e-a111-43b7-8856-273ebac1f753,d53f00ee-a955-434a-b636-f07d79859c49,1
d1bb566e-a111-43b7-8856-273ebac1f753,d847851a-777b-43c6-83b3-392672659edc,56
d1bb566e-a111-43b7-8856-273ebac1f753,da9f33b0-80ca-49eb-a1ec-def3b46538d9,1
d1bb566e-a111-43b7-8856-273ebac1f753,e10065e1-776d-4bf3-8669-56788c453079,8
d1bb566e-a111-43b7-8856-273ebac1f753,e5c9b4ba-9064-4858-a052-bb3bbecfac4b,4
d1bb566e-a111-43b7-8856-273ebac1f753,e6cc253d-14cb-437b-be88-4966f5fcb1f5,9
d1bb566e-a111-43b7-8856-273ebac1f753,ec273841-069f-408b-b434-8524904ae314,1
d1bb566e-a111-43b7-8856-273ebac1f753,edefa48b-f14e-4ec3-ab3c-dfe2aa0126ec,3
d1bb566e-a111-43b7-8856-273ebac1f753,ee32e8d2-aa15-4603-901e-2cc3c72e9ead,2
d1bb566e-a111-43b7-8856-273ebac1f753,f31cabe4-e1f4-46db-88a9-b46ba44dded4,4
d1bb566e-a111-43b7-8856-273ebac1f753,fcdd8eba-ce4c-40ad-b68e-4fe542abd6b3,2
d1bb566e-a111-43b7-8856-273ebac1f753,ffb9d98c-95af-42f8-974f-a0eb99c90837,6
d3023879-e3c7-411b-bb8a-1a0be0ca6035,ee32e8d2-aa15-4603-901e-2cc3c72e9ead,9
d3023879-e3c7-411b-bb8a-1a0be0ca6035,eef0e09f-c709-4de5-8b44-086876d5f631,2
d34e1efc-fbba-4ad8-823a-61bc3f25d580,d38ca3cf-9803-48dc-8592-c67c4430168e,10
d34e1efc-fbba-4ad8-823a-61bc3f25d580,d59d1492-57b6-482b-88b6-b2b77c45c33d,1
d34e1efc-fbba-4ad8-823a-61bc3f25d580,d847851a-777b-43c6-83b3-392672659edc,18
d34e1efc-fbba-4ad8-823a-61bc3f25d580,d9e78b0a-0a3b-44ef-acd9-15d6e9e19d60,3
d34e1efc-fbba-4ad8-823a-61bc3f25d580,da756f9c-3f10-4ab8-9fa8-75812e248959,14
d34e1efc-fbba-4ad8-823a-61bc3f25d580,da9f33b0-80ca-49eb-a1ec-def3b46538d9,1
d34e1efc-fbba-4ad8-823a-61bc3f25d580,dab4cf29-4843-4261-b09b-973fe98dbf65,5
d34e1efc-fbba-4ad8-823a-61bc3f25d580,e5c4753f-d2d8-4a4a-ae9d-62118892a731,5
d34e1efc-fbba-4ad8-823a-61bc3f25d580,e6cc253d-14cb-437b-be88-4966f5fcb1f5,3
d34e1efc-fbba-4ad8-823a-61bc3f25d580,e70c3ee3-cca2-4521-abea-b124dcec0952,5
d34e1efc-fbba-4ad8-823a-61bc3f25d580,ea21d788-7cfe-41ff-b22f-0664397139af,2
d34e1efc-fbba-4ad8-823a-61bc3f25d580,ec571f94-11b8-47d7-bb47-fd0d2d7c7f07,3
d34e1efc-fbba-4ad8-823a-61bc3f25d580,ee32e8d2-aa15-4603-901e-2cc3c72e9ead,7
d34e1efc-fbba-4ad8-823a-61bc3f25d580,f23be4bd-7b2b-45dd-be84-4f76f11b624a,3
d34e1efc-fbba-4ad8-823a-61bc3f25d580,f31cabe4-e1f4-46db-88a9-b46ba44dded4,6
d34e1efc-fbba-4ad8-823a-61bc3f25d580,fa4d473c-e553-439e-8f53-ca5f2b203dbd,2
d34e1efc-fbba-4ad8-823a-61bc3f25d580,fdc445bd-f8fe-4cfc-b387-7fd66a181674,14
d38ca3cf-9803-48dc-8592-c67c4430168e,d59d1492-57b6-482b-88b6-b2b77c45c33d,4
d38ca3cf-9803-48dc-8592-c67c4430168e,d847851a-777b-43c6-83b3-392672659edc,15
d38ca3cf-9803-48dc-8592-c67c4430168e,da756f9c-3f10-4ab8-9fa8-75812e248959,6
d38ca3cf-9803-48dc-8592-c67c4430168e,da9f33b0-80ca-49eb-a1ec-def3b46538d9,3
d38ca3cf-9803-48dc-8592-c67c4430168e,dab4cf29-4843-4261-b09b-973fe98dbf65,8
d38ca3cf-9803-48dc-8592-c67c4430168e,e6cc253d-14cb-437b-be88-4966f5fcb1f5,9
d38ca3cf-9803-48dc-8592-c67c4430168e,e70c3ee3-cca2-4521-abea-b124dcec0952,7
d38ca3cf-9803-48dc-8592-c67c4430168e,e85125f3-b7cf-426c-9355-412838893f55,43
d38ca3cf-9803-48dc-8592-c67c4430168e,ec571f94-11b8-47d7-bb47-fd0d2d7c7f07,4
d38ca3cf-9803-48dc-8592-c67c4430168e,ee32e8d2-aa15-4603-901e-2cc3c72e9ead,32
d38ca3cf-9803-48dc-8592-c67c4430168e,f31cabe4-e1f4-46db-88a9-b46ba44dded4,14
d38ca3cf-9803-48dc-8592-c67c4430168e,fa4d473c-e553-439e-8f53-ca5f2b203dbd,1
d3eeba5c-e756-485b-978e-a91629c31e57,fac3056b-df3b-4712-9ae3-56472806747b,1
d53f00ee-a955-434a-b636-f07d79859c49,dc9f60e4-e1a4-487b-a002-40b3c77ba896,14
d53f00ee-a955-434a-b636-f07d79859c49,ee32e8d2-aa15-4603-901e-2cc3c72e9ead,143
d53f00ee-a955-434a-b636-f07d79859c49,fa4d473c-e553-439e-8f53-ca5f2b203dbd,18
d53f00ee-a955-434a-b636-f07d79859c49,face7642-1fd8-4ec1-a909-c2579b0bd8d2,2
d59d1492-57b6-482b-88b6-b2b77c45c33d,d847851a-777b-43c6-83b3-392672659edc,24
d59d1492-57b6-482b-88b6-b2b77c45c33d,d89044ef-b7df-4a15-be10-d342fe381664,1
d59d1492-57b6-482b-88b6-b2b77c45c33d,e70c3ee3-cca2-4521-abea-b124dcec0952,3
d59d1492-57b6-482b-88b6-b2b77c45c33d,f31cabe4-e1f4-46db-88a9-b46ba44dded4,21
d59d1492-57b6-482b-88b6-b2b77c45c33d,fdc445bd-f8fe-4cfc-b387-7fd66a181674,1
d642dcc9-3f86-49d1-96c9-ae2771d1e89a,f31cabe4-e1f4-46db-88a9-b46ba44dded4,1
d653bf17-e60f-4512-9258-a68ec026e381,d6c2b5eb-b21a-440a-b628-75492d313ffa,3
d653bf17-e60f-4512-9258-a68ec026e381,de674538-350f-4a5a-9f8e-fa8f7c4b93ca,1
d653bf17-e60f-4512-9258-a68ec026e381,e7f0d8e8-4c52-4d0a-8b94-28729046f45b,3
d653bf17-e60f-4512-9258-a68ec026e381,f0ff5ae5-e0e8-4a26-af3a-93c8b5947dc4,3
d6c2b5eb-b21a-440a-b628-75492d313ffa,e5c9b4ba-9064-4858-a052-bb3bbecfac4b,1
d6c2b5eb-b21a-440a-b628-75492d313ffa,e7f0d8e8-4c52-4d0a-8b94-28729046f45b,1
d6c2b5eb-b21a-440a-b628-75492d313ffa,ec273841-069f-408b-b434-8524904ae314,1
d6c2b5eb-b21a-440a-b628-75492d313ffa,ee32e8d2-aa15-4603-901e-2cc3c72e9ead,1
d6c2b5eb-b21a-440a-b628-75492d313ffa,f0ff5ae5-e0e8-4a26-af3a-93c8b5947dc4,1
d847851a-777b-43c6-83b3-392672659edc,d89044ef-b7df-4a15-be10-d342fe381664,2
d847851a-777b-43c6-83b3-392672659edc,da756f9c-3f10-4ab8-9fa8-75812e248959,1
d847851a-777b-43c6-83b3-392672659edc,da9f33b0-80ca-49eb-a1ec-def3b46538d9,6
d847851a-777b-43c6-83b3-392672659edc,dab4cf29-4843-4261-b09b-973fe98dbf65,1
d847851a-777b-43c6-83b3-392672659edc,ddaff486-ef62-4200-aeb9-eeb4bedcc620,3
d847851a-777b-43c6-83b3-392672659edc,de076177-b820-4aff-9629-6829277e1c16,2
d847851a-777b-43c6-83b3-392672659edc,e5c4753f-d2d8-4a4a-ae9d-62118892a731,4
d847851a-777b-43c6-83b3-392672659edc,e5c9b4ba-9064-4858-a052-bb3bbecfac4b,7
d847851a-777b-43c6-83b3-392672659edc,e5f316f0-e4e7-4cf0-a064-ed9321737487,5
d847851a-777b-43c6-83b3-392672659edc,e6cc253d-14cb-437b-be88-4966f5fcb1f5,39
d847851a-777b-43c6-83b3-392672659edc,e70c3ee3-cca2-4521-abea-b124dcec0952,2
d847851a-777b-43c6-83b3-392672659edc,e7f0d8e8-4c52-4d0a-8b94-28729046f45b,10
d847851a-777b-43c6-83b3-392672659edc,e85125f3-b7cf-426c-9355-412838893f55,1
d847851a-777b-43c6-83b3-392672659edc,eb79af3c-a66d-4374-b9e7-34d7f3e92dc7,1
d847851a-777b-43c6-83b3-392672659edc,ec571f94-11b8-47d7-bb47-fd0d2d7c7f07,6
d847851a-777b-43c6-83b3-392672659edc,edefa48b-f14e-4ec3-ab3c-dfe2aa0126ec,2
d847851a-777b-43c6-83b3-392672659edc,ee32e8d2-aa15-4603-901e-2cc3c72e9ead,11
d847851a-777b-43c6-83b3-392672659edc,ef8d31db-0876-4998-b0d9-056643260d46,2
d847851a-777b-43c6-83b3-392672659edc,f067f702-8e06-491a-9498-462205d1aaec,2
d847851a-777b-43c6-83b3-392672659edc,f29c0ba8-4d4a-4cca-bb1b-229f68b4ae6a,6
d847851a-777b-43c6-83b3-392672659edc,f31cabe4-e1f4-46db-88a9-b46ba44dded4,48
d847851a-777b-43c6-83b3-392672659edc,fa4d473c-e553-439e-8f53-ca5f2b203dbd,24
d847851a-777b-43c6-83b3-392672659edc,fac3056b-df3b-4712-9ae3-56472806747b,2
d847851a-777b-43c6-83b3-392672659edc,fb291eb2-962a-482f-971a-0b62673f9a86,1
d847851a-777b-43c6-83b3-392672659edc,fdc445bd-f8fe-4cfc-b387-7fd66a181674,8
d89044ef-b7df-4a15-be10-d342fe381664,da9f33b0-80ca-49eb-a1ec-def3b46538d9,2
d89044ef-b7df-4a15-be10-d342fe381664,e5f316f0-e4e7-4cf0-a064-ed9321737487,2
d89044ef-b7df-4a15-be10-d342fe381664,e85125f3-b7cf-426c-9355-412838893f55,1
d89044ef-b7df-4a15-be10-d342fe381664,f31cabe4-e1f4-46db-88a9-b46ba44dded4,4
d9e78b0a-0a3b-44ef-acd9-15d6e9e19d60,f31cabe4-e1f4-46db-88a9-b46ba44dded4,1
d9e78b0a-0a3b-44ef-acd9-15d6e9e19d60,fa4d473c-e553-439e-8f53-ca5f2b203dbd,5
da756f9c-3f10-4ab8-9fa8-75812e248959,dab4cf29-4843-4261-b09b-973fe98dbf65,4
da756f9c-3f10-4ab8-9fa8-75812e248959,e70c3ee3-cca2-4521-abea-b124dcec0952,7
da756f9c-3f10-4ab8-9fa8-75812e248959,ee32e8d2-aa15-4603-901e-2cc3c72e9ead,4
da756f9c-3f10-4ab8-9fa8-75812e248959,f23be4bd-7b2b-45dd-be84-4f76f11b624a,1
da756f9c-3f10-4ab8-9fa8-75812e248959,f31cabe4-e1f4-46db-88a9-b46ba44dded4,6
da9f33b0-80ca-49eb-a1ec-def3b46538d9,e6cc253d-14cb-437b-be88-4966f5fcb1f5,4
da9f33b0-80ca-49eb-a1ec-def3b46538d9,ea21d788-7cfe-41ff-b22f-0664397139af,4
da9f33b0-80ca-49eb-a1ec-def3b46538d9,ec571f94-11b8-47d7-bb47-fd0d2d7c7f07,1
da9f33b0-80ca-49eb-a1ec-def3b46538d9,f23be4bd-7b2b-45dd-be84-4f76f11b624a,1
da9f33b0-80ca-49eb-a1ec-def3b46538d9,fa4d473c-e553-439e-8f53-ca5f2b203dbd,4
da9f33b0-80ca-49eb-a1ec-def3b46538d9,fdc445bd-f8fe-4cfc-b387-7fd66a181674,9
dab4cf29-4843-4261-b09b-973fe98dbf65,e6cc253d-14cb-437b-be88-4966f5fcb1f5,9
dab4cf29-4843-4261-b09b-973fe98dbf65,e70c3ee3-cca2-4521-abea-b124dcec0952,44
dab4cf29-4843-4261-b09b-973fe98dbf65,e85125f3-b7cf-426c-9355-412838893f55,2
dab4cf29-4843-4261-b09b-973fe98dbf65,ea21d788-7cfe-41ff-b22f-0664397139af,2
dab4cf29-4843-4261-b09b-973fe98dbf65,ee32e8d2-aa15-4603-901e-2cc3c72e9ead,3
dab4cf29-4843-4261-b09b-973fe98dbf65,ef8d31db-0876-4998-b0d9-056643260d46,2
dab4cf29-4843-4261-b09b-973fe98dbf65,f31cabe4-e1f4-46db-88a9-b46ba44dded4,1
dab4cf29-4843-4261-b09b-973fe98dbf65,fa4d473c-e553-439e-8f53-ca5f2b203dbd,3
dae67415-1ed1-4464-a59e-75170eb1925d,e6cc253d-14cb-437b-be88-4966f5fcb1f5,1
dae67415-1ed1-4464-a59e-75170eb1925d,ee32e8d2-aa15-4603-901e-2cc3c72e9ead,2
dc9f60e4-e1a4-487b-a002-40b3c77ba896,e6cc253d-14cb-437b-be88-4966f5fcb1f5,2
dc9f60e4-e1a4-487b-a002-40b3c77ba896,fa4d473c-e553-439e-8f53-ca5f2b203dbd,29
dc9f60e4-e1a4-487b-a002-40b3c77ba896,face7642-1fd8-4ec1-a909-c2579b0bd8d2,22
ddaff486-ef62-4200-aeb9-eeb4bedcc620,de076177-b820-4aff-9629-6829277e1c16,1
ddaff486-ef62-4200-aeb9-eeb4bedcc620,e5c9b4ba-9064-4858-a052-bb3bbecfac4b,11
ddaff486-ef62-4200-aeb9-eeb4bedcc620,e7f0d8e8-4c52-4d0a-8b94-28729046f45b,2
ddaff486-ef62-4200-aeb9-eeb4bedcc620,ec273841-069f-408b-b434-8524904ae314,43
ddaff486-ef62-4200-aeb9-eeb4bedcc620,eef0e09f-c709-4de5-8b44-086876d5f631,3
ddaff486-ef62-4200-aeb9-eeb4bedcc620,fdc445bd-f8fe-4cfc-b387-7fd66a181674,3
de076177-b820-4aff-9629-6829277e1c16,e5c9b4ba-9064-4858-a052-bb3bbecfac4b,1
de674538-350f-4a5a-9f8e-fa8f7c4b93ca,e7f0d8e8-4c52-4d0a-8b94-28729046f45b,6
de674538-350f-4a5a-9f8e-fa8f7c4b93ca,ee32e8d2-aa15-4603-901e-2cc3c72e9ead,2
de674538-350f-4a5a-9f8e-fa8f7c4b93ca,f0ff5ae5-e0e8-4a26-af3a-93c8b5947dc4,6
e10065e1-776d-4bf3-8669-56788c453079,efd89dff-2cde-4afc-ab14-e4f9795d1407,2
e10065e1-776d-4bf3-8669-56788c453079,fa4d473c-e553-439e-8f53-ca5f2b203dbd,2
e10065e1-776d-4bf3-8669-56788c453079,fd544ce8-6d2a-4d79-81e0-c240fcf1776e,9
e10065e1-776d-4bf3-8669-56788c453079,fdc445bd-f8fe-4cfc-b387-7fd66a181674,2
e5c4753f-d2d8-4a4a-ae9d-62118892a731,ee32e8d2-aa15-4603-901e-2cc3c72e9ead,28
e5c9b4ba-9064-4858-a052-bb3bbecfac4b,ec273841-069f-408b-b434-8524904ae314,5
e5c9b4ba-9064-4858-a052-bb3bbecfac4b,ee32e8d2-aa15-4603-901e-2cc3c72e9ead,5
e5c9b4ba-9064-4858-a052-bb3bbecfac4b,eef0e09f-c709-4de5-8b44-086876d5f631,1
e5c9b4ba-9064-4858-a052-bb3bbecfac4b,fac3056b-df3b-4712-9ae3-56472806747b,1
e5c9b4ba-9064-4858-a052-bb3bbecfac4b,fdc445bd-f8fe-4cfc-b387-7fd66a181674,1
e5f316f0-e4e7-4cf0-a064-ed9321737487,e6cc253d-14cb-437b-be88-4966f5fcb1f5,4
e5f316f0-e4e7-4cf0-a064-ed9321737487,e7f0d8e8-4c52-4d0a-8b94-28729046f45b,1
e5f316f0-e4e7-4cf0-a064-ed9321737487,fa4d473c-e553-439e-8f53-ca5f2b203dbd,1
e5f316f0-e4e7-4cf0-a064-ed9321737487,fdc445bd-f8fe-4cfc-b387-7fd66a181674,4
e6cc253d-14cb-437b-be88-4966f5fcb1f5,e7f0d8e8-4c52-4d0a-8b94-28729046f45b,2
e6cc253d-14cb-437b-be88-4966f5fcb1f5,ea21d788-7cfe-41ff-b22f-0664397139af,1
e6cc253d-14cb-437b-be88-4966f5fcb1f5,eb79af3c-a66d-4374-b9e7-34d7f3e92dc7,1
e6cc253d-14cb-437b-be88-4966f5fcb1f5,ec571f94-11b8-47d7-bb47-fd0d2d7c7f07,13
e6cc253d-14cb-437b-be88-4966f5fcb1f5,ee32e8d2-aa15-4603-901e-2cc3c72e9ead,3
e6cc253d-14cb-437b-be88-4966f5fcb1f5,ef8d31db-0876-4998-b0d9-056643260d46,4
e6cc253d-14cb-437b-be88-4966f5fcb1f5,f067f702-8e06-491a-9498-462205d1aaec,3
e6cc253d-14cb-437b-be88-4966f5fcb1f5,f29c0ba8-4d4a-4cca-bb1b-229f68b4ae6a,1
e6cc253d-14cb-437b-be88-4966f5fcb1f5,fa4d473c-e553-439e-8f53-ca5f2b203dbd,9
e6cc253d-14cb-437b-be88-4966f5fcb1f5,fb291eb2-962a-482f-971a-0b62673f9a86,1
e6cc253d-14cb-437b-be88-4966f5fcb1f5,fdc445bd-f8fe-4cfc-b387-7fd66a181674,3
e6e673f5-f0a7-4d34-a6aa-d2f12fed24ed,eef0e09f-c709-4de5-8b44-086876d5f631,4
e6e673f5-f0a7-4d34-a6aa-d2f12fed24ed,fdc445bd-f8fe-4cfc-b387-7fd66a181674,2
e70c3ee3-cca2-4521-abea-b124dcec0952,e85125f3-b7cf-426c-9355-412838893f55,3
e70c3ee3-cca2-4521-abea-b124dcec0952,ee32e8d2-aa15-4603-901e-2cc3c72e9ead,2
e70c3ee3-cca2-4521-abea-b124dcec0952,f31cabe4-e1f4-46db-88a9-b46ba44dded4,14
e70c3ee3-cca2-4521-abea-b124dcec0952,fa4d473c-e553-439e-8f53-ca5f2b203dbd,21
e70c3ee3-cca2-4521-abea-b124dcec0952,fb291eb2-962a-482f-971a-0b62673f9a86,1
e70c3ee3-cca2-4521-abea-b124dcec0952,fdc445bd-f8fe-4cfc-b387-7fd66a181674,1
e740c2a5-57ae-47ef-bcd2-fbfcca2affc1,efbd64bd-4263-433f-a3f2-67386477de49,2
e7f0d8e8-4c52-4d0a-8b94-28729046f45b,ee32e8d2-aa15-4603-901e-2cc3c72e9ead,1
e7f0d8e8-4c52-4d0a-8b94-28729046f45b,f0ff5ae5-e0e8-4a26-af3a-93c8b5947dc4,15
e7f0d8e8-4c52-4d0a-8b94-28729046f45b,f29c0ba8-4d4a-4cca-bb1b-229f68b4ae6a,32
e7f0d8e8-4c52-4d0a-8b94-28729046f45b,fa4d473c-e553-439e-8f53-ca5f2b203dbd,5
e7f0d8e8-4c52-4d0a-8b94-28729046f45b,fd45195f-c35d-47c9-844e-a5893e10839e,6
e7f0d8e8-4c52-4d0a-8b94-28729046f45b,fdc445bd-f8fe-4cfc-b387-7fd66a181674,1
e85125f3-b7cf-426c-9355-412838893f55,ee32e8d2-aa15-4603-901e-2cc3c72e9ead,20
e85125f3-b7cf-426c-9355-412838893f55,fb291eb2-962a-482f-971a-0b62673f9a86,1
ea21d788-7cfe-41ff-b22f-0664397139af,ec571f94-11b8-47d7-bb47-fd0d2d7c7f07,1
ea21d788-7cfe-41ff-b22f-0664397139af,fa4d473c-e553-439e-8f53-ca5f2b203dbd,3
ea21d788-7cfe-41ff-b22f-0664397139af,fdc445bd-f8fe-4cfc-b387-7fd66a181674,5
eb79af3c-a66d-4374-b9e7-34d7f3e92dc7,fb291eb2-962a-482f-971a-0b62673f9a86,1
ec273841-069f-408b-b434-8524904ae314,ec571f94-11b8-47d7-bb47-fd0d2d7c7f07,1
ec571f94-11b8-47d7-bb47-fd0d2d7c7f07,f31cabe4-e1f4-46db-88a9-b46ba44dded4,1
ec571f94-11b8-47d7-bb47-fd0d2d7c7f07,fa4d473c-e553-439e-8f53-ca5f2b203dbd,1
edb8800b-6f1b-4e13-be0a-5b88fbd13c82,ee32e8d2-aa15-4603-901e-2cc3c72e9ead,6
edb8800b-6f1b-4e13-be0a-5b88fbd13c82,eef0e09f-c709-4de5-8b44-086876d5f631,1
edefa48b-f14e-4ec3-ab3c-dfe2aa0126ec,ee32e8d2-aa15-4603-901e-2cc3c72e9ead,6
edefa48b-f14e-4ec3-ab3c-dfe2aa0126ec,fdc445bd-f8fe-4cfc-b387-7fd66a181674,1
ee32e8d2-aa15-4603-901e-2cc3c72e9ead,f067f702-8e06-491a-9498-462205d1aaec,1
ee32e8d2-aa15-4603-901e-2cc3c72e9ead,f23be4bd-7b2b-45dd-be84-4f76f11b624a,1
ee32e8d2-aa15-4603-901e-2cc3c72e9ead,f31cabe4-e1f4-46db-88a9-b46ba44dded4,4
ee32e8d2-aa15-4603-901e-2cc3c72e9ead,fa4d473c-e553-439e-8f53-ca5f2b203dbd,11
ee32e8d2-aa15-4603-901e-2cc3c72e9ead,face7642-1fd8-4ec1-a909-c2579b0bd8d2,1
eef0e09f-c709-4de5-8b44-086876d5f631,fdc445bd-f8fe-4cfc-b387-7fd66a181674,12
efd89dff-2cde-4afc-ab14-e4f9795d1407,fa4d473c-e553-439e-8f53-ca5f2b203dbd,1
f067f702-8e06-491a-9498-462205d1aaec,fa4d473c-e553-439e-8f53-ca5f2b203dbd,4
f23be4bd-7b2b-45dd-be84-4f76f11b624a,fa4d473c-e553-439e-8f53-ca5f2b203dbd,1
f29c0ba8-4d4a-4cca-bb1b-229f68b4ae6a,fa4d473c-e553-439e-8f53-ca5f2b203dbd,6
f29c0ba8-4d4a-4cca-bb1b-229f68b4ae6a,fdc445bd-f8fe-4cfc-b387-7fd66a181674,3
f31cabe4-e1f4-46db-88a9-b46ba44dded4,fa4d473c-e553-439e-8f53-ca5f2b203dbd,1
f31cabe4-e1f4-46db-88a9-b46ba44dded4,fb291eb2-962a-482f-971a-0b62673f9a86,6
f6e59e50-f22a-450c-8d4f-8a7072e50277,fd45195f-c35d-47c9-844e-a5893e10839e,2
fa4d473c-e553-439e-8f53-ca5f2b203dbd,face7642-1fd8-4ec1-a909-c2579b0bd8d2,19
fa4d473c-e553-439e-8f53-ca5f2b203dbd,fb291eb2-962a-482f-971a-0b62673f9a86,1
fa4d473c-e553-439e-8f53-ca5f2b203dbd,fd45195f-c35d-47c9-844e-a5893e10839e,4
fa4d473c-e553-439e-8f53-ca5f2b203dbd,fdc445bd-f8fe-4cfc-b387-7fd66a181674,45
fb291eb2-962a-482f-971a-0b62673f9a86,fdc445bd-f8fe-4cfc-b387-7fd66a181674,14
fcdd8eba-ce4c-40ad-b68e-4fe542abd6b3,ffb9d98c-95af-42f8-974f-a0eb99c90837,1
